slug,term,code,opus,sonnet,detector,tier,severity,explanation
12b-1,12b-1,NONAUTH,False,True,False,one model,1,"The definition rests entirely on an SEC regulation rather than authoritative GAAP, and provides no accounting-specific content beyond citing the regulation."
12b-1,12b-1,POINTER,True,True,False,both models,2,"The entry only identifies an external regulation. It does not say what 12b-1 fees are (distribution-related fees paid from fund assets), which is how the linked paragraphs use the term."
12b-1,12b-1,MALFORMED,True,False,False,one model,1,"Rule 12b-1 is in Title 17 of the Code of Federal Regulations (17 CFR 270.12b-1), not Chapter 17, so the citation is mislabeled."
401-h-accounts,401(h) account,NONAUTH,False,True,False,one model,1,"The definition references a tax code provision, which is nonauthoritative for GAAP purposes, though it is used only to identify the arrangement, not to supply accounting guidance."
absolute-priority-doctrine,absolute priority doctrine,UNDEF,True,False,False,one model,1,Cram-down is a technical bankruptcy term and no glossary entry defines it. It is only partially explained by its reference to the Bankruptcy Code.
absolute-priority-doctrine,absolute priority doctrine,MALFORMED,True,False,False,one model,1,The opening sentence describes the cram-down power rather than the absolute priority doctrine itself. The actual rule appears only in the third sentence.
accumulated-eligibility-credits,accumulated eligibility credits,MALFORMED,True,False,False,one model,1,"The sentence is garbled: participants accumulate credits to become eligible for benefits or coverage, not ""for the credits""."
accumulated-plan-benefits,accumulated plan benefits,CIRC,True,True,True,both models,2,"This entry depends on ""benefit information date"", which is defined by reference to the actuarial present value of accumulated plan benefits. That forms a real cycle. It is benign in practice because the date is simply the reporting date chosen for the plan."
acquiree,Acquiree,CIRC,True,False,False,one model,1,"Acquiree is defined through acquirer and business combination, and both of those are defined in turn through the acquiree or acquirer. The terms business and control break the loop, so the impact is minor."
acquirer,Acquirer,CIRC,True,False,False,one model,1,Acquirer and acquiree are each defined solely by reference to the other. Only the concept of control keeps the pair from being fully circular.
acquirer,Acquirer,PENDING,True,True,True,both models,2,The current and pending versions are shown together and they differ. The pending version drops the VIE primary-beneficiary sentence and adds a pointer to guidance on identifying the acquirer.
acquisition-by-a-not-for-profit-entity,Acquisition by a Not-for-Profit Entity,CIRC,False,True,True,one model,2,"This entry and 'business combination' define each other by cross-reference (each says it has the same meaning as the other in its respective context), forming a two-node cycle that requires reading both entries together to understand either."
acquisition-by-a-not-for-profit-entity,Acquisition by a Not-for-Profit Entity,MALFORMED,True,False,False,one model,1,"The mapping sentence is inverted. It should say that business combination means, for an NFP, what this term means, not the reverse. The CIRC flag is a false positive: the definition is contentful on its own and does not require the business combination entry to be understood."
acquisition-of-properties,Acquisition of Properties,POINTER,True,True,True,both models,2,"The entry defines nothing itself and only points to the SEC rule text. The target paragraph exists in the Codification, so the pointer can be followed."
activities,activities,INCONS,True,False,False,one model,2,"The generic term links to NFP fundraising guidance, where 'activities' has an unrelated meaning. The capitalization-specific definition does not fit that use, and the entry does not limit its scope."
activities,activities,MALFORMED,True,False,False,one model,2,"The entry is named 'activities', but what it actually defines is 'activities necessary to bring an asset to the condition and location necessary for its intended use', as 360-10-30-2 shows. As a result, 'the asset' has no antecedent."
actual-income-available-method,actual-income-available,MALFORMED,True,False,False,one model,1,"The entry name is an adjectival fragment. The definition defines 'A method', but the term omits the word 'method' that its key and the linked paragraph imply."
actual-return-on-plan-assets-component-of-net-periodic-pension-cost,Actual return on plan assets,HOMONYM,True,True,True,both models,3,Another entry has the same name but a different definition that includes expenses such as fund income taxes. This entry does not state where each definition applies.
actual-return-on-plan-assets-component-of-net-periodic-postretirement-benefit-cost,Actual return on plan assets,HOMONYM,True,True,True,both models,1,"Another glossary entry has the same name but different wording. Neither entry says which Topic it applies to (715-60 postretirement vs. 715-30 pension). The two are substantively consistent, so the defect is cosmetic."
actuarial-calculation,actuarial calculation,CIRC,False,True,True,one model,2,"The definition of actuarial calculation depends on 'net closed block liability,' which together with 'actuarial calculation date' forms a mutually referpotent group of terms in this Topic, per the detector's flagged cycle."
actuarial-calculation,actuarial calculation,INCONS,True,False,False,one model,2,The definition equates the actuarial calculation with the periodic expected changes in the net closed block liability. Paragraph 944-805-30-3 instead treats the calculation as a projection of cash flows from which those expected changes are derived.
actuarial-calculation-date,actuarial calculation date,CIRC,False,True,True,one model,2,"This entry's definition depends on 'actuarial calculation,' which in turn depends on 'net closed block liability,' forming a small mutually dependent cluster of terms as flagged by the detector."
actuarial-present-value-of-accumulated-plan-benefits,actuarial present value of accumulated plan benefits,CIRC,True,True,True,both models,2,"This entry is measured 'as of a benefit information date', and that date is defined only by reference back to this entry. Accumulated plan benefits also depends on the benefit information date. The cycle is genuine, but the paragraph references to 960-20-25 anchor the content, which limits the harm."
affiliate,Affiliate,HOMONYM,True,False,False,one model,1,"The cross-reference points to Control, a term with several glossary entries that have different definitions. The reader is not told which one applies."
agent,agent,SCOPECONF,True,False,False,one model,1,"The entry acknowledges that the word has a different (legal) meaning. It then extends the term with NFP-specific relationships, although it is linked from 12 subtopics. The entry does not delimit where the broad meaning applies."
agricultural-cooperative,Agricultural Cooperative,CIRC,True,True,True,both models,2,"The qualifying requirements depend on the notion of member. The glossary defines member of an agricultural cooperative as an owner-patron of an agricultural cooperative, so each term requires the other."
agricultural-cooperative,Agricultural Cooperative,NONAUTH,False,True,False,one model,3,"The definition is copied nearly verbatim from a federal statute (the Agricultural Marketing Act of 1929) rather than from authoritative GAAP, making the entry dependent on a non-GAAP legal source for its substantive content."
agricultural-cooperative,Agricultural Cooperative,MALFORMED,True,False,False,one model,1,"The entry defines 'cooperative association' by quoting a statute rather than defining the entry term. It also contains the fragment 'Provided, however, that...' and refers to 'the requirements in this paragraph', which is wording carried over from the statute."
air-carrier,air carrier,UNDEF,True,False,False,one model,1,"The definition depends on 'air transportation', which no glossary entry defines. Its meaning is left to the ordinary or statutory sense."
allowable-costs,allowable costs,MALFORMED,True,False,False,one model,1,"The phrase 'In that context' has no antecedent in the entry. It is a remnant of the source text's rate-regulation setting, which the entry never states, even though the definition only makes sense for rate-regulated entities."
allowed-claim,allowed claims,MALFORMED,False,True,False,one model,1,"Entry slug/key is singular ('allowed-claim') while the glossary term itself is plural ('allowed claims'), a minor naming inconsistency but does not affect the substance of the definition."
amenities,amenities,POINTER,False,True,False,one model,1,"The entry gives a substantive definition but appends a cross-reference to another term ('Promised Amenities'); this is a minor pointer addendum, not a defect in the core definition."
amenities,amenities,INCONS,True,False,False,one model,2,"The definition limits amenities to time-sharing intervals, but 340-970-25-9 uses the term for real estate projects generally ('in connection with the sale of individual units')."
amortization,Amortization,SCOPECONF,True,False,False,one model,1,"The entry itself gives the word a second meaning in the pension and postretirement context. It does say where that meaning applies, so the harm is limited."
annual-policyholder-dividends,Annual policyholder dividends,UNDEF,True,False,False,one model,1,'Divisible surplus' is an insurance technical term that no glossary entry defines.
annuity-trust,annuity trust,POINTER,True,True,True,both models,2,The entry defines nothing and only redirects the reader to another term.
annuity-trust,annuity trust,INCONS,True,False,False,one model,2,The Codification also uses 'annuity trust' for charitable lead trusts (958-30-05-9). A pointer only to Charitable Remainder Trust does not cover this use.
applicable-statutory-federal-income-tax-rate,applicable statutory Federal income tax rate,NONAUTH,False,True,False,one model,2,SEC Staff Accounting Bulletins are SEC staff guidance reproduced for SEC registrants and are not authoritative GAAP under Topic 105 for general applicability.
applicable-statutory-federal-income-tax-rate,applicable statutory Federal income tax rate,POINTER,True,True,True,both models,2,The entry gives no definition and only refers the reader to SEC staff material in an S99 paragraph.
asset-retirement-obligation,Asset Retirement Obligation,INCONS,True,False,False,one model,1,"Subtopic 410-20 applies the term only to legal obligations. The glossary wording omits the 'legal' qualifier, so it is broader than the term's use in the Codification."
associate,associate,POINTER,True,True,True,both models,2,The entry gives no definition and only refers the reader to an SEC rule paragraph. The detector's DANGLING flag appears to be a false positive: the target paragraph (the text of Rule 9-03) is linked and exists.
associate,associate,DANGLING,False,True,True,one model,2,"The paragraph cited as the source of the definition (942-210-S99-1) does not match the paragraph number shown in the linked-from evidence (210-942-S99-1), suggesting the pointer target as written may not correspond to an existing paragraph."
assumed-per-capita-claims-cost-by-age,assumed net incurred claims cost,INCONS,True,False,False,one model,2,715-60-35-92 uses 'assumed net incurred claims cost' for an amount derived after adjustments. That conflicts with the gross per capita definition supplied under this name.
assumed-per-capita-claims-cost-by-age,assumed net incurred claims cost,MALFORMED,True,True,False,both models,3,"The entry name does not match what is defined. The text defines assumed per capita claims cost (by age), not assumed net incurred claims cost, which is a different, net amount used in 715-60-35-92."
assuming-entity,assuming entity,CIRC,False,True,True,one model,1,"Assuming entity and ceding entity are reciprocal roles that reference each other, but each is independently understandable; this is a natural correlative pair rather than a problematic circularity."
attribution-period,attribution period,CIRC,False,True,True,one model,1,"The entry cross-references Credited Service Period, but the cited definition does not reference back to attribution period, so this is not a genuine circularity, only a flagged mutual link."
available-for-sale-securities,Available-for-Sale Securities,STALE,True,False,False,one model,2,"The wording keeps the pre-ASU 2016-01 scope, in which equity securities with readily determinable fair values could be classified as available for sale. That scope has been superseded."
available-for-sale-securities,Available-for-Sale Securities,INCONS,True,False,False,one model,2,"Topic 320 now applies the available-for-sale category only to debt securities (""an entity shall classify debt securities into one of the following three categories""). Equity securities can no longer be classified as available for sale. The residual definition ""Investments"" is therefore broader than how the Codification uses the term."
baby-bonds,baby bonds,CIRC,False,True,True,one model,1,"Payment-in-Kind Bonds' definition mentions 'baby bonds' as an alternate name, creating a mutual reference, though the underlying concept is fully defined in the target entry."
baby-bonds,baby bonds,POINTER,True,True,True,both models,2,"The entry defines nothing itself and only redirects the reader. The target entry exists and explains that the additional debt securities are called baby bonds, so the redirect works. The mutual reference is not a true circularity, because payment-in-kind bonds can be understood without the baby bonds entry."
backplant,backplant,SELF,False,True,False,one model,1,"The definition of 'backplant' uses 'title plant' twice in a way that is somewhat circular, defining a title plant in terms of another title plant without further content."
backplant,backplant,UNDEF,False,True,False,one model,2,"The definition relies on the term 'title plant,' which is not itself defined in the glossary, leaving the meaning of 'backplant' underspecified."
balance-sheets,Balance sheets,NONAUTH,False,True,False,one model,2,"Regulation S-X is an SEC rule, not authoritative U.S. GAAP under the FASB Codification's own hierarchy for non-SEC registrants."
balance-sheets,Balance sheets,POINTER,True,True,True,both models,2,"The entry defines nothing itself. It only points to the SEC Regulation S-X text reproduced in the Codification. The target paragraph exists and is linked, so the reader can resolve it."
bargaining-cooperative,bargaining cooperatives,UNDEF,False,True,False,one model,1,"The definition depends on the term 'service cooperative,' which is not defined elsewhere in the glossary."
benefit,benefits,POINTER,True,True,True,both models,2,The entry defines nothing and only refers the reader to another term.
benefit,benefits,DANGLING,False,True,True,one model,3,"No glossary entry named 'Tax (or Benefit)' is confirmed to exist in the provided data, so the pointer may lead nowhere."
benefit,benefits,HOMONYM,True,True,True,both models,2,This entry shares the name 'benefits' with the plan-benefits entry but carries an unrelated tax meaning. It gives no indication of where each meaning applies.
benefit,benefits,INCONS,True,False,False,one model,2,The entry is linked from a pension plan example where 'benefits' means plan benefits. The tax-benefit meaning it points to conflicts with that use.
benefit-formula,benefit formula,POINTER,True,True,True,both models,2,"This is a pointer-only entry. The target term Pension Benefit Formula exists in the Master Glossary, so the detector's DANGLING flag appears to be a false positive, and the pointer resolves."
benefit-formula,benefit formula,DANGLING,False,True,True,one model,3,"The referenced term 'Pension Benefit Formula' does not appear to exist as a separate glossary entry, making the pointer unresolvable."
benefit-information-date,benefit information date,CIRC,True,True,True,both models,2,"The benefit information date is defined through the actuarial present value of accumulated plan benefits. That term is 'the amount as of a benefit information date', and accumulated plan benefits are those attributable to 'service rendered to the benefit information date'. Understanding each entry requires the others, so this is a genuine cycle."
benefit-security,Benefit security,NONAUTH,False,True,False,one model,2,"The source paragraph explicitly states this term is not part of the authoritative standards text, meaning the glossary definition rests on non-codified, non-authoritative usage."
benefits,Benefits,HOMONYM,True,True,True,both models,2,"A second entry with the same name, 'benefits', points to the income tax meaning. Neither entry states where each meaning applies, and this entry is linked from 12 subtopics."
benefits-of-servicing,benefits of servicing,INCONS,True,False,False,one model,2,Paragraph 860-50-05-4 lists 'A portion of the interest from the financial assets' among the benefits of servicing. The glossary definition omits it.
board-designated-endowment-fund,Board-Designated Endowment Fund,CIRC,False,True,True,one model,2,"The definition depends on 'endowment fund' and 'funds functioning as endowment', which in turn reference 'board-designated endowment fund' and 'donor-restricted endowment fund', forming a genuine mutual-dependency cycle where each term's meaning relies on the others."
board-designated-endowment-fund,Board-Designated Endowment Fund,INCONS,True,False,False,one model,2,"The entry treats 'funds functioning as endowment' as a synonym. That entry is limited to net assets without donor restrictions. This entry then says a board-designated endowment fund can include net assets with donor restrictions, so the two supposedly synonymous entries conflict. The CIRC flag is a false positive: 'See Endowment Fund' is a cross-reference, and the definition can be understood without its cycle partners."
box-spread,box spreads,MALFORMED,True,False,False,one model,1,"The sentence is garbled: the verb governing 'the long calls and short puts' is missing. The first sentence also lists exercise price among the identical features, which the last sentence then contradicts. The meaning is still recoverable."
broker-assisted-cashless-exercise,Broker-Assisted Cashless Exercise,STALE,True,False,False,one model,1,"The description of the typical process is dated. Topic 718, as amended by ASU 2016-09, permits withholding up to the maximum statutory rate rather than the minimum. Settlement is no longer generally three days later, and stock certificates are rarely delivered. This is illustrative text only, so the core definition still works."
business,Business,POINTER,True,True,True,both models,3,"The entry gives no definition and only points to Topic 805 paragraphs. Those target paragraphs exist and are authoritative, so this is not a dangling pointer."
calculated-value,calculated value,UNDEF,False,True,False,one model,1,"The term 'option-pricing model' is used without a glossary definition, though it is a well-understood technical term in practice."
call-option,call option,POINTER,False,True,False,one model,1,"The entry provides a substantive definition but also appends a pointer to related terms, which is supplementary rather than pointer-only."
capitalization-rate,capitalization rate,SELF,False,True,False,one model,1,"The definition uses a form of 'capitalize' to define 'capitalization rate,' a mild circularity but still conveys meaningful content."
captive-insurer,captive insurer,UNDEF,True,False,False,one model,1,"'Related entities' is not a glossary term; the glossary defines 'related parties', which is the wording used in 715-60-35-110 ('the employer and related parties')."
career-average-pay-formula,career-average-pay,MALFORMED,False,True,False,one model,1,"The entry slug includes '-formula' while the glossary term itself is listed as 'career-average-pay,' creating a minor mismatch between key and term name."
carrying-amount,carrying amount,STALE,True,False,False,one model,1,"The wording predates the current credit loss guidance (allowance for credit losses, amortized cost basis). The linked paragraph 310-20-40-3 itself uses 'amortized cost basis'."
carrying-amount,carrying amount,INCONS,True,False,False,one model,2,"The definition covers only receivables and payables, but the Codification uses the term for nonfinancial assets such as real estate investments and long-lived assets. The definition gives no meaning for those uses."
cash-consideration,Cash Consideration,INCONS,False,True,False,one model,1,"The entry mixes a definition of cash consideration with an unrelated discussion of share-based payment awards, muddying the core definition without changing its substance."
cash-flows-expected-at-acquisition,Cash Flows Expected at Acquisition,POINTER,False,True,False,one model,1,"A long list of paragraph citations is appended after the substantive definition; while not purely a pointer entry, the citation list adds clutter without content."
cash-surrender-value,cash surrender value,INCONS,False,True,False,one model,1,"The entry itself admits inconsistent usage of the term across contracts, which weakens its authority as a fixed definition, though it directs readers to economic substance."
cashless-exercise,cashless exercise,POINTER,True,True,True,both models,2,"The entry defines nothing itself and only redirects to another glossary term. The target term exists and is illustrated in 815-10-55-90, so the pointer resolves."
causes,causes,SELF,True,False,False,one model,1,"The definition opens by repeating the term itself. The rest of the sentence (conditions, needs, concerns addressed by NFP programs) supplies the content, so the tautology is only cosmetic."
ceding-entity,ceding entity,CIRC,False,True,True,one model,2,"This entry and 'assuming entity' define each other reciprocally, forming a two-term cycle where each definition depends on understanding the other."
certificates,certificates,INCONS,False,True,False,one model,1,"The entry acknowledges that the term's meaning varies among legal documents, which is a caveat rather than a fatal flaw but slightly undermines definitional precision."
charitable-gift-annuity,Charitable gift annuities,MALFORMED,True,False,False,one model,1,"The entry name is plural, while the definition describes a single arrangement (""A transfer of assets..."") and the slug is singular. This is a cosmetic mismatch only."
claims-stabilization-reserve,claims stabilization reserve,SCOPECONF,False,True,False,one model,2,"The entry itself acknowledges that the term's meaning varies across contracts and instructs readers to judge applicability by economic substance, indicating the definition cannot be applied uniformly as written."
claims-stabilization-reserve,claims stabilization reserve,MALFORMED,True,False,False,one model,1,The sentence is garbled and redundant. It compares a policy without a reserve to a policy without a reserve. The intended comparison is presumably with a policy that has a reserve.
combination-award,combination award,INCONS,False,True,False,one model,1,"The linked paragraph describes the award as one whose components 'can be exercised' collectively, while the glossary definition specifies each component 'can be separately exercised'; the phrasing differs slightly though not substantively."
common-stock,common stock,INCONS,False,True,False,one model,1,"This is a highly simplified characterization; the Codification's usage of 'common stock' encompasses more nuance (e.g., voting rights, residual claims) than mere subordination, though it is not contradicted outright."
compensation,compensation,INCONS,False,True,False,one model,1,"This narrow definition may not capture all forms of compensation recognized elsewhere in GAAP (e.g., stock-based compensation), though it is not directly contradicted."
compensation-plan,compensation plan,HOMONYM,False,True,False,one model,2,"This entry defines 'compensation plan' only in the narrow context of investment company distribution fees under Rule 12b-1, yet the term 'compensation plan' is used elsewhere in the Codification (e.g., Topic 718 stock compensation) with an entirely different meaning, and the entry does not indicate this scope limitation."
compensation-plan,compensation plan,INCONS,True,False,False,one model,2,"The Master Glossary gives the generic phrase 'compensation plan' a meaning that applies only to investment company distribution plans (Topic 946). It does not say it is limited to that Topic. Elsewhere in the Codification, for example in share-based and deferred compensation guidance, 'compensation plan' refers to employee compensation arrangements."
compliance-environmental-credit,Compliance Environmental Credit,PENDING,False,True,True,one model,1,"The entry concatenates current and pending transition dates for the same definition; while the substantive definition is unchanged, the juxtaposed dates could confuse a reader unfamiliar with the transition guidance format."
comprehensive-income,Comprehensive Income,CIRC,True,True,True,both models,2,"This entry sits in a dependency cycle with net income and other comprehensive income. Other comprehensive income is defined by reference to comprehensive income and net income, and net income is defined by reference to other comprehensive income. Comprehensive income itself is independently defined as the change in equity from nonowner sources, so it can be applied without resolving the cycle. The circularity impairs the partner entries more than this one."
condensed-statements,Condensed Statements,PENDING,False,True,True,one model,1,"The entry concatenates a current and pending transition date variant, but the substantive definition text is identical in both versions, so it does not confuse the reader about meaning."
confirmed-plan,confirmed plan,STALE,True,False,False,one model,1,"Section 1129(a) was amended and now lists more than 11 requirements, so the count is outdated."
confirmed-plan,confirmed plan,MALFORMED,True,False,False,one model,2,"The entry is named for a plan, but the text defines the act of confirmation. The term 'confirmed plan' is never defined as the plan itself."
consideration-in-the-contract,Consideration in the Contract,POINTER,True,True,True,both models,2,"The entry defines nothing itself and only points to the lessee and lessor paragraphs. The targets appear to exist and are authoritative, so the impact is minor."
consolidated-affiliate,Consolidated Affiliate of the Transferor,MALFORMED,True,False,False,one model,2,"The entry is named 'Consolidated Affiliate of the Transferor', but the definition never mentions the transferor. Read literally, it covers any entity in the statements presented, including the reporting entity itself."
contingent-stock-agreement,contingent stock agreement,CIRC,False,True,True,one model,2,"This entry and 'contingently issuable shares' define each other by mutual cross-reference, forming a two-node cycle; understanding either term fully requires the other, though each also contains some independent content."
contingently-issuable-shares,contingently issuable shares,CIRC,False,True,True,one model,2,This entry and 'contingent stock agreement' reference each other circularly; each definition depends on the other for full meaning.
contract-period,Contract Period,CIRC,False,True,True,one model,1,"The glossary entry for 'coverage period' merely points back to Contract Period, creating a trivial two-node cycle. Contract Period's own definition is self-contained and mentions 'coverage period' only as a synonym, so understanding it does not require the other entry; this is a benign pointer pair rather than a substantive circularity."
contractually-specified-component,contractually specified component,STALE,False,True,True,one model,3,"The entry itself states it has been superseded by a subsequent ASU, meaning the definition as written is no longer authoritative current GAAP without consulting the superseding standard."
contractually-specified-component,contractually specified component,PENDING,True,True,True,both models,2,"The entry shows the current definition and a pending supersession note together. The two versions differ: the current one defines the term, and the pending one removes it. The entry does not say clearly which applies to whom or when, so the reader must work it out from transition paragraph 815-20-65-7."
contributions-receivable,Contributions Receivable,INCONS,True,False,False,one model,2,"The definition only covers employee benefit plans, but the entry is also linked from not-for-profit guidance (205-958-55-7), where contributions receivable are donors' unconditional promises to give. The entry does not say it applies only to plans."
control-of-a-not-for-profit-entity,Control of a Not-for-Profit Entity,POINTER,True,True,True,both models,2,"The entry defines nothing and only refers the reader to 'Control'. Control is a word with several meanings across GAAP, and the pointer does not say which meaning applies to not-for-profit entities."
controlled-amortization-method,controlled amortization method,UNDEF,True,False,False,one model,1,"The fixed, preset and floating liquidation methods are named, but the definition supplies no definitions for them."
conversion-rate,conversion rate,CIRC,True,True,True,both models,2,This entry and 'convertible security' define each other. The cycle is mild because the ratio concept can still be understood from the example given.
convertible-security,convertible security,CIRC,True,True,True,both models,2,This entry forms a mutual-definition cycle with 'conversion rate'.
convertible-security,convertible security,SELF,True,False,False,one model,2,"The definition largely restates the term. Its only added content is a reference to 'conversion rate', which in turn is defined in terms of convertible security."
cooperative-housing-corporation,Cooperatives,MALFORMED,True,True,False,both models,2,"The entry name 'Cooperatives' does not match the term actually defined, which is 'cooperative housing corporation' (also the entry key)."
corporate-joint-venture,Corporate Joint Venture,CIRC,False,True,True,one model,1,"The detector flags a cycle with 'joint venture,' but the corporate joint venture definition is largely self-contained and only loosely overlaps via the term 'joint venturers,' making the circularity minor and not essential to understanding the term."
cost-recovery-method,cost recovery method,STALE,True,False,False,one model,1,"The only linking paragraph sits in a Topic 605 subtopic, which is legacy revenue guidance that has been largely superseded or relocated."
cost-recovery-method,cost recovery method,INCONS,True,False,False,one model,2,"The entry gives only an insurance-premium meaning and does not say where it applies. Elsewhere in the Codification (for example, receivables and real estate guidance), 'cost recovery method' means recognizing no income until the cost is recovered. The generic term therefore conflicts with its other uses."
cost-type-contracts,cost-type (including cost-plus) contract,DANGLING,False,True,False,one model,2,"The definition points to several named contract variants that do not appear to exist as separate Master Glossary entries, leaving the pointers unresolved."
cost-type-contracts,cost-type (including cost-plus) contract,STALE,True,False,False,one model,2,"The entry originates from Subtopic 605-35, which was superseded by ASU 2014-09. The 'see also' variant contract types come from the same legacy guidance."
costs-incurred-to-sell-real-estate-projects,Costs incurred to sell real estate projects,STALE,False,True,False,one model,2,"The paragraph from which this entry is linked has been superseded by ASU 2014-09, indicating the definition may rest on outdated guidance that has since been replaced by ASC 606."
coverage-period,coverage period,POINTER,True,True,True,both models,2,"The entry defines nothing itself and only redirects to its synonym. The target does define the term and names 'coverage period' as an alternative name, so this is a harmless redirect rather than a true cycle; the detector's CIRC flag is a false positive."
cram-down-provisions,cram-down provisions,INCONS,True,False,False,one model,2,"The first sentence describes the ordinary acceptance requirement, not cram-down. Cram-down is the exception described only in the following 'However' sentence, so the lead definition states the opposite of the term."
credit-quality-indicator,Credit Quality Indicator,INCONS,True,False,False,one model,1,"The implementation guidance at 326-20-55-15 lists 'Collateral' as a credit quality indicator. Collateral is not a statistic, so the definition is narrower than the Codification's own usage."
credit-risk,Credit Risk,UNDEF,True,False,False,one model,1,'Credit sector' is a technical term that no glossary entry defines.
credit-risk,Credit Risk,INCONS,True,False,False,one model,2,"The definition applies only to hedged items and hedged transactions. It is linked from non-hedging paragraphs, such as 815-10-05-9 on guaranteed investment contracts and 815-10-15-117 on assignment clauses, where the term has its general meaning of counterparty default risk. The definition as written does not fit those uses."
credited-service-period,credited service period,CIRC,False,True,True,one model,1,"The entry cross-references Attribution Period, whose own definition likewise references credited service period concepts, forming a mild mutual dependency; however, each entry is independently understandable, so this is a minor circularity rather than a substantive one."
current-cost-constant-purchasing-power-accounting,current cost-constant purchasing power,MALFORMED,True,False,False,one model,1,The entry name lacks 'accounting' although the entry defines 'a method of accounting' and the key includes 'accounting'. The name does not exactly match what is defined.
curtailment,curtailment,POINTER,True,True,True,both models,2,"The entry defines nothing and only refers the reader to the Plan Curtailment entry. That entry exists (slug plan-curtailment) and holds the substantive definition, so the pointer resolves. The DANGLING flag is a false positive, and the HOMONYM flag reflects a redirect rather than a conflicting definition."
curtailment,curtailment,DANGLING,False,True,True,one model,2,"The pointer target 'Plan Curtailment' does not exist as a glossary term; the actual defining entry is titled 'curtailment' (slug plan-curtailment), so the pointer resolves to a nonexistent name."
curtailment,curtailment,HOMONYM,False,True,True,one model,2,Two entries share the name 'curtailment' with different content and no disambiguating scope note.
date-of-demutualization,date of demutualization,UNDEF,True,False,False,one model,1,"The entry relies on 'plan of reorganization' in the demutualization sense, which no glossary entry defines. The glossary's reorganization terminology is bankruptcy-oriented (Topic 852). The meaning is clear from the Subtopic 805-944 context, so the harm is minor."
day-one-bonus,day-one bonuses,POINTER,True,True,True,both models,2,"This is a pointer-only entry that refers to the Immediate Bonus definition. The target is an existing glossary term, so the pointer resolves."
debt-equity-swap,Debt-equity swap,INCONS,True,False,False,one model,2,"The definition gives only a generic class and nothing that sets it apart. It would cover any exchange of a monetary asset for a nonmonetary one. Subtopic 310-942 uses the term for the specific conversion of U.S.-dollar-denominated debt of financially troubled countries into equity or local-currency investments, so the definition is much broader than the Codification's use."
deductible-temporary-difference,deductible temporary difference,CIRC,True,True,True,both models,2,"The entry is part of a dependency cycle: temporary difference -> tax position -> deferred income tax assets -> deferred tax asset -> deductible temporary differences. The link back runs only through the incidental measurement reference in tax position, so understanding this entry does not actually require it."
deductible-temporary-difference,deductible temporary difference,POINTER,False,True,False,one model,1,"The entry appends a bare cross-reference rather than integrating the needed content, pushing the reader to another entry that is itself part of the same circular cluster."
deferred-acquisition-costs-tax,deferred acquisition costs tax,INCONS,False,True,False,one model,1,"The entry itself warns that the term's use in practice diverges from the definition given, which is a mild inconsistency-with-use caveat rather than a fatal defect."
deferred-tax-asset,deferred tax asset,CIRC,True,True,True,both models,2,"This entry relies on deferred tax consequences and deductible temporary difference. Both of those lead through temporary difference and tax position, and tax position refers back to deferred income tax assets. The cycle is formal and weak, and each term can still be understood."
deferred-tax-consequences,deferred tax consequences,CIRC,True,True,True,both models,2,"The entry sits in the income-tax strongly connected component through temporary difference, tax position and deferred tax asset. The circular link comes only from an incidental reference in tax position, and the definition remains applicable."
deferred-tax-expense-or-benefit,Deferred Tax Expense (or Benefit),STALE,True,False,False,one model,1,'Purchase business combination' is pre-Codification purchase-method terminology. Topic 805 now uses the acquisition method and simply says 'business combination'.
deferred-tax-expense-or-benefit,Deferred Tax Expense (or Benefit),MALFORMED,True,False,False,one model,1,"The last sentence describes intraperiod tax allocation of total income tax expense. It does not define deferred tax expense, so it reads as misplaced text within the entry."
defined-benefit-plan,Defined Benefit Plan,SCOPECONF,True,False,False,one model,1,"The entry bundles several distinct subdefinitions (health and welfare, pension, postretirement), each with its own scope. The residual 'not defined contribution' tests apply only within particular Subtopics, and the health and welfare variant states no scope at all."
defined-contribution-plan,Defined Contribution Plan,HOMONYM,True,False,False,one model,1,"Three variant definitions are concatenated with slightly different benefit determinants: the general definition, the health and welfare variant ('expenses') and the postretirement variant ('solely'). The entry does not state the Topic or Subtopic in which each variant applies."
delayed-equity-investment,Delayed Equity Investment,STALE,True,False,False,one model,1,"'Lease inception' is Topic 840 terminology. The definition survives only for grandfathered leveraged leases under Topic 842, which uses 'inception date of the lease' and 'commencement date'."
demutualization,demutualizations,MALFORMED,False,True,False,one model,1,"The entry key/name 'demutualization' is singular while the glossary term header is plural 'demutualizations'; a minor naming mismatch, not affecting substance."
deposit-method,deposit method,UNDEF,True,False,False,one model,1,'Ultimate premium' is a technical insurance term that has no glossary definition. Its meaning is inferable only from context in Topic 944.
derivative-instrument,derivative instruments,POINTER,True,True,True,both models,2,"The entry contains no definitional content. It points to 57 paragraphs of Subtopic 815-10, so a reader must work through a long span of guidance to extract the definition. The detector's DANGLING flag is not supported: the referenced range is the current definition section of 815-10-15."
derivative-instrument,derivative instruments,DANGLING,False,True,True,one model,1,"Some of the cited paragraph numbers in this long run (e.g., higher-numbered ones) may not correspond to current, non-superseded text in 815-10-15; without confirmation this is a potential dangling pointer, though not certain from the snapshot alone."
developed-oil-and-gas-reserves,Developed Oil and Gas Reserves,POINTER,True,True,True,both models,2,"The entry defines nothing itself and only refers to the SEC rule text reproduced in the Codification. The target paragraph exists, so the reader can still resolve the term."
development-costs,Development Costs,POINTER,True,True,True,both models,2,"This is a pointer-only entry that refers to the Regulation S-X text in the S99 paragraph. The target exists, so the defect is only minor."
dilution,dilution,UNDEF,False,True,False,one model,1,"EPS is used as an undefined abbreviation, though it is a widely understood term (earnings per share) elsewhere defined by related entries, so this is minor."
direct-financing-lease,Direct Financing Lease,CIRC,True,True,True,both models,2,"The lessor-side definitions form a loop: operating lease is defined as any lease other than a sales-type or direct financing lease, while direct financing lease is defined partly as not being an operating lease. The loop can only be broken by reading paragraph 842-10-25-3A."
direct-financing-lease,Direct Financing Lease,HOMONYM,True,True,True,both models,2,"A second entry with the same name exists. It only states that it is superseded, which mostly signals which entry applies, so the confusion is minor."
direct-financing-leases,direct financing lease,CIRC,False,True,True,one model,1,"Even though superseded, the entry's cycle partners (operating lease, sales-type lease) still reference it, indicating a residual circular dependency in the glossary graph."
direct-financing-leases,direct financing lease,HOMONYM,True,True,True,both models,2,"This entry shares its name with the current Direct Financing Lease entry, which carries a different definition."
direct-financing-leases,direct financing lease,STALE,True,True,True,both models,3,"The entry contains only a supersession notice and gives no definition. Yet current Topic 842 paragraphs (842-10-15-3C, 842-10-25-15) link to it rather than to the current entry."
discount,discount,POINTER,False,True,False,one model,1,"A supplementary cross-reference appended to a substantive definition; not pointer-only since the entry itself defines discount, so this is a minor stylistic note rather than a true POINTER defect."
discount-rate,Discount Rate,CIRC,True,True,True,both models,2,"Discount rate refers to present value, which is defined using a discount rate. The first sentence ('rate or rates used to reflect the time value of money') stands on its own, so the cycle is weak."
discount-rate-adjustment-technique,discount rate adjustment technique,CIRC,True,True,True,both models,2,"This entry depends on present value and discount rate, which refer to each other. The entry is still usable because both partners can be understood independently."
discount-rate-for-the-lease,Discount Rate for the Lease,INCONS,True,False,False,one model,2,Topic 842 lets lessees that are not public business entities elect a risk-free rate (842-20-30-3). The definition's mandatory wording conflicts with that election.
disposal,disposal,INCONS,True,False,False,one model,2,"The entry defines only the environmental-statute meaning. The Codification uses 'disposal' generically, for example disposal of long-lived assets and 'environmentally sound disposal' in 410-20-55-23, and the entry does not limit its scope."
disposal,disposal,MALFORMED,True,False,False,one model,1,The closing sentence is a fragment that leaves the CERCLA meaning implied rather than stated.
distributor,distributor,NONAUTH,False,True,False,one model,2,"The definition relies on an external federal statute (Investment Company Act of 1940) rather than authoritative GAAP for the meaning of 'underwriter', which is a nonauthoritative dependence relative to the Codification."
dividend-fund-interest-rate,dividend fund interest rate,UNDEF,True,False,False,one model,1,"No glossary entry defines 'dividend fund', yet the definition relies on it."
dividends,dividends,SELF,True,False,False,one model,1,The term is defined by restating itself. The entry adds content only by listing the forms of payment and excluding stock dividends and splits. The underlying concept of a dividend is not defined.
donor-restricted-endowment-fund,Donor-Restricted Endowment Fund,CIRC,True,True,True,both models,2,"This entry is part of a reference cycle with endowment fund and board-designated endowment fund. The Endowment Fund definition is substantively self-contained, so the cycle does not block understanding."
economic-interest,Economic Interest,DANGLING,False,True,True,one model,2,The entry points to paragraph 958-810-55-6 for examples; this paragraph is not confirmed to exist in the current authoritative text and the detector flagged it as a dangling pointer.
economic-interest-in-an-entity,economic interest in the entity,MALFORMED,False,True,False,one model,1,The entry key uses 'an entity' while the term name uses 'the entity'; a minor naming inconsistency but not substantively confusing.
effective-interest-rate,Effective Interest Rate,INCONS,True,False,False,one model,2,"The definition is limited to financial assets held, yet it is linked from Topic 230 cash flow paragraphs (financing and operating outflows) that apply the effective interest rate to the issuer's own debt. The asset-only wording does not fit that use."
effective-notional-amount,effective notional amount,UNDEF,True,False,False,one model,1,'Leverage factor' and 'stated notional amount' are not defined in the glossary. Their meaning is reasonably clear from context in Topic 815.
electronic-ticket,electronic tickets,MALFORMED,True,True,False,both models,1,"The noun 'ticket' is missing from the opening phrase ('An electronic ticket (or e-ticket)'). This is a wording defect in the text itself, not a missing space. The meaning remains clear."
embedded-credit-derivative,Embedded Credit Derivative,UNDEF,False,True,False,one model,2,"The definition relies on the term 'credit derivative,' which is not itself defined in the Master Glossary among the provided entries, leaving a key concept unexplained."
employee,employee,HOMONYM,True,False,False,one model,2,"The Master Glossary has other entries named 'employee', including the Topic 718 common-law control definition. This entry gives no indication of which subtopics it governs, yet it is linked from 9 subtopics."
employee,employee,UNDEF,True,False,False,one model,1,"The definition turns entirely on 'service', which it does not qualify (for example, service to whom). The definition is therefore very thin."
employee-compensation,Employee Compensation,PENDING,False,True,True,one model,1,"Both transition markers show the same date and the definition text that follows is a single coherent version, so there is no actual conflicting current/pending content despite the marker."
employee-stock-ownership-plan,Employee Stock Ownership Plan,NONAUTH,False,True,False,one model,2,"The definition anchors the meaning of the term to federal statutes (ERISA, IRC) rather than to authoritative GAAP sources, making the definition dependent on nonauthoritative (non-Codification) law."
endowment-contract,Endowment contracts,MALFORMED,True,False,False,one model,1,"The entry name is plural, but the definition defines a single contract ('An insurance contract')."
endowment-fund,Endowment Fund,CIRC,False,True,True,one model,2,"Endowment Fund, Donor-Restricted Endowment Fund, Board-Designated Endowment Fund, and Funds Functioning as Endowment all define each other in a closed loop, so full understanding of any one requires the others, forming a strongly connected cycle."
enhanced-12b-1-plan,enhanced 12b-1 plan,UNDEF,False,True,False,one model,2,"The definition depends on the term 'reimbursement 12b-1 plan,' which is not itself defined among the supplied glossary entries, leaving a technical term unexplained."
environmental-credit,Environmental Credit,CIRC,True,True,True,both models,2,"One fallback criterion relies on 'environmental credit obligation', which is itself defined as an obligation 'that may be settled with environmental credits'. The loop is confined to items that are no longer transferable, so the core definition can still be applied."
environmental-credit-obligation,Environmental Credit Obligation,CIRC,True,True,True,both models,2,"The definition depends on 'environmental credit', and that entry points back to this one in its non-transferability criterion. The cycle is limited and can be resolved through the credit entry's other criteria. The DANGLING flag is a false positive because Subtopic 410-30 exists."
equity-kicker,equity kicker,POINTER,True,True,True,both models,2,"This is a synonym pointer that defines nothing itself. The target entry has content and names equity kicker as an alternative label, so the mutual mention is not a real circularity."
equity-shares,equity shares,SELF,False,True,False,one model,2,"The definition uses the word 'equity' to define 'equity shares' without adding substantive content beyond the term itself, making it tautological."
executive-officers,executive officers,POINTER,True,True,True,both models,2,"The entry gives no definition of its own and only refers to the SEC material. The target paragraph exists: it appears among the linking paragraphs as 942-210-S99-1. The DANGLING flag is therefore a false positive, and the pointer is usable."
exercise-price,exercise price,INCONS,True,False,False,one model,2,"The definition limits exercise price to the amount paid for a share of common stock. Paragraph 260-10-55-6, which links to this entry, applies the term to options and warrants that purchase convertible securities, not common stock."
expected-losses,expected losses,CIRC,True,True,True,both models,2,"Expected losses are measured excluding variable interests, while variable interests are defined as interests that absorb expected losses or receive expected residual returns. Each definition needs the other to be understood, so this is a genuine cycle. Implementation guidance in Subtopic 810-10 is needed to break it."
expected-losses-and-expected-residual-returns,Expected Losses and Expected Residual Returns,NONAUTH,True,True,True,both models,2,"The current version grounds the measure in a Concepts Statement, which is nonauthoritative under Topic 105. The glossary term Expected Cash Flow partly mitigates this."
expected-losses-and-expected-residual-returns,Expected Losses and Expected Residual Returns,PENDING,True,True,True,both models,2,The current and pending versions are concatenated and differ. The pending version drops the Concepts Statement reference and adds references to illustrations in 810-10-55-42 through 55-49.
expected-residual-profit,expected residual profit,CIRC,False,True,True,one model,1,"The detector flags a cycle with 'equity kicker,' but that entry is merely a pointer synonym example within this definition, not a mutual dependency required to understand expected residual profit; this is a likely false positive rather than genuine circularity."
expected-residual-returns,expected residual returns,CIRC,True,True,True,both models,2,"This definition excludes variable interests, which are themselves defined by reference to expected residual returns and expected losses. That makes a genuine mutual dependency."
expected-return-on-plan-assets,Expected Return on Plan Assets,CIRC,False,True,True,one model,2,"This entry and market-related-value-of-plan-assets define each other (expected return depends on market-related value, and market-related value entry is described as 'used to calculate the expected return on plan assets'), creating a genuine circular dependency."
exploration-costs,exploration costs,POINTER,True,True,True,both models,2,"The entry defines nothing itself. It only refers to the SEC rule text reproduced in the Codification. The target exists, so the entry is still usable."
extended-warranty,extended warranty,STALE,True,False,False,one model,1,"The term is used in Subtopic 605-20, which ASU 2014-09 largely superseded. The definition itself is intact, but its remaining use sits in legacy revenue guidance."
face-amount,face amount,POINTER,True,True,True,both models,2,"The entry is a synonym pointer only. The target entry exists and defines the concept, and it mentions 'face amount' merely as an alternative name. Understanding it does not require this entry, so the flagged cycle is not a genuine CIRC."
fair-value,Fair Value,CIRC,False,True,True,one model,2,"Fair value is defined in terms of market participants, and market participants is defined in terms of the market for the asset or liability being measured at fair value, creating a mutually dependent pair of definitions."
fed-funds-effective-rate-overnight-index-swap-rate,Fed Funds Effective Rate Overnight Index Swap Rate,HOMONYM,True,True,True,both models,2,"A second entry displayed under the same name has a nearly identical definition, differing only by the parenthetical. This current entry does not itself say that the other entry is the superseded version. The other entry is marked as superseded, so the practical risk of confusion is low."
fed-funds-effective-swap-rate-or-overnight-index-swap-rate,Fed Funds Effective Rate Overnight Index Swap Rate,HOMONYM,True,True,True,both models,2,This entry is displayed under the same name as the current entry and gives a slightly different definition. It indicates only through the transition text which one applies.
fed-funds-effective-swap-rate-or-overnight-index-swap-rate,Fed Funds Effective Rate Overnight Index Swap Rate,STALE,True,True,True,both models,3,"This entry is the pre-ASU 2018-16 version of the term, which has since been renamed and redefined. It remains in the glossary only as superseded text."
fed-funds-effective-swap-rate-or-overnight-index-swap-rate,Fed Funds Effective Rate Overnight Index Swap Rate,PENDING,True,True,True,both models,2,The entry concatenates a current definition with a pending status stating that the term is superseded. A reader cannot tell from the entry alone which version applies.
fees,fees,POINTER,True,True,True,both models,2,"The entry defines nothing and only refers the reader to another term. It does not specify which Compensation entry is meant, although the glossary uses that term in several contexts; in the NFP joint-activity context the relevant one is compensation or fees paid to parties performing activities."
financial-guarantee-reinsurance-contract,financial guarantee reinsurance contracts,POINTER,True,True,True,both models,2,"The entry defines nothing. It only refers to the insurance-contract entry, which exists (so the DANGLING flag is a false positive). That target describes a contract issued by an insurance entity to the holder of an obligation and does not say how it applies to reinsurance, so the reader must infer the meaning."
financial-instrument,Financial Instrument,NONAUTH,True,True,True,both models,2,"The current version relies on a Concepts Statement, which is nonauthoritative under Topic 105."
financial-instrument,Financial Instrument,PENDING,True,True,True,both models,2,"A current and a pending version are concatenated, and they differ: the pending text removes the Concepts Statement 6 reference and changes 'All' to 'Some'."
firm-purchase-commitment,Firm Purchase Commitment,HOMONYM,False,True,False,one model,1,"The definition overlaps substantially with the separate 'firm commitment' entry, which uses nearly identical language; neither entry clarifies how the two terms differ or where each applies, risking confusion between 'firm commitment' and 'firm purchase commitment.'"
fixed-price-contracts,fixed-price contract,CIRC,False,True,True,one model,1,"The entry lists several variant terms (e.g., Firm Fixed-Price Contract) and is itself the target of a 'See Fixed-Price Contracts' pointer from 'lump-sum contract,' but understanding the core definition does not require resolving those cross-references, so the mutual reference is superficial rather than truly circular."
fixed-price-contracts,fixed-price contract,STALE,True,False,False,one model,1,"The cross-referenced contract variations belong to the Subtopic 605-35 contractor revenue vocabulary, most of which was superseded by Topic 606. The core definition remains usable. The CIRC flag with 'lump-sum contract' is a false positive: that entry only points here, and this definition does not need it to be understood."
flat-benefit-formula,flat-benefit plans,MALFORMED,True,False,False,one model,1,"The entry is keyed and worded as a definition of a flat-benefit formula, but the displayed term is 'flat-benefit plans'. The plan is defined only secondarily, as a plan with such a formula."
foreign-activities,foreign activities,POINTER,True,True,True,both models,2,"The entry defines nothing itself and only refers to the SEC rule text. The target paragraph exists (its text is quoted in the linked paragraph 235-942-S99-1), so the DANGLING flag is a false positive."
foreign-currency,foreign currency,CIRC,True,True,True,both models,2,"The cycle with foreign entity, reporting currency and reporting entity runs only through an illustrative parenthetical. The core definition rests on functional currency and does not require the partner entries to be understood."
foreign-currency-transactions,foreign currency transactions,CIRC,True,True,True,both models,2,"The entry depends on foreign currency, which links back into the cluster only through an example. This mutual reference is formal and does not block understanding."
foreign-entity,foreign entity,CIRC,True,True,True,both models,2,"The entry is part of a detected cycle with reporting entity and foreign currency. The dependencies it actually needs (reporting currency, reporting entity) do not require foreign entity to be understood, so the cycle is only nominal."
forgivable-loan,Forgivable Loan,PENDING,False,True,True,one model,1,"Current (P) and pending (N) transition dates are embedded together in the entry text, though the substantive definition of the term itself does not otherwise differ between versions."
forgivable-loan,Forgivable Loan,MALFORMED,False,True,False,one model,2,"The transition-date metadata and paragraph citation are concatenated directly into the definition sentence, producing a garbled, ungrammatical entry ('...2029 [transition paragraph 832-10-65-2A] loan for which...') rather than a clean definition of the term."
forward-commitment-dollar-roll,forward commitment dollar rolls,POINTER,True,True,True,both models,2,"The entry only redirects to another glossary term. The target term is a Master Glossary entry, so the DANGLING flag appears to be a false positive."
forward-commitment-dollar-roll,forward commitment dollar rolls,DANGLING,False,True,True,one model,3,"No glossary entry named 'Government National Mortgage Association Rolls' (or GNMA Rolls) appears among the audited entries, so the pointer target cannot be confirmed to exist, leaving the term effectively undefined as written."
front-end-fees,front-end fee,POINTER,True,True,True,both models,2,The entry defines nothing itself and only redirects the reader to the combined entry for initiation or front-end fees. This is harmless if that target entry exists.
fully-insured-experience-rated-arrangement,fully insured experience-rated arrangements,DANGLING,False,True,True,one model,2,"The definition cites paragraph 965-30-25-5, but the subtopic numbering (965-30 vs. the surrounding 965-310 references) appears inconsistent, suggesting the cited paragraph does not exist as written or is a mis-cite to 965-310-25-5, leaving the pointer unresolvable as stated."
funds-functioning-as-endowment,Funds Functioning as Endowment,CIRC,True,True,True,both models,2,"This entry sits in a cycle with endowment fund, board-designated endowment fund and donor-restricted endowment fund. Its core meaning is still self-contained: net assets without donor restrictions that the governing board designates for investment. The cross-references mostly name synonyms, so a reader does not need the other entries to apply this one. The cycle is cosmetic."
gain-or-loss,Gain or Loss,CIRC,True,True,True,both models,2,"This entry refers to net periodic pension and postretirement benefit cost, and those entries list gains and losses as components. The core definition (the change in obligation or plan assets) can still be understood without them, so the cycle is minor."
gain-or-loss,Gain or Loss,HOMONYM,True,True,True,both models,2,Another entry is also titled 'Gain or loss' but defines the net periodic cost component. Neither entry says where each definition applies.
gain-or-loss-component-of-net-periodic-pension-cost,Gain or loss,CIRC,True,True,True,both models,2,"The component is defined by reference to net periodic pension cost, and net periodic pension cost is itself defined as including this gain or loss component. Understanding either requires the other."
gain-or-loss-component-of-net-periodic-pension-cost,Gain or loss,HOMONYM,True,True,True,both models,2,"It shares its name with the general 'Gain or Loss' entry but gives a different definition, and it does not state its scope."
gain-or-loss-component-of-net-periodic-pension-cost,Gain or loss,MALFORMED,True,False,False,one model,2,"The entry name is 'Gain or loss', but the text defines the gain or loss component of net periodic pension cost. The second sentence is also garbled: 'in determining net periodic pension cost (the net change in the gain or loss) in accumulated other comprehensive income'."
gains-and-losses-included-in-comprehensive-income-but-excluded-from-net-income,Gains and Losses Included in Comprehensive Income but Excluded from Net Income,SELF,False,True,False,one model,1,The definition opens by restating the term itself before providing substantive content; minor stylistic tautology but not content-free overall.
gains-and-losses-included-in-comprehensive-income-but-excluded-from-net-income,Gains and Losses Included in Comprehensive Income but Excluded from Net Income,STALE,True,False,False,one model,2,"The list reflects superseded guidance (the FAS 12 era). Current GAAP no longer reports fair value changes of equity securities in other comprehensive income, and the reference to 'industries having specialized accounting practices for marketable securities' is likewise outdated."
government-grant,Government Grant,PENDING,True,True,True,both models,2,"The entry is pending-effective text carrying embedded transition dates. A reader may not realize the definition is not yet effective for all entities. The DANGLING flag is likely a false positive, because the transition paragraph comes from a recent update."
government-grant,Government Grant,MALFORMED,False,True,False,one model,2,"The entry text splices transition effective dates and a paragraph citation directly into the middle of the definitional sentence, producing a garbled, unreadable definition rather than a clean current/pending split."
government-national-mortgage-association,Government National Mortgage Association,CIRC,False,True,True,one model,1,"GNMA is cited only as an example within the mortgage-backed securities definition, and understanding GNMA does not require that definition; this is a weak, non-substantive cycle."
guaranteed-minimum-accumulation-benefit,guaranteed minimum accumulation benefit,SELF,True,False,False,one model,2,"The term is defined mainly by repeating itself without the word 'guaranteed'. The only added content is that the benefit is available in cash. The alternative, 'guaranteed account value floor', carries most of the meaning but is not explained."
guaranteed-minimum-accumulation-benefit,guaranteed minimum accumulation benefit,UNDEF,True,False,False,one model,2,"The core concepts, 'minimum accumulation benefit' and 'guaranteed account value floor', are not defined by any glossary entry, so the reader has to infer their meaning from practice."
hazardous-substance,hazardous substance,NONAUTH,False,True,False,one model,2,"The definition relies entirely on external federal environmental statutes (CERCLA, Clean Water Act, RCRA, Clean Air Act, TSCA) rather than authoritative GAAP sources."
hazardous-waste,hazardous waste,NONAUTH,False,True,False,one model,2,The definition is drawn directly from a federal statute and regulation rather than GAAP.
hazardous-waste-constituent,hazardous waste constituents,NONAUTH,False,True,False,one model,2,Depends on external statutory/regulatory text rather than GAAP for its meaning.
hazardous-waste-constituent,hazardous waste constituents,UNDEF,False,True,False,one model,1,"Depends on the term 'hazardous waste', which itself is only defined via external law rather than GAAP, creating a chain of non-GAAP dependency."
hazardous-waste-constituent,hazardous waste constituents,MALFORMED,True,False,False,one model,1,The entry name is plural while the definition defines a singular 'constituent'. This is a minor cosmetic mismatch.
high-yield-debt-securities,high-yield debt securities,CIRC,False,True,True,one model,1,"The cross-reference to 'junk bonds' is a synonym pointer, not a substantive circular dependency; understanding high-yield debt securities does not require the junk bonds entry, so this is a false-positive flag rather than a genuine circularity."
homeowners-association,homeowners association,POINTER,True,True,True,both models,2,"The entry defines nothing itself. It only refers the reader to the Association entry, which carries the definition."
hybrid-instrument,hybrid instrument,UNDEF,True,False,False,one model,1,'Host contract' has no Master Glossary entry. Its meaning must be inferred from Subtopic 815-15 guidance.
immediate-family,immediate family,NONAUTH,False,True,False,one model,2,"The substantive definition is sourced from an SEC regulation rather than from FASB's own authoritative GAAP text, though it is referenced through an S99 paragraph."
immediate-family,immediate family,POINTER,True,True,True,both models,2,"The entry gives no definition and only refers the reader to SEC material. The target paragraph appears among the linking sources, so the DANGLING flag looks like a false positive."
immediate-family,immediate family,INCONS,True,False,False,one model,2,"The entry limits itself to Rule 9-03, yet it is linked from the related party guidance in 850-10-05-3. That use gets no applicable definition from this entry."
impaired-claims,impaired claims,MALFORMED,True,False,False,one model,1,The entry is named 'impaired claims' but opens with procedural narrative and defines only when a class is not impaired. The meaning of 'impaired' has to be inferred by negation.
impairment,Impairment,INCONS,True,False,False,one model,2,"The definition is tied to long-lived assets and does not state its scope. The Codification also uses 'impairment' for goodwill, reporting units, and financial assets, and Topic 360 adds a recoverability test before a loss is recognized."
implicit-service-period,implicit,MALFORMED,True,True,False,both models,2,"The entry name 'implicit' does not match the term actually defined, 'implicit service period'."
in-substance-defeasance,in-substance defeasance,STALE,True,False,False,one model,1,"The term survives mainly as a legacy concept tied to superseded pre-Codification guidance, although the definition itself remains usable."
in-substance-nonfinancial-asset,In Substance Nonfinancial Asset,POINTER,True,True,True,both models,2,The entry defines nothing itself and only refers the reader to scope paragraphs in Subtopic 610-20.
income-from-continuing-operations,Income from Continuing Operations,STALE,True,False,False,one model,1,"The definition excludes the cumulative effect of accounting changes. That is a reporting item from pre-Codification guidance, replaced by retrospective application under Topic 250. The exclusion list is therefore partly obsolete, although the definition can still be applied within Topic 255."
income-taxes-currently-payable-refundable,income taxes currently payable,POINTER,True,True,True,both models,2,"The entry defines nothing itself and only redirects the reader to another term. The target term Current Tax Expense (or Benefit) is an existing glossary entry, so the DANGLING flag is a false positive."
incurred-claims-cost-by-age,incurred claims cost,UNDEF,False,True,False,one model,1,"The definition points to a related term, Net Incurred Claims Cost (By Age), whose existence and definition are not confirmed among the provided glossary entries."
incurred-claims-cost-by-age,incurred claims cost,MALFORMED,False,True,False,one model,2,"The entry slug appends '-by-age' but the displayed term name is simply 'incurred claims cost', creating a mismatch between the entry key and the defined term."
incurred-cost,incurred cost,MALFORMED,True,False,False,one model,1,"The comma splice leaves unclear whether a sustained loss is a second, alternative kind of incurred cost or an apposition to the first clause. The intended meaning (either) can still be inferred."
infrequency-of-occurrence,Infrequency of Occurrence,MALFORMED,True,False,False,one model,1,"The entry is worded as a criterion (""should be"") rather than as a definition of the noun phrase ""infrequency of occurrence"". The meaning is still clear."
insurance-contract,insurance contracts,SCOPECONF,False,True,False,one model,2,"This definition is tailored to the pension/postretirement benefit context (transfer of risk from the employer or plan) but the term 'insurance contracts' is used more broadly elsewhere in the Codification (e.g., Topic 944 long-duration insurance contracts) without the entry noting the narrower scope."
insurance-policy,insurance policy,INCONS,False,True,False,one model,1,"The entry itself flags inconsistency in usage, which is a minor caveat but does not rise to a defect that prevents application since it directs the reader to consider economic substance."
integrated-contract-feature,integrated contract features,INCONS,True,False,False,one model,1,"Paragraph 944-30-35-30 states a narrower test for long-duration contracts, tied to the account value or other contract holder balances. The glossary refers only to 'the base contract', so the two wordings differ slightly."
interest-cost,Interest Cost,HOMONYM,True,True,True,both models,2,"This entry shares its name with the pension and postretirement 'Interest cost' entries, which have entirely different meanings. It does not state that it applies to interest capitalization under Subtopic 835-20."
interest-cost-component-of-net-periodic-pension-cost,Interest cost,HOMONYM,True,True,True,both models,2,"At least three glossary entries are named 'Interest cost': pension, postretirement, and capitalized or imputed interest under 835. They have different definitions, and this entry does not state that it applies to defined benefit pension plans. Its scope can only be inferred from the reference to the projected benefit obligation."
interest-cost-component-of-net-periodic-postretirement-benefit-cost,Interest cost,HOMONYM,True,True,True,both models,2,"Three glossary entries are named 'Interest cost': postretirement (APBO), pension (PBO) and capitalization of interest (835-20). The entry text does not say that it applies only to Subtopic 715-60."
interest-method,interest method,INCONS,True,False,False,one model,1,"The definition is written from the debtor's perspective (interest cost on debt). Linking paragraphs apply the method to interest income on investments, such as 320-946-35-10 on PIK bonds, and to amortizing intangibles."
interinsurance-exchange,interinsurance exchange,POINTER,True,True,True,both models,1,"The entry defines nothing and only refers the reader to the Reciprocal Exchange entry. That target exists in the glossary, so the pointer resolves."
intermediary,intermediary,SCOPECONF,True,False,False,one model,1,The entry itself says that its meaning is narrower than the broader usage of the word. It does not state which Topic 'this usage' covers (the not-for-profit transfers guidance in 958).
intermediate-life-plants,intermediate-life plants,UNDEF,True,False,False,one model,1,"The upper bound of the definition depends on the growth and production cycles of 'trees and vines'. No entry defines those cycles, which leaves the boundary vague."
interval,interval,INCONS,True,False,False,one model,2,"The entry equates a period of occupancy with a time-sharing interest. The Codification uses these as alternatives, for example 330-978-05-1: 'time-sharing interests or intervals'. A time-sharing interest is a broader ownership or use right, not merely a period."
inventory,Inventory,NONAUTH,True,False,False,one model,1,"Part of the definition's scope rests on trade practice rather than on authoritative criteria. The core definition stands on its own, so this is minor."
issuance-of-financial-statements,Issuance of Financial Statements,POINTER,True,True,True,both models,2,"The entry defines nothing and only refers the reader to an SEC staff announcement paragraph. The target paragraph exists, so the pointer is not dangling."
joint-and-several-liability,joint and several,MALFORMED,False,True,False,one model,1,"The glossary term as listed ('joint and several') differs from the more common phrase 'joint and several liability' used in the slug and body of the definition, though the meaning is clear and the mismatch is minor."
joint-control,joint control,MALFORMED,True,False,False,one model,2,"The definition is a sentence fragment with no stated subject. It does not say whose financing, development, sale or operations are meant, or which owners. The implied context is undivided interests in real property (323-970). The entry does not state that limit, so a reader must guess how it applies elsewhere."
joint-venture,Joint Venture,CIRC,False,True,True,one model,2,"The entry explicitly cross-references 'corporate joint venture,' whose own definition ('A corporation owned and operated by a small group of entities (the joint venturers) as a separate and specific business or project...') mirrors this entry almost verbatim, creating a mutual dependency where each term is defined largely in terms of the other rather than independently."
junk-bonds,junk bonds,POINTER,True,True,True,both models,1,"The entry defines nothing and only points to a synonym. The target exists and is not superseded. The detected cycle is a false positive, because the high-yield debt securities definition does not depend on 'junk bonds'."
land-development-costs,Land Development Costs,CIRC,False,True,True,one model,1,"The 'permanent land development costs' entry points back to this entry, forming a nominal two-node cycle, but since it is merely a subordinate term already defined within this entry's text, understanding this entry does not actually depend on reading the other, making this a low-severity, largely cosmetic circularity flag."
land-development-costs,Land Development Costs,MALFORMED,True,False,False,one model,1,"The entry classifies the costs rather than defining the term, and it refers to 'land improvement and development costs' rather than the entry name. The flagged cycle is a false positive: this entry defines permanent costs inline and does not rely on the 'permanent land development costs' pointer entry."
lattice-model,lattice model,CIRC,False,True,True,one model,2,"Lattice model's definition depends on Closed-Form Model to explain key terms, and Closed-Form Model in turn contrasts itself with lattice model, forming a mutual dependency that requires reading both entries together to understand either."
lead-interest,Lead Interest,CIRC,True,True,True,both models,2,"Lead interest is defined by reference to split-interest agreement, whose definition describes a typical agreement as having a lead interest and a remainder interest. The core definition of split-interest agreement stands without those components, so the mutual reference is cosmetic."
lease-payments,Lease Payments,POINTER,True,True,True,both models,2,"The entry defines nothing itself and only refers the reader to an authoritative paragraph. The target exists in Topic 842, so the definition can still be applied."
leveraged-lease,Leveraged Lease,STALE,True,True,False,both models,2,"The entry defines the term only by reference to superseded lease guidance (former Topic 840). The classification criteria are no longer in current authoritative text, so a reader must consult superseded guidance to understand what qualifies."
leveraged-lease,Leveraged Lease,UNDEF,True,False,False,one model,1,'Effective date' is not defined in the entry and is not a glossary term. The reader must infer that it means the effective date of Topic 842.
liability-issued-with-an-inseparable-third-party-credit-enhancement,Liability Issued with an Inseparable Third-Party Credit Enhancement,MALFORMED,True,False,False,one model,1,"The entry name turns on the enhancement being 'inseparable', but the definition never explains what makes it inseparable. The name is therefore not fully matched by the text."
libor-swap-rate,LIBOR Swap Rate,POINTER,True,True,True,both models,2,"The entry defines nothing and only redirects to another glossary term. The target entry exists in the Master Glossary, so the detector's DANGLING flag is not confirmed."
libor-swap-rate,LIBOR Swap Rate,STALE,True,False,False,one model,1,LIBOR ceased publication in 2023. The term remains in the Codification as a benchmark rate but refers to a discontinued rate.
license-agreement,License Agreement,HOMONYM,True,False,False,one model,2,"The broadcasting definition (Topic 920) and the music-industry entry 'licensing agreement' (Topic 928, whose text defines 'License agreements') define the same term differently. Neither entry says where each definition applies."
license-agreements,licensing agreement,HOMONYM,True,False,False,one model,2,"This entry defines 'license agreements' for record masters and music copyrights. That conflicts with the broadcasting 'License Agreement' entry, and neither entry states its scope. Paragraph 340-928-35-3 uses 'license agreement', and this entry is the one linked to it."
license-agreements,licensing agreement,MALFORMED,False,True,False,one model,1,"The entry slug and term name (license-agreements / licensing agreement) are inconsistent with each other, though the definition content itself is coherent."
life-annuity-and-health-insurance-entities,"life, annuity, and health insurance entities",HOMONYM,False,True,False,one model,1,"This definition is nearly identical to the separate 'life insurance entity' entry, creating overlapping near-duplicate terms without cross-reference clarifying the distinction."
life-annuity-and-health-insurance-entities,"life, annuity, and health insurance entities",MALFORMED,True,False,False,one model,1,"The term is 'life, annuity, and health insurance entities', but the text defines 'An entity' and then refers to 'Life and health insurance entities'. The wording does not match the entry name, although the meaning is clear."
limited-life-land-development-costs,Limited Life Land Development Costs,POINTER,True,True,True,both models,2,The entry defines nothing and only sends the reader to another term. The 'limited-life' distinction used in 360-905-25-3 is left unexplained in this entry.
liquidity,liquidity,MALFORMED,False,True,False,one model,1,"The core definition of liquidity as 'nearness to cash' is immediately followed by NFP-specific commentary on donor restrictions that is only tangentially related, making the entry read as two different ideas spliced together rather than a single coherent definition."
loan-origination-fees,loan origination fees,HOMONYM,True,False,False,one model,2,"Two different definitions of loan origination fees (an itemized list of origination fees, then a general definition covering refinancing, restructuring and leasing) are run together. Neither says which Topic or context it applies to."
london-interbank-offered-rate-swap-rate,London Interbank Offered Rate (LIBOR),STALE,True,True,True,both models,3,"The term has been superseded, so the definition no longer reflects current guidance."
london-interbank-offered-rate-swap-rate,London Interbank Offered Rate (LIBOR),PENDING,True,True,True,both models,2,"The current definition and the pending superseded status are concatenated in one entry, and the two versions differ."
london-interbank-offered-rate-swap-rate,London Interbank Offered Rate (LIBOR),INCONS,True,False,False,one model,2,"The linking paragraphs use LIBOR to mean the variable interbank rate. The linked definition instead describes a fixed swap rate, so the definition conflicts with how the Codification uses the term."
london-interbank-offered-rate-swap-rate,London Interbank Offered Rate (LIBOR),MALFORMED,True,True,False,both models,2,"The entry is named for LIBOR itself, but the text defines the LIBOR swap rate, a fixed swap rate referenced to LIBOR. The name does not match what is defined."
long-term-contracts,long-term contracts,NONAUTH,False,True,False,one model,1,"The substantive content lies in an SEC regulation reproduced in the Codification's SEC materials, which are authoritative only for SEC registrants and are a different authority tier than core GAAP."
long-term-contracts,long-term contracts,POINTER,True,True,True,both models,2,"The entry defines nothing itself and sends the reader to the SEC Regulation S-X text in 210-10-S99-1. The target exists, but the meaning must be found there."
loss,Loss,POINTER,True,True,True,both models,2,"This is a pointer-only entry. The target term exists in the glossary (pension context), so the pointer resolves."
lump-sum-contract,Lump-Sum Contract,CIRC,False,True,True,one model,2,"Lump-Sum Contract points to Fixed-Price Contracts, whose own definition treats 'fixed-price or lump-sum contract' as a single concept, creating a mutual dependency where neither term can be understood without the other."
lump-sum-contract,Lump-Sum Contract,POINTER,True,True,True,both models,2,"This is a pointer-only entry. The target is named in the plural, but it resolves to the existing 'fixed-price contract' entry, which treats lump-sum as a synonym. The flagged cycle is a false positive: the fixed-price entry mentions lump-sum only as an alternative name and does not depend on this entry to be understood."
management-and-general-activities,Management and General Activities,CIRC,True,True,True,both models,2,"This entry is defined as a subset of supporting activities, and the supporting activities entry lists management and general activities as a component. The cycle is benign: supporting activities is independently defined as all NFP activities other than program services, so neither definition actually requires the other to be understood."
market,market,HOMONYM,False,True,True,one model,2,"The glossary contains a second entry named 'market' (via market-condition) with an unrelated meaning (share-based payment market condition), and neither entry indicates where each meaning applies."
market,market,INCONS,True,False,False,one model,2,"This is the film-industry (Topic 926) meaning, but the entry does not limit its scope. It is linked from 330-10-35-1C, where 'market' means the market value used in inventory pricing, and from 230-926-05-1, where 'market' is a verb. Neither use fits a distribution-channel definition. The HOMONYM flag is a false positive: the same-name entry is really 'market condition', mislabeled with the term 'market'."
market-condition,market,HOMONYM,False,True,True,one model,2,"This entry is labeled with the bare term 'market' though it defines 'market condition', creating a homonym collision with the unrelated 'market' (distribution channel) entry, with no scope note distinguishing them."
market-condition,market,MALFORMED,True,True,False,both models,2,"The entry defines 'market condition' (slug market-condition, cited in 718 as 'Market, performance, and service conditions'), but its term label is 'market'. This mislabel creates a spurious homonym with the film-industry 'market' entry."
market-participants,Market Participants,CIRC,False,True,True,one model,2,"Market participants is defined by reference to buyers/sellers in a fair value transaction, while fair value is itself defined using 'market participants,' creating a mutual dependency between the two entries."
market-related-value-of-plan-assets,market-related value of plan assets,CIRC,True,True,True,both models,2,"This entry and 'expected return on plan assets' define each other. However, the rest of this definition (fair value or a calculated value spread over not more than five years) is self-sufficient, so the cycle is mild."
market-risk-benefit,Market Risk Benefit,UNDEF,True,False,False,one model,1,'Capital market risk' and the 'other-than-nominal' threshold are not glossary terms. They are explained only in Topic 944 implementation paragraphs.
member-of-an-agricultural-cooperative,Member of an Agricultural Cooperative,CIRC,False,True,True,one model,2,"The definition of 'Member of an Agricultural Cooperative' depends on 'agricultural cooperative,' and the two entries appear to reference each other's terms (owner-patron/cooperative), forming a small cycle in the dependency graph."
mineral-interests,mineral interests,POINTER,True,True,True,both models,2,"The entry defines nothing itself and only redirects the reader to the Properties entry, which exists and covers mineral interests in properties."
mineral-resource-assets,mineral resource assets,STALE,True,True,False,both models,2,"The rationale reflects superseded changing-prices guidance. Under current Topic 255, current cost information is encouraged but not required, so the stated reason for excluding support equipment no longer matches the Codification. The scope of the definition itself remains usable."
minimum-lease-payments,Minimum Lease Payments,STALE,True,True,False,both models,2,"The definition is the Topic 840 lease concept, built on 840 notions such as bargain purchase option, contingent rentals, executory costs and fees to special-purpose entity owners. Topic 842 superseded that guidance. The term now survives only for grandfathered leveraged leases (842-50), and the entry does not say so."
monetary-assets,Monetary Assets,HOMONYM,True,False,False,one model,2,"The entry 'monetary assets or liabilities' defines monetary assets differently, as amounts 'fixed in terms of units of currency by contract or otherwise'. Neither entry says where each definition applies."
monetary-assets-and-liabilities,monetary assets or liabilities,HOMONYM,True,False,False,one model,2,"This competes with the separate 'Monetary Assets' and 'monetary liabilities' entries, which instead use a 'fixed or determinable without reference to future prices' test. The entry gives no scope to tell the definitions apart."
money-over-money-lease,Money-over-money,UNDEF,False,True,False,one model,1,The term 'nonrecourse financing' is used as a technical concept without being defined in the glossary.
mortality,mortality,HOMONYM,True,True,True,both models,2,Another entry named 'mortality' (mortality-rate) defines the term differently as a proportion of deaths to the number living at the start of the period. Neither entry says where each definition applies.
mortality-rate,mortality,HOMONYM,True,True,True,both models,2,"This entry shares the name 'mortality' with a general definition ('relative incidence of death') and does not state its scope, although it is used in the pension context (715-30)."
mortgage-backed-securities,mortgage-backed securities,CIRC,False,True,True,one model,1,"The MBS definition cites GNMA as an example issuer and the GNMA entry in turn mentions mortgage-backed securities, but neither definition depends on the other for comprehension—this is an example relationship rather than true circularity."
natural-expense-classification,Natural Expense Classification,PENDING,True,True,True,both models,2,"The current and pending versions are concatenated and they differ. 'Kinds' becomes 'types', and 'professional services' becomes 'nonemployee professional services'. The reader must work out which version applies."
net-assets,Net Assets,CIRC,False,True,True,one model,2,"Net Assets is defined partly by pointing to Net Assets with/without Donor Restrictions, each of which is defined as 'part of net assets ... ', creating a mutual dependency cycle that requires circling among all three entries to get a complete picture."
net-assets-with-donor-restrictions,Net Assets with Donor Restrictions,CIRC,False,True,True,one model,2,"This entry defines itself in terms of 'net assets', while the 'net assets' entry in turn points back to this entry, forming a circular dependency."
net-assets-without-donor-restrictions,Net Assets without Donor Restrictions,CIRC,False,True,True,one model,2,"This entry defines itself in terms of 'net assets', while the 'net assets' entry points back to this entry, forming a circular dependency."
net-carrying-amount-of-debt,net carrying amount of the extinguished debt,MALFORMED,True,True,False,both models,1,"The entry is named 'net carrying amount of the extinguished debt', but the text defines the more general 'net carrying amount of debt'. The mismatch is cosmetic, and the definition remains applicable."
net-closed-block-liability,net closed block liability,CIRC,True,True,True,both models,2,"This entry depends on 'actuarial calculation date'. That term is defined through 'actuarial calculation', which in turn is defined as changes in the net closed block liability. The date itself is fixed independently (the date of demutualization or formation), so the loop does not block understanding."
net-income,net income,CIRC,True,True,True,both models,2,"Net income is defined as items that are not other comprehensive income, and other comprehensive income is defined as items 'excluded from net income'. Neither glossary entry can be applied without the other. The cycle can only be broken by going to the Topic 220 list of OCI items."
net-incurred-claims-cost-by-age,net incurred claims costs,POINTER,False,True,False,one model,1,"The entry appends a pointer to another term for further elaboration, though it does provide its own substantive content as well."
net-incurred-claims-cost-by-age,net incurred claims costs,MALFORMED,True,True,False,both models,1,"The entry key refers to 'by age', but the entry name drops that qualifier while the cross-reference retains it ('Incurred Claims Cost (by Age)'). The label is mismatched; the substantive definition is still usable."
net-periodic-pension-cost,Net Periodic Pension Cost,STALE,True,False,False,one model,1,The transition asset or obligation component refers to the long-past initial adoption of the pension guidance and is effectively obsolete. The flagged cycle is a false positive: the gain or loss entry does not need this term to be understood.
net-periodic-postretirement-benefit-cost,net periodic postretirement benefit cost,STALE,True,False,False,one model,1,The transition obligation component relates to initial adoption of the postretirement guidance and is obsolete in practice. The flagged cycle through gain or loss and net periodic pension cost is not a real dependency: each entry is understandable on its own.
new-basis-event,new basis event,POINTER,True,True,True,both models,2,"The entry defines nothing and only redirects to the synonym entry Remeasurement Event. The target term is a glossary entry, so the redirect works and the defect is cosmetic."
noncompliance-environmental-credit,Noncompliance Environmental Credit,PENDING,False,True,True,one model,2,"The entry concatenates a current and a pending transition date without clearly separating them, confusing the reader about which date applies."
nonmanaging-investors,nonmanaging investors,POINTER,True,True,True,both models,2,The entry gives no definition and only refers the reader elsewhere. The actual meaning appears only parenthetically in 946-205-50-4: classes of investors that do not consist exclusively of managing investor interests.
nonmanaging-investors,nonmanaging investors,DANGLING,True,True,True,both models,3,"The target is not a Master Glossary term. It reads like a section heading within Topic 946, and no paragraph reference is given, so the pointer cannot be resolved as written."
nonmember-of-an-agricultural-cooperative,Nonmember of an Agricultural Cooperative,MALFORMED,True,False,False,one model,2,"The entry is titled 'Nonmember of an Agricultural Cooperative' but only lists attributes of a 'nonmember patron' (no voting rights, possible patronage distributions). It never says what a nonmember is, for example a patron that is not a member, so the text does not match or actually define the headword."
nonparticipating-insurance-contract,nonparticipating insurance contracts,POINTER,False,True,False,one model,1,"The entry gives a substantive definition but appends a cross-reference; this is a minor pointer addendum rather than a pure pointer, so only a cosmetic note."
nonregistered-investment-partnerships-financial-highlights,financial highlights,CIRC,False,True,True,one model,2,"The 'theoretical investment' glossary entry points back to this entry, and this entry in turn defines 'theoretical investment,' creating a two-node reference cycle that a reader must traverse back and forth to resolve."
nonregistered-investment-partnerships-financial-highlights,financial highlights,UNDEF,False,True,False,one model,1,"Reference to a specific paragraph for the term's use, but the substantive content is defined only within this entry, making the cross-reference somewhat redundant."
nonregistered-investment-partnerships-financial-highlights,financial highlights,MALFORMED,True,False,False,one model,2,"The entry is labeled 'financial highlights' but never defines financial highlights. It is interpretive guidance for three other terms, so the entry name does not match what is defined. The CIRC flag is a false positive: 'theoretical investment' points here, and this entry actually defines it, so the pair does not form a real cycle. The reference to paragraph 946-205-50-20 is not shown to be missing, so the DANGLING flag is not supported."
nonvested-benefit-information,Nonvested benefit information,NONAUTH,False,True,False,one model,1,"The source paragraph itself flags this term as one used in practice rather than defined in authoritative standards, suggesting the definition rests on non-authoritative practice usage."
nonvested-benefit-information,Nonvested benefit information,UNDEF,False,True,False,one model,2,"The definition relies on the technical term 'accumulated plan benefits' (and implicitly 'actuarial present value'), neither of which is defined elsewhere in the Master Glossary, leaving the reader to guess its meaning."
nonvested-shares,Nonvested Shares,INCONS,True,False,False,one model,2,"The definition says nonvested shares are not yet issued, yet the same entry says they 'cannot be sold' and are subject to 'forfeitability'. Paragraphs 718-10-25-18 and 718-10-30-11 also treat them as existing shares that vest or cannot be sold. Both uses imply issued but restricted shares."
notional-amount,notional amount,CIRC,False,True,True,one model,1,"The alias entry 'face amount' merely points back to 'notional amount,' and the notional-amount definition mentions 'face amount' only as an alternate name; this is a trivial naming cross-reference, not a substantive circular dependency that impairs understanding."
obligation,Obligation,NONAUTH,False,True,True,one model,2,"The entry explicitly contrasts itself with a Concepts Statement definition, which is nonauthoritative under Topic 105, introducing a nonauthoritative source into the reasoning needed to understand the scope of the term."
obligation,Obligation,PENDING,True,True,True,both models,2,"The current and pending versions are concatenated in one entry. The pending version drops the comparison with Concepts Statement 6. The core duty-based definition is the same in both, so the confusion is limited. The Concepts Statement is cited only for contrast, not relied on, so NONAUTH is not reported. A transition paragraph missing from the snapshot is not proof that it does not exist, so DANGLING is not reported."
obligations-subject-to-compromise,Obligations subject to compromise,INCONS,False,True,False,one model,2,"The source paragraph itself states that this term is not part of the authoritative standards text, yet it appears as a Master Glossary definition, creating an inconsistency between the glossary's authoritative status and the paragraph's own characterization of the term as extra-textual."
oil-and-gas-producing-activities,Oil- and Gas-Producing Activities,POINTER,True,True,True,both models,1,"The entry defines nothing itself and only refers the reader to an authoritative paragraph. That paragraph provides the definition, so the entry still works."
ongoing-economic-interest-in-the-net-assets-of-another,ongoing economic interest in the net assets of the other,MALFORMED,True,False,False,one model,1,The entry name ('of the other') does not match the entry key and the defined concept ('another' NFP's net assets). This is a cosmetic labeling mismatch.
operating-lease,Operating Lease,CIRC,True,True,True,both models,2,"Operating lease is defined as a residual of sales-type lease, and sales-type lease refers back to operating lease. The cycle can be broken through the criteria in 842-10-25-2 and 25-3A, so the effect is minor."
operating-lease,Operating Lease,STALE,True,True,False,both models,2,"The lessor branch relies on 'direct financing lease', but the only glossary entry supplied for that term is superseded text. The current lessor definition therefore depends on a term with no live glossary definition."
operating-segment,operating segment,POINTER,True,True,False,both models,3,"The glossary text gives only the genus, which on its face would cover any component. The defining characteristics are found only in the referenced section (280-10-50-1), so the entry is effectively a pointer."
option,Option,SCOPECONF,True,False,False,one model,1,"The entry itself signals that 'option' can mean something else elsewhere, such as options in Topic 815. It does not say where this narrow common-stock call option meaning applies."
ordinary-course-of-business,ordinary course of business,POINTER,True,True,True,both models,3,"The entry defines nothing and only refers to the SEC rule text. The target does exist (the Rule 9-03 text appears as 210-942-S99-1), so the DANGLING flag is a false positive."
ordinary-course-of-business,ordinary course of business,SCOPECONF,True,False,False,one model,2,"The meaning is limited to Rule 9-03. The term is also linked from 810-10-25-5, a consolidation context about participating rights, where no meaning is supplied."
ordinary-income-or-loss,Ordinary Income (or Loss),STALE,True,False,False,one model,1,"This refers to the pre-Topic 250 cumulative-effect presentation. Topic 250 generally replaced that presentation with retrospective application, so the reference is outdated."
original-contract,original contract,INCONS,True,False,False,one model,1,"The definition concerns internal replacements. 944-20-35-4 uses 'original contract' in a retrospectively rated reinsurance/insurance context unrelated to internal replacement, so the link does not fit that use."
originator-s-acquisition-cost,originator's acquisition cost,INCONS,True,False,False,one model,1,"The first sentence frames the term as costs incurred, while the second defines it as the loan's adjusted principal amount. In addition, 310-948-30-2 applies the term to loans originated for an affiliated entity, not specifically for a lender holding the loans to maturity."
orphan-share,orphan share,INCONS,True,False,False,one model,2,"The definition ties the orphan share to identified orphan-share PRPs (identified but insolvent or unlocatable), while 410-30-55-36 uses it for a share with no identifiable PRP."
other-comprehensive-income,other comprehensive income,CIRC,True,True,True,both models,2,"OCI is defined by exclusion from net income, and net income is defined as items that are not OCI. The cycle is largely anchored by 'under GAAP', since specific Topics designate which items are OCI."
paper-ticket,Paper tickets,STALE,True,False,False,one model,1,The entry describes an obsolete industry practice (the standard Air Traffic Conference ticket) and itself acknowledges that the process is now electronic.
parity-adjustment,parity adjustment,STALE,False,True,False,one model,2,"The definition and its illustrative paragraphs (255-10-50-49, 255-10-55-87) rely on constant-dollar/current-cost restate-translate methodology from superseded inflation-accounting guidance (former SFAS 89 era disclosures), which is no longer required or authoritative in current GAAP practice."
participating-interest,Participating Interest,POINTER,True,True,True,both models,2,"The entry defines nothing itself and only refers to a paragraph. The target paragraph is current authoritative guidance, so the pointer resolves and the defect is only cosmetic."
participation-right,Participation Right,HOMONYM,True,False,False,one model,1,"A near-identical entry, 'participation rights', gives a different meaning (security holders' rights), and neither entry says where each applies. The contexts (Topic 715 versus Topic 505) make the confusion minor."
participation-rights,participation rights,HOMONYM,True,False,False,one model,1,"This entry shares its name, apart from the plural, with 'Participation Right', which has an insurance-contract meaning. Neither entry indicates its scope."
payment-in-kind-bonds,payment-in-kind bonds,CIRC,False,True,True,one model,1,"The entry defines baby bonds inline already, so the mutual pointer relationship with the 'baby bonds' entry is redundant rather than substantively circular; the main definition is self-contained."
pension-benefit-formula,plan's benefit formula,HOMONYM,False,True,True,one model,2,"The glossary contains a separate entry 'Pension Benefit Formula' with presumably its own definition, and this entry for 'plan's benefit formula' does not clarify which context each applies to, creating ambiguity between the two same-concept entries."
pension-benefit-formula,plan's benefit formula,MALFORMED,False,True,False,one model,1,"The entry's key/slug (pension-benefit-formula) does not match the term it purports to define (plan's benefit formula), which is confusing given that a differently-named entry 'Pension Benefit Formula' also exists."
performance-condition,Performance Condition,PENDING,True,True,True,both models,2,"The current and pending definitions are shown together, and they differ. The pending version limits the original text to goods or services used in the grantor's own operations. It also adds a separate definition for share-based consideration payable to a customer, which uses 'any of the following' criteria instead of 'both of the following'. The reader must work out which version applies."
performance-indicator,Performance Indicator,UNDEF,True,False,False,one model,2,"The definition works only by analogy. It relies on 'results of operations' and 'income from continuing operations', and no glossary entry defines either term. It does not say what the indicator includes or excludes, so applying it requires the Topic 954 presentation guidance."
performance-requirements,Performance Requirements,MALFORMED,False,True,False,one model,2,"The actual definition of the term is buried inside unrelated transition-date and transition-paragraph text, which is not appropriate content for a glossary definition and makes the entry confusing to read as a definition."
periodic-ratchet-design,periodic ratchet design,POINTER,True,True,False,both models,2,The entry names only the broad category. Everything that distinguishes the periodic ratchet design from other designs is left to the referenced implementation-guidance paragraph.
permanent-land-development-costs,Permanent Land Development Costs,POINTER,True,True,True,both models,2,"The entry defines nothing itself and only sends the reader to another entry. The target entry does define permanent land development costs, so the pointer resolves. This is not a true cycle: the target does not depend on this entry for its meaning, so the CIRC flag is a false positive."
persistency,persistency,UNDEF,True,True,False,both models,1,"The definition relies on 'termination rate', which has no glossary entry. The rest of the definition still makes the meaning clear."
plan-curtailment,curtailment,HOMONYM,False,True,True,one model,2,"This entry (term 'curtailment') and the separate 'curtailment' entry both use the same name, one substantive and one a pointer labeled 'Plan Curtailment,' without any indication in either entry of where each meaning applies, creating ambiguity about which entry is authoritative."
plan-s-benefit-formula,plan's benefit formula,POINTER,True,True,True,both models,2,"The entry defines nothing itself and only redirects to Pension Benefit Formula. That target exists and says it is 'Sometimes referred to as a plan's benefit formula', so the pointer resolves. The DANGLING and HOMONYM flags are false positives: the same-name text is the target's own definition, not a conflicting homonym."
plan-s-benefit-formula,plan's benefit formula,DANGLING,False,True,True,one model,2,No glossary entry named 'Pension Benefit Formula' is shown; the target may not exist under that capitalization/key.
plan-s-benefit-formula,plan's benefit formula,HOMONYM,False,True,True,one model,2,"A same-named entry contains the substantive definition while this entry is a bare pointer, creating two entries under the same term without indicating which applies where."
point-to-point-design,point-to-point design,POINTER,True,True,False,both models,2,"The entry gives only the genus (a type of equity-indexed annuity) and refers the reader to a paragraph for the distinguishing features, so it does not define the design by itself. The cited paragraph exists and is authoritative."
postpetition-liabilities,postpetition liabilities,UNDEF,False,True,False,one model,2,"The definition depends on the term 'prepetition liabilities,' which is not itself defined in the glossary snapshot."
postretirement-benefit-plan,postretirement benefit plan,POINTER,True,True,True,both models,2,"The entry defines nothing and only refers to the term Plan. A Plan entry exists in the Master Glossary, so the DANGLING flag appears to be a false positive."
postretirement-benefits-other-than-pensions,postretirement benefits other than pensions,POINTER,True,True,True,both models,1,This is a pointer-only entry. Its target exists and is contentful.
potentially-responsible-party,Potentially Responsible Party,MALFORMED,True,False,False,one model,2,The entry is named for the general term but mostly describes one subcategory: unidentified or unproven PRPs ('hiding in the weeds'). The entry name therefore does not match what the bulk of the text defines.
preferred-stock-subject-to-mandatory-redemption-requirements-or-whose-redemption-is-outside-the-control-of-the-issuer,Preferred Stock Subject to Mandatory Redemption Requirements or Whose Redemption is Outside the Control of the Issuer,POINTER,True,True,True,both models,1,The entry only refers to SEC material in the S99 paragraph. That paragraph exists.
preferred-stocks-which-are-not-redeemable-or-are-redeemable-solely-at-the-option-of-the-issuer,Preferred Stocks Which Are Not Redeemable or Are Redeemable Solely at the Option of the Issuer,POINTER,True,True,True,both models,1,The entry only refers to SEC material in the S99 paragraph. That paragraph exists.
preliminary-project-stage,preliminary project stage,STALE,True,True,True,both models,1,The definition is scheduled to be superseded by ASU 2025-06 and will then have no content.
preliminary-project-stage,preliminary project stage,PENDING,True,True,True,both models,2,The current definition is concatenated with a pending version that removes it upon transition. The two versions differ.
premium-tax-offsets,premium tax offsets,SELF,True,False,False,one model,1,The definition largely restates the term. It adds only who levies the tax and does not explain what the offset is (a credit against premium tax for guaranty-fund assessments).
prepaid-interest-rate-swap,prepaid interest rate swap,UNDEF,True,False,False,one model,1,'Effective notional amount' is a technical term that no glossary entry defines.
prepetition-liabilities,prepetition liabilities,MALFORMED,True,False,False,one model,1,"A lease rejection is an event, not a claim. The intended example is the claim that arises from the rejection, so the wording is garbled."
present-value,Present Value,CIRC,True,True,True,both models,2,"Present value is defined using discount rate, and discount rate refers back to present value, which forms a cycle. The core meaning of discount rate (the time value of money) is independent, so the cycle impairs little."
price-adjustment-theory,price adjustment theory,INCONS,True,False,False,one model,2,"The glossary defines the theory as a distribution of earnings. The Codification uses it as the premise that a cooperative operates at cost and returns excess charges to patrons, so the definition describes a consequence of the theory rather than the theory itself."
prior-service-costs,prior service costs,POINTER,True,True,True,both models,2,The entry defines nothing itself and only redirects the reader to another glossary term.
prior-service-costs,prior service costs,DANGLING,False,True,False,one model,2,"No glossary entry named 'Supplemental Actuarial Value' is evidenced in the Master Glossary, making this pointer's target unverifiable or nonexistent."
prior-service-costs,prior service costs,HOMONYM,True,False,False,one model,1,"The name nearly duplicates 'Prior Service Cost' (Topic 715), which has a different meaning. The entry does not say that it applies to plan accounting (Topic 960)."
probable,Probable,HOMONYM,True,True,True,both models,2,Another entry named 'probable' has an unrelated mining-reserves definition. Neither entry states where each meaning applies.
probable-reserves,probable,HOMONYM,True,True,True,both models,2,This entry shares the name 'probable' with the general likelihood definition. It does not indicate that it applies only to mining (Topic 930).
probable-reserves,probable,MALFORMED,True,True,False,both models,2,"The entry name is 'probable', but the text defines 'probable reserves', so the name does not match what is defined."
production-costs,Production Costs,POINTER,True,True,True,both models,2,"The entry defines nothing itself. It only refers to the SEC rule text reproduced in 932-10-S99-1. That target exists in the linked paragraph, so the pointer is usable, but the reader must leave the glossary to find the definition."
promissory-estoppel,promissory estoppel,NONAUTH,True,True,False,both models,2,"The definition is quoted from an external legal dictionary, not authoritative GAAP. Because the full text is reproduced in the entry, the definition still works on its own."
properties,Properties,DANGLING,False,True,True,one model,2,"The internal cross-reference cites paragraph 932-235-50-7, but the actual Codification paragraph numbering observed in linked evidence uses the reversed subtopic form 235-932-50-4, suggesting the cited paragraph number may not exist or is mistyped, leaving the pointer unverifiable or broken."
property-and-casualty-insurance-entity,property and casualty insurance entities,INCONS,True,False,False,one model,1,The Codification treats this term as a synonym of property and liability insurance entity. Yet the two glossary entries give different definitions: this one leaves out the statement that such entities can also issue accident and health contracts.
property-and-casualty-insurance-entity,property and casualty insurance entities,MALFORMED,True,False,False,one model,2,"The entry is named property and casualty insurance entities, but its closing sentence talks about property and liability insurance entities, which is a different glossary term. The name and the text do not match."
proven-reserves,proved,MALFORMED,True,True,False,both models,2,"The entry name is 'proved', but the text defines 'proven reserves'. The name does not match the defined term, and a bare 'proved' could be confused with proved oil and gas reserves."
public-entity,Public Entity,HOMONYM,True,False,False,one model,2,"The Master Glossary contains several differently worded 'Public Entity' entries used in different Topics. This entry does not say that it applies only where linked, for example Topic 280. This rests on knowledge of the wider glossary; no other Public Entity entry is supplied here."
publicly-traded-entity-or-public-entity,publicly traded entity,HOMONYM,True,False,False,one model,2,"The definition is purely negative. It depends on 'nonpublic entity', which has several Master Glossary entries with different definitions. The entry does not say which one applies, so the reader must guess the reference."
publicly-traded-entity-or-public-entity,publicly traded entity,UNDEF,False,True,False,one model,2,"The definition depends entirely on the term 'nonpublic entity,' which is not shown to be defined in the glossary, leaving the definition circular by negation without a defined anchor term."
publicly-traded-entity-or-public-entity,publicly traded entity,MALFORMED,False,True,False,one model,1,"The entry slug conflates two potentially distinct terms ('publicly traded entity' and 'public entity') under one key while the displayed term name only reflects one of them, creating ambiguity about scope."
purchased-seasoned-loans,purchased seasoned loans,POINTER,True,True,False,both models,3,"The entry gives no definition and only refers to paragraphs in Subtopic 326-20. Those paragraphs are part of pending guidance effective December 16, 2026."
purchased-seasoned-loans,purchased seasoned loans,MALFORMED,False,True,False,one model,2,"The entry's definition text consists of duplicate transition effective dates rather than substantive content, indicating a garbled extraction of the entry rather than a real definition."
qualified-assets,Qualified assets,POINTER,True,True,True,both models,3,"The entry defines nothing and only refers to SEC Regulation S-X text reproduced in an S99 paragraph. The target exists, so the pointer is not dangling."
rabbi-trusts,rabbi trust,UNDEF,True,False,False,one model,1,'Grantor trust' is an income tax concept that no glossary entry defines. The qualification test also relies on tax law. The overall meaning is still clear.
readily-convertible-to-cash,Readily Convertible to Cash,NONAUTH,True,True,True,both models,2,"The current version cites a nonauthoritative Concepts Statement as its source. The criteria themselves are fully stated, so the citation is only a provenance note and does not affect how the definition is applied."
readily-convertible-to-cash,Readily Convertible to Cash,PENDING,True,True,True,both models,1,A current and a pending version are displayed together. They differ only in that the pending version removes the Concepts Statement citation; the substantive criteria are identical.
readily-determinable-fair-value,Readily Determinable Fair Value,STALE,True,False,False,one model,1,"The entry refers to an outdated organizational name. NASDAQ is now an SEC-registered exchange, and the NASD has been succeeded by FINRA. The intended meaning remains clear."
real-estate-venture,real estate venture,UNDEF,True,False,False,one model,1,None of the listed forms is defined in the glossary; only corporate joint venture is. The definition also never states that the arrangement must hold or engage in real estate.
real-estate-venture,real estate venture,INCONS,True,False,False,one model,2,"The definition lists only a joint venture, a general partnership, a limited partnership and an undivided interest. Paragraph 323-970-25-10, however, treats a corporate subsidiary as a real estate venture."
recorded-investment,Recorded Investment,STALE,True,False,False,one model,1,"ASU 2016-13 (credit losses) replaced 'recorded investment' with 'amortized cost basis' in much of the Codification, including the linked paragraph. The term survives in the glossary for residual uses, so the definition partly reflects superseded terminology."
recoverable-amount,recoverable amount,STALE,False,True,False,one model,2,"The only paragraphs linking to this term are in Topic 255 (Changing Prices), which contains largely superseded/inactive guidance; the definition's practical use base is stale."
regular-way-trades,regular-way trades,STALE,True,False,False,one model,1,The example reflects an outdated U.S. settlement cycle. U.S. exchanges moved to T+2 in 2017 and to T+1 in 2024. The operative 'standard settlement cycle' criterion still works.
regulatory-assets-and-regulatory-liabilities,regulatory assets and regulatory liabilities,DANGLING,False,True,True,one model,2,"The definition depends on specific paragraph citations that could not be verified as existing/current in the snapshot, flagged by detector as dangling pointers."
release,release,MALFORMED,False,True,False,one model,1,"Vague reference to 'the law' without naming the specific statute (CERCLA) creates minor ambiguity, though not enough to impair use of the definition."
remainder-interest,remainder interest,CIRC,False,True,True,one model,2,"Remainder interest is defined in terms of split-interest agreement, and split-interest agreement's own definition in turn depends on the concepts of lead interest and remainder interest, forming a mutual dependency cycle that requires cross-referencing both entries to fully understand either term."
reorganization,reorganization,SCOPECONF,False,True,False,one model,2,"The Codification also uses 'reorganization' to mean a Chapter 11 bankruptcy reorganization (see reorganization-proceeding, reorganization-value, reorganization-items entries and 852-10 paragraphs), but this entry does not note that the term has a different meaning elsewhere in GAAP."
reorganization,reorganization,INCONS,True,False,False,one model,2,"The entry gives only the narrow master-limited-partnership meaning and does not say it is limited to Subtopic 805-50. The glossary and Topic 852 widely use 'reorganization' for a Chapter 11 reorganization (for example, 'because it is in reorganization')."
reorganization-items,reorganization items,INCONS,True,False,False,one model,2,"The definition depends on 'reorganization' in its Chapter 11 sense. The glossary entry for 'reorganization' defines a master-limited-partnership transaction, so following the glossary gives the wrong meaning."
reorganization-value,Reorganization Value,UNDEF,True,False,False,one model,1,'Reconstituted entity' and 'reconstitution' are not defined in the glossary. Their meaning is inferable from Chapter 11 context.
reporting-currency,reporting currency,CIRC,False,True,True,one model,2,"Reporting-currency depends on reporting-entity, which depends on foreign-entity and foreign-currency-transactions, which in turn depend back on reporting-currency, forming a strongly connected cycle that impairs standalone understanding."
reporting-date,reporting date,HOMONYM,True,False,False,one model,1,"The definition is specific to employee benefit plans, but the entry does not state that it applies only to Topic 960 and related plan topics. Elsewhere in GAAP the term is used generally."
reporting-date,reporting date,SCOPECONF,False,True,False,one model,1,"This definition is specific to employee benefit plan reporting, while 'reporting date' is used more broadly elsewhere in GAAP (e.g., balance sheet/measurement date) without this narrower meaning being flagged."
reporting-entity,reporting entity,CIRC,True,True,True,both models,2,"The entry references 'foreign currency transactions', and that entry in turn is defined by reference to 'a reporting entity'. The core first sentence is understandable on its own, so the cycle is only cosmetic."
repurchase-agreement-accounted-for-as-a-collateralized-borrowing,Repurchase Agreement Accounted for as a Collateralized Borrowing,SCOPECONF,True,False,False,one model,2,"The entry itself states that the same label carries the opposite meaning in some industries, so the term has more than one meaning in practice."
repurchase-agreement-accounted-for-as-a-collateralized-borrowing,Repurchase Agreement Accounted for as a Collateralized Borrowing,INCONS,True,False,False,one model,1,"The entry embeds its own definition of repurchase agreement. That definition is narrower (securities only, sale framing) than the separate Repurchase Agreement entry, which covers financial assets exchanged for cash, securities or letters of credit."
requisite-service-period,requisite service period,CIRC,True,False,True,one model,1,"The entry is in a cycle with service condition, but only through the presumption sentence. The core definition (the period during which an employee is required to provide service) can be understood without the partner entry."
residual-value,residual value,INCONS,True,False,False,one model,1,"The generic term is limited to intangible assets, while residual value is also used for other assets elsewhere in the Codification (for example leased assets). The entry does not state that its scope is limited to Subtopic 350-30."
restate-translate,restate-translate,STALE,False,True,False,one model,1,"This method relates to constant-purchasing-power/current-cost reporting under old FAS 89 guidance (Topic 255), which is now voluntary and rarely applied in practice, indicating the underlying guidance is largely superseded in practical use even though the Topic remains in the Codification."
restricted-net-assets,restricted net assets,POINTER,True,True,True,both models,2,"The entry defines nothing itself. It only refers to the SEC rule reproduced in the Codification. The target exists, so the pointer is not dangling."
restructuring,restructuring,NONAUTH,True,True,True,both models,3,"The definition is attributed to IAS 37, a 2002 IFRS standard, which is not authoritative U.S. GAAP. The substantive wording is reproduced, so the entry can still be applied."
return-of-capital,return of capital,UNDEF,False,True,False,one model,1,"The term 'tax-basis earnings and profits' is used without being defined elsewhere in the glossary, though its meaning is reasonably inferable from tax accounting context."
reverse-repurchase-agreement-accounted-for-as-a-collateralized-borrowing,Reverse Repurchase Agreement Accounted for as a Collateralized Borrowing,SELF,False,True,False,one model,2,"The definition restates the term itself in its own definition, using the term to define the term with minimal added content beyond a synonym swap."
reverse-repurchase-agreement-accounted-for-as-a-collateralized-borrowing,Reverse Repurchase Agreement Accounted for as a Collateralized Borrowing,SCOPECONF,True,False,False,one model,1,"The entry itself acknowledges that the label is used with the opposite meaning in some industries. This is one word with several meanings, which can confuse readers."
reverse-repurchase-agreement-accounted-for-as-a-collateralized-borrowing,Reverse Repurchase Agreement Accounted for as a Collateralized Borrowing,INCONS,False,True,False,one model,2,"The entry is titled 'accounted for as a collateralized borrowing' but the body describes it as 'accounted for as a collateralized lending,' creating an internal contradiction that impairs understanding of which party's accounting treatment the term denotes."
revolving-period-securitizations,revolving-period securitizations,UNDEF,True,False,False,one model,1,"The definition relies on 'special-purpose entity', a technical term that has no Master Glossary entry, particularly after the qualifying SPE concept was removed by ASU 2009-16."
risk-of-antiselection,risk of antiselection,MALFORMED,False,True,False,one model,1,"The definition is terse and grammatically awkward ('lower terminations of poor risks'), making the intended meaning (that poor risks tend to persist while good risks lapse) unclear without additional context."
rollup,rollup,HOMONYM,False,True,False,one model,1,"Rollup and rollout are distinct but closely related and easily confused terms describing different ways of forming a master limited partnership; the entries do not cross-reference each other or clarify the distinction, risking confusion though they are not literally homonyms."
rotable-parts,rotable parts,SELF,False,True,False,one model,1,"The definition restates the term itself at the start, though it does add contrastive content distinguishing rotable from expendable parts, so the self-reference is only mildly tautological."
row-crops,row crop,POINTER,True,True,True,both models,2,"The entry defines nothing itself and only refers the reader to the Field and Row Crops entry. The target term exists, so the reader can still find the definition."
royalties,royalties,INCONS,True,False,False,one model,1,"A generic word is defined only in its music-industry sense from Topic 928, and the entry does not limit itself to that Topic. The Codification also uses ""royalties"" more broadly, for example for sales-based or usage-based royalties on licenses of intellectual property."
sale-leaseback-accounting,Sale-Leaseback Accounting,STALE,True,True,True,both models,3,"The entry is only a supersession notice with no definition, yet it is still linked from one Codification location. A reader following the link finds nothing to apply."
saleable-hydrocarbons,Saleable Hydrocarbons,SELF,True,False,False,one model,1,"The definition largely restates 'saleable'. Its only added content is the delivered-state condition, so the circularity is cosmetic."
sales-type-lease,Sales-Type Lease,CIRC,True,True,True,both models,2,"The entry forms a cycle with 'operating lease', which is defined as any lessor lease other than a sales-type or direct financing lease. The reference is anchored to paragraph 842-10-25-3A, so the classification can be resolved without the glossary 'operating lease' definition. The cycle is therefore only nominal."
securities-custodian,securities custodian,SELF,False,True,False,one model,2,"The definition restates the term 'securities custodian' as part of describing what it 'may be,' offering a circumstantial description rather than a clear, contentful definition of the role, which risks being tautological rather than explanatory."
securities-custodian,securities custodian,UNDEF,True,False,False,one model,1,"The entry relies on 'securities transfer system' and 'transfer system operator', which no glossary entry defines."
securities-custodian,securities custodian,MALFORMED,True,False,False,one model,2,"The text does not define the term. It gives a permissive example ('may be') and adds an unrelated clause about book entry securities existing in electronic form. It reads as descriptive text lifted from the paragraph, not a definition."
separate-account,separate account,INCONS,True,False,False,one model,2,"The definition limits separate accounts to investing plan assets, but Topic 944 (944-80, 815-944) uses separate accounts for insurance and variable annuity contract holders' funds generally. That usage goes beyond the plan-only definition."
separately-priced-contracts,Separately priced contracts,STALE,True,False,False,one model,2,"The only linking paragraph is in Subtopic 605-20. Its guidance on separately priced extended warranty contracts was superseded by the revenue guidance in Topic 606, so the term now depends on superseded guidance."
service,Service,INCONS,False,True,False,one model,2,"The glossary defines 'Service' solely in the narrow context of pension plan accounting, yet the term 'service' is used broadly throughout the Codification (e.g., stock compensation, customer service arrangements) with different, non-pension meanings, creating a mismatch between the generic entry name and its restricted scope."
service-condition,Service Condition,CIRC,True,True,True,both models,2,"Service condition relies on requisite service period, and the requisite service period definition in turn relies on service conditions to set its presumed length. Both entries carry independent content, so the cycle impairs understanding only slightly."
service-corporation,service corporations,SELF,True,False,False,one model,2,"The entry describes what a REIT may do with a service corporation and what services it may provide, but never states what a service corporation is (its legal form or relationship to the REIT). It relies on the term itself instead of giving a defining genus."
service-inception-date,Service Inception Date,CIRC,False,True,True,one model,1,"Service inception date is defined by reference to grant date, and grant date's definition references the mutual understanding process that can precede service inception date in some cases, but understanding service inception date does not require fully resolving grant date's definition; this is a weak/borderline cycle, low severity."
settlement-of-a-pension-or-postretirement-benefit-obligation,settlement,HOMONYM,True,True,True,both models,2,"This entry shares the name 'settlement' with the share-based payment entry. The entry does not state where each meaning applies, but its content (pension or postretirement benefit obligation) makes the context evident."
settlement-of-an-award,settlement,HOMONYM,True,True,True,both models,2,"This entry shares the name 'settlement' with the pension/postretirement entry. The entry has no explicit scope statement, but its content (share-based payment award) makes the context evident."
shares,shares,SELF,True,False,False,one model,2,"The entry only extends the term to include other interests. It never states what a share is, so the core meaning must come from ordinary usage."
shares,shares,NONAUTH,True,False,False,one model,1,The parenthetical on owners and equity terminology comes from Concepts Statement material. It explains equity naming conventions rather than defining shares.
significant-changes,significant,STALE,True,True,True,both models,3,"The definition has been superseded and its transition dates have passed, so the displayed definition is no longer operative guidance."
significant-changes,significant,PENDING,True,True,True,both models,2,"The current definition and the pending supersession note are concatenated in one entry, and the two versions differ (definition versus removal)."
significant-changes,significant,MALFORMED,False,True,False,one model,2,"The glossary term is labeled simply 'significant' but the definition actually describes 'significant changes' to a film, creating a mismatch between the entry name and its content."
significant-geographic-area,significant geographic area,POINTER,True,True,True,both models,2,"The entry defines nothing itself and only refers to the SEC rule text. The target exists, since the linked paragraph reproduces Rule 9-05, so the DANGLING flag is a false positive."
significant-influence,significant influence,POINTER,True,True,True,both models,2,"This is a pointer-only entry. The referenced paragraphs exist in Subtopic 323-10 and supply the definition, so it is usable, but the glossary itself gives no content."
significant-oil-and-gas-producing-activities,Significant Activities,DANGLING,False,True,True,one model,1,"The definition references a specific paragraph for a term (oil- and gas-producing activities) that may not exist or be locatable in the current Codification snapshot, though this cannot be confirmed with certainty."
significant-oil-and-gas-producing-activities,Significant Activities,STALE,True,False,False,one model,1,"The criteria rely on the legacy industry-segment notion from superseded segment guidance, not on Topic 280's operating segments. The entry defines the notion inline, so it remains applicable. The DANGLING flag for 932-235-50-24 is not substantiated, because that paragraph exists in Topic 932."
significant-oil-and-gas-producing-activities,Significant Activities,MALFORMED,False,True,False,one model,2,"The glossary term is labeled 'Significant Activities' while the entry defines 'significant oil- and gas-producing activities,' a mismatch between term name and defined concept."
simultaneous-equations-method,simultaneous-equations,MALFORMED,True,True,False,both models,1,"The entry name omits 'method', although the text defines a method. The linked paragraph uses 'simultaneous-equations methods'. This is a cosmetic mismatch between the name and what is defined."
specialized-skills,specialized skills,MALFORMED,True,False,False,one model,1,"The term is 'specialized skills', but the text defines services that require them. The definition is still applicable in 958-605-25-16(b), so the mismatch is cosmetic."
split-interest-agreement,Split-Interest Agreement,CIRC,False,True,True,one model,2,"The entry defines split-interest agreement partly by reference to 'lead interest' and 'remainder interest,' each of which is in turn defined by reference back to 'split-interest agreement,' forming a small mutual-reference cycle that a reader must traverse to fully understand any one term."
springing-lock-box-arrangement,springing lock-box arrangement,MALFORMED,True,True,False,both models,2,"The entry is a sentence copied from guidance about borrowings, not a definition. The term's meaning sits only in the trailing 'whereby' clause, which also switches from 'borrower' to 'debtor'."
standby-letter-of-credit,Standby letters of credit,STALE,True,False,False,one model,1,"The exclusion appears to rely on an older banking-regulation reference. The current Federal Reserve Regulation M addresses consumer leasing, and rules on foreign branches of U.S. banks are now found elsewhere, so the cross-reference is probably outdated. This is not certain from the supplied evidence."
standby-letter-of-credit,Standby letters of credit,MALFORMED,True,True,False,both models,1,"The entry name is plural, but the definition defines the singular 'A letter of credit'. This is a cosmetic mismatch."
stop-loss-arrangement,stop-loss arrangements,MALFORMED,True,True,False,both models,1,"The entry for 'stop-loss arrangements' describes how such arrangements operate rather than stating what one is. The meaning can be inferred, but the entry is not phrased as a definition."
stop-loss-insurance,stop-loss insurance,INCONS,True,False,False,one model,2,"The definition limits stop-loss insurance to contracts that indemnify providers. In 450-954-25-1, however, the provider itself gives aggregate stop-loss insurance to self-insured employers, so the provider is the insurer. The definition therefore does not match how the Codification uses the term."
stub-period,stub period,STALE,True,True,False,both models,1,"The explanation is built around LIBOR-based swaps, a benchmark that has been discontinued. The concept of a stub period still applies, but the illustrative framing is dated."
supply-cooperative,Supply,POINTER,False,True,False,one model,1,"The entry ends with a bare cross-reference to another term rather than fully explaining the relationship, though it does provide a substantive definition first, so this is a minor rather than disqualifying defect."
supply-cooperative,Supply,MALFORMED,True,True,False,both models,2,"The entry name is truncated to 'Supply', but the entry defines a supply cooperative ('A cooperative that supplies to its patrons...'). The name does not match the defined term."
support-equipment-and-facilities,support equipment and facilities,SELF,True,False,False,one model,1,"The definition uses the term itself as its genus. The industry context and the list of examples give it usable content, but it never states what makes equipment 'support' equipment."
supporting-activities,supporting activities,CIRC,False,True,True,one model,2,"Supporting activities is defined partly in terms of 'management and general activities,' which in turn is defined as the residual category of supporting activities not otherwise identifiable as fundraising or membership-development activities (themselves listed as types of supporting activities). Understanding either term fully requires the other, forming a circular dependency."
synthetic-instrument-accounting,Synthetic instrument accounting,SELF,False,True,False,one model,1,"The definition restates the term at the start but goes on to add substantive content about its purpose and prohibition, so this is a restatement rather than a pure tautology."
take-or-pay-contract,take-or-pay,MALFORMED,True,False,False,one model,1,"The entry name is the bare modifier 'take-or-pay', but the text defines a noun ('An agreement between a purchaser and a seller'), i.e., a take-or-pay contract. This is cosmetic, because the Codification uses the phrase 'take-or-pay and throughput contracts'."
tax-or-benefit,tax (or benefit),SELF,False,True,False,one model,1,"The definition begins by repeating the term itself before adding the substantive content, a mild tautological framing though the rest of the sentence supplies real content."
tax-position,tax position,CIRC,True,False,True,one model,1,"The entry sits in a genuine cycle. Tax position refers to deferred tax assets, which depend on deductible temporary differences and then on temporary difference. Temporary difference is in turn defined via the tax basis 'computed pursuant to the requirements in Subtopic 740-10 for tax positions'. The core meaning of tax position can still be grasped without resolving the cycle, so the impact is minor."
taxable-temporary-difference,taxable,UNDEF,False,True,False,one model,1,"Relies on the Temporary Difference entry, which itself is part of a defined dependency cycle; minor since the core definition here is self-contained."
temporary-difference,Temporary Difference,CIRC,True,True,True,both models,2,"Temporary difference depends on tax position. Tax position is defined through deferred tax assets and liabilities, which are in turn defined through temporary differences. The loop is real but weak: the core meaning (a basis difference that produces future taxable or deductible amounts) can be understood without resolving it."
tentative-minimum-tax,tentative minimum tax,POINTER,False,True,False,one model,1,"Adds a pointer to another term for full context, though the entry does provide a substantive short definition of its own."
terminating-plan,terminating plans,MALFORMED,False,True,False,one model,1,"The entry key is singular while the glossary term itself and all usages are plural ('terminating plans'), a minor naming mismatch."
termination,Termination,SCOPECONF,False,True,False,one model,1,"The generic word 'Termination' is defined narrowly for insurance contexts without an explicit statement that the term carries different meanings elsewhere in GAAP (e.g., lease or contract termination), though usage context here is consistently insurance-related."
termination,Termination,INCONS,True,False,False,one model,2,"The entry is framed as a general meaning but is insurance-specific. The Codification uses 'termination' widely for employment, plans, leases and contracts (for example Termination Benefits, terminating plans). The entry's own examples (death, maturities, contract modifications) also go beyond a 'failure to renew'. The entry does not state that it applies only to Topic 944."
termination-indemnities,termination indemnities,MALFORMED,True,False,False,one model,1,"The phrase 'usually or more frequently' is awkward, redundant wording in the FASB text. This is cosmetic only."
theoretical-investment,theoretical investment,POINTER,True,True,True,both models,2,"The entry defines nothing and only sends the reader to another entry. That target does interpret 'theoretical investments', so the pointer resolves; the DANGLING flag looks like a false positive. The apparent cycle is only the target mentioning the term it defines, not true mutual dependence."
time-and-material-contracts,A time-and-material contract,STALE,True,False,False,one model,1,"One of the two linking paragraphs is in Subtopic 605-35, which was superseded by Topic 606."
time-and-material-contracts,A time-and-material contract,MALFORMED,True,True,False,both models,1,"The entry name includes the article ""A"", copied from list text in 605-35-15-4, and the definition speaks of plural ""Contracts""."
time-share,time-share,POINTER,True,True,True,both models,2,The entry provides no definition and only refers the reader to the entry for Interval.
time-sharing-interest,time-sharing interests,POINTER,True,True,True,both models,1,The entry defines nothing itself and only sends the reader to Interval. It works as a synonym cross-reference because Interval is a defined term used alongside it in 330-978-05-1.
time-sharing-special-purpose-entity,special-purpose entity,HOMONYM,True,False,False,one model,1,"The generic term 'special-purpose entity' is given a meaning limited to time-sharing transactions. The entry does not state that it applies only to Topic 978, although 'time-sharing real estate' implies that scope."
time-sharing-special-purpose-entity,special-purpose entity,SCOPECONF,False,True,False,one model,2,"The term 'special-purpose entity' is used elsewhere in GAAP (e.g., consolidation and variable interest entity guidance) with a much broader meaning; this entry defines a narrow time-sharing-specific sense without indicating that the term has other, different meanings in other Topics."
top-off-provision,top-off,POINTER,True,True,True,both models,1,The entry defines nothing itself and only refers to Make-Whole Provision. It serves as an adequate synonym cross-reference to an existing glossary term.
trading-purposes,trading purposes,POINTER,True,False,False,one model,2,"Apart from saying the test rests on intent, the entry mostly defers to another paragraph for its meaning. It gives no standalone definition of trading purposes."
trading-purposes,trading purposes,INCONS,True,False,False,one model,1,"Paragraph 320-10-25-1(a) is a classification rule, not a definition. The glossary itself defines trading and trading securities, so the reference is imprecise."
traditional-12b-1-plan,traditional 12b-1 plan,NONAUTH,False,True,False,one model,1,"The definition's content is anchored to an SEC regulation (Rule 12b-1) rather than to FASB GAAP, though the definition remains understandable and the SEC rule is used only as contextual identification of the plan type."
transaction,Transaction,NONAUTH,True,True,True,both models,2,"The current version cites a nonauthoritative Concepts Statement. The definition text itself is self-contained, so the citation is only a reference."
transaction,Transaction,PENDING,True,True,True,both models,1,Current and pending versions are shown together. They differ only in that the pending version removes the Concepts Statement reference.
transfer,Transfer,NONAUTH,True,True,True,both models,3,The current version gives no content of its own. Its meaning is taken entirely from a nonauthoritative Concepts Statement.
transfer,Transfer,SCOPECONF,True,True,True,both models,2,"The entry itself states that the word has a different, narrower meaning in Subtopic 860-10."
transfer,Transfer,PENDING,True,True,True,both models,2,"The pending version drops the Concepts Statement reference but gives no replacement meaning. The two concatenated versions differ, and the pending one leaves 'broad sense' unexplained."
transferred-financial-assets,Transferred Financial Assets,MALFORMED,True,False,False,one model,1,"The term names assets, but the text defines transfers. The entry name does not match what is defined, although the intended meaning is clear."
transition-asset,transition asset,STALE,True,False,False,one model,1,The definition is tied to the historical initial application of the postretirement guidance. The transition amounts are now largely of historical relevance only.
transition-obligation,transition obligation,STALE,True,False,False,one model,1,The definition is tied to the historical initial application of the postretirement guidance. The transition amounts are now largely of historical relevance only.
translation,translation,POINTER,True,True,True,both models,1,"The entry defines nothing itself and only redirects to Foreign Currency Translation. That target exists, so the redirect works, but the entry is pointer-only."
uncommitted-loans,Uncommitted loans,MALFORMED,True,False,False,one model,1,The entry name is plural but the text defines the singular. The mismatch is cosmetic only.
uncompleted-wells-equipment-and-facilities,"Uncompleted wells, equipment, and facilities",SELF,True,True,False,both models,2,"The definition opens by repeating the term itself. Its only added content is a list of costs for items that are 'not yet completed', which restates 'uncompleted' without saying what completion means."
undeveloped-oil-and-gas-reserves,Undeveloped Oil and Gas Reserves,POINTER,True,True,True,both models,2,"The entry defines nothing itself and only refers the reader to the SEC rule text reproduced in 932-10-S99-1. That target exists and supplies the definition, so the pointer is not dangling and the entry is usable."
unfunded-projected-benefit-obligation,unfunded projected benefit obligation,INCONS,True,False,False,one model,1,"The definition compares the obligation with plan assets without saying how they are measured. Paragraph 715-30-25-1 compares it with the fair value of plan assets, and the parallel postretirement entry also says fair value. This is a minor imprecision, because plan assets are measured at fair value in any case."
unguaranteed-residual-value,unguaranteed residual value,STALE,True,False,False,one model,2,"The term and the linking paragraph come from superseded Topic 840 lease concepts (minimum lease payments). Topic 842 uses 'unguaranteed residual asset' instead, so the entry depends on superseded guidance."
unit-of-account,Unit of Account,INCONS,True,False,False,one model,1,The definition limits unit of account to recognition purposes. Topic 820 also applies it to disclosure purposes.
unit-price-contracts,A unit-price contract,STALE,True,False,False,one model,1,One of the two linking paragraphs is in superseded Subtopic 605-35.
unit-price-contracts,A unit-price contract,MALFORMED,True,True,False,both models,1,"The entry name includes the article ""A"", copied from list text, and the definition speaks of plural ""Contracts""."
unitized,unitized,POINTER,True,True,True,both models,3,The entry defines nothing and only refers the reader elsewhere.
unitized,unitized,DANGLING,True,True,True,both models,3,"The target is not a Master Glossary term and no paragraph reference is given, so the reader cannot find a definition of 'unitized'."
unproved-properties,unproved properties,SELF,False,True,False,one model,1,"The definition largely restates the term negatively by reference to 'proved reserves' rather than substantively describing what unproved properties are, though it does add minimal distinguishing content."
unrecognized-tax-benefit,unrecognized tax benefit,MALFORMED,True,False,False,one model,1,"The sentence subtracts a benefit from a 'tax position', which is a category mismatch. It is intended to mean the benefit of the tax position as taken, and the meaning is recoverable."
unsecured-claim,unsecured claim,MALFORMED,True,False,False,one model,2,"Wording is garbled. A secured claim is by construction limited to the value of the collateral, so the intended phrase is the excess of the creditor's total claim. Also, the election to treat the entire claim as secured belongs to the creditor, not the debtor."
valuation-allowance,valuation allowance,CIRC,True,True,True,both models,2,"Valuation allowance depends on deferred tax asset, and that entry refers back to the valuation allowance. The cycle is real in the dependency graph. Deferred tax asset can still be understood without knowing what a valuation allowance is, so the cycle does not block application."
valuation-of-assets,Valuation of assets,NONAUTH,False,True,False,one model,2,SEC Regulation S-X content is not authoritative GAAP for nongovernmental entities under Topic 105; it is reproduced for reference only.
valuation-of-assets,Valuation of assets,POINTER,True,True,True,both models,3,"The entry defines nothing and only refers the reader to SEC rule text. The target paragraph does exist (it is linked from 205-962-S99-1), so the DANGLING flag is a false positive."
valuation-of-assets,Valuation of assets,DANGLING,False,True,True,one model,2,"The paragraph cited does not match the actual codification location shown in the linking data (205-962-S99-1), suggesting the pointer target is mislabeled or nonexistent."
valuation-of-assets,Valuation of assets,MALFORMED,True,False,False,one model,1,"The entry is named 'Valuation of assets', but the text says it points to the definition of 'value'. The name does not match what is referenced."
value,Value,NONAUTH,False,True,False,one model,2,"Reliance on SEC Regulation S-X content, which is not authoritative U.S. GAAP under Topic 105, to supply the actual definition."
value,Value,POINTER,True,True,True,both models,3,"The entry is pointer-only. It sends the reader to two alternative SEC sources without saying which applies when. The target 946-10-S99-2 exists, so the DANGLING flag is a false positive."
value-beyond-proven-and-probable-reserves,value beyond proven and probable reserves,UNDEF,True,False,False,one model,1,"The definition rests on the reserve categories 'proven' and 'probable', which come from SEC mining disclosure rules. The entry itself does not define them."
value-in-use,value in use,STALE,False,True,False,one model,2,"The sole linking paragraph is in Topic 255, Changing Prices, guidance that is largely superseded and rarely applied, raising doubt about the term's current authoritative status."
variable-interests,Variable Interests,CIRC,True,True,True,both models,2,"Variable interests are defined through expected losses and expected residual returns. Those terms are in turn defined as variability in the fair value of net assets 'exclusive of variable interests'. The definition itself also measures change in net assets 'exclusive of variable interests', so applying the term requires the concepts that depend on it. The DANGLING flag is a false positive: paragraphs 810-10-25-55 and 810-10-55-16 through 55-41 exist in the Codification."
variable-rate-forward-contracts,variable-rate forward contract,STALE,True,False,False,one model,1,"The illustrative index is LIBOR, which has been discontinued. It is only an example, so the definition still works."
vest,Vest,MALFORMED,True,False,False,one model,1,"The closing sentence is grammatically garbled. 'and the end of ... period' does not attach coherently to 'for which', although the intended meaning is recoverable."
wrap,wraps,INCONS,True,False,False,one model,1,"The entry is labeled with the verb form 'wraps' and defines a practice (a noun sense). The linked paragraph uses it as a verb ('feature that wraps a noninsurance contract'). The meaning is still clear, so the mismatch is cosmetic."
