entry,entry_slug,uses_term,uses_slug,snippet,entry_sha256
a unit-price contract,unit-price-contracts,fixed-price contract,fixed-price-contracts,A unit-price contract is essentially a [fixed-price contract] with the only variable being units,1b5d37d7efaa511b3dcdf761dfad2f58edca2be71ac61dca063a3e634bd3f991
fixed-price contract,fixed-price-contracts,lump-sum contract,lump-sum-contract,A fixed-price or [lump-sum contract] is a contract in which the,a2db68ff3169ad7c31c233d6b7c26a38e84b15f5c6b717901171bf0fe2114e0b
absolute priority doctrine,absolute-priority-doctrine,equity interests,equity-interests,the senior class of creditors and [equity interests] must be satisfied in full before,9b6a10a37c6309531e4e7859b04e37241df19a8c069c051ab9e073469da4c769
absolute priority doctrine,absolute-priority-doctrine,cram-down provisions,cram-down-provisions,nevertheless confirm the plan under the [cram-down provisions] of the Bankruptcy Code. The absolute,9b6a10a37c6309531e4e7859b04e37241df19a8c069c051ab9e073469da4c769
absolute priority doctrine,absolute-priority-doctrine,bankruptcy code,bankruptcy-code,under the cram-down provisions of the [Bankruptcy Code] . The absolute priority doctrine is,9b6a10a37c6309531e4e7859b04e37241df19a8c069c051ab9e073469da4c769
equity interests,equity-interests,mutual entities,mutual-entity,"owner, member, or participant interests of [mutual entities] ; and owner or member interests",a6defe11d22e3422f791f5fc70454f4fd04a84957aecca5a03633f19f49df734
equity interests,equity-interests,net assets,net-assets,owner or member interests in the [net assets] of not-for-profit entities.,a6defe11d22e3422f791f5fc70454f4fd04a84957aecca5a03633f19f49df734
cram-down provisions,cram-down-provisions,unsecured claim,unsecured-claim,"examples of conditions for secured claims, [unsecured claims] , and stockholder interests in the",3cc6d512c519266e4f0692cb63cd260624a85a1f9a1772ecdb956962133f82ca
cram-down provisions,cram-down-provisions,secured claim,secured-claim,"Code states examples of conditions for [secured claims] , unsecured claims, and stockholder interests",3cc6d512c519266e4f0692cb63cd260624a85a1f9a1772ecdb956962133f82ca
cram-down provisions,cram-down-provisions,bankruptcy code,bankruptcy-code,"or not be impaired. However, the [Bankruptcy Code] allows the Bankruptcy Court under certain",3cc6d512c519266e4f0692cb63cd260624a85a1f9a1772ecdb956962133f82ca
cram-down provisions,cram-down-provisions,bankruptcy court,bankruptcy-court,"However, the Bankruptcy Code allows the [Bankruptcy Court] under certain conditions to confirm a",3cc6d512c519266e4f0692cb63cd260624a85a1f9a1772ecdb956962133f82ca
accounting change,accounting-change,error in previously issued financial statements,error-in-previously-issued-financial-statements,reporting entity. The correction of an [error in previously issued financial statements] is not an accounting change.,893dd6d290513b660fb984fb4ba64253201b087480ac50b9f876c9297fa34a7b
accounting change,accounting-change,reporting entity,reporting-entity,"principle, an accounting estimate, or the [reporting entity] . The correction of an error",893dd6d290513b660fb984fb4ba64253201b087480ac50b9f876c9297fa34a7b
reporting entity,reporting-entity,foreign currency transactions,foreign-currency-transactions,"by combination, consolidation, or equity accounting [Foreign currency transactions] .",0494ea2fbbe39233ce2e0ee7cb3c49b50e0ab7e2a0b58ede775f3841d2b89799
accretion expense,accretion-expense,carrying amount,carrying-amount,resulting from the increase in the [carrying amount] of the liability associated with the,d3007d4ce1f69cad75b163da02dbb279aea6e9e6f3b65bf2296dab2bce516fa4
accretion expense,accretion-expense,asset retirement obligation,asset-retirement-obligation,of the liability associated with the [asset retirement obligation] .,d3007d4ce1f69cad75b163da02dbb279aea6e9e6f3b65bf2296dab2bce516fa4
carrying amount,carrying-amount,face amount,face-amount,"For a receivable, the [face amount] increased or decreased by applicable accrued",3cae3f0b82f718131d374aab60417dce471db3c0a821be689839012acba4bb93
accumulated benefit obligation,accumulated-benefit-obligation,projected benefit obligation,projected-benefit-obligation,accumulated benefit obligation differs from the [projected benefit obligation] in that it includes no assumption,2a66ba93541712b8f6412edfa4eb57584bc4e94f9c615b7d8b056f1868df7e2e
accumulated benefit obligation,accumulated-benefit-obligation,actuarial present value,actuarial-present-value,The [actuarial present value] of benefits (whether vested or nonvested),2a66ba93541712b8f6412edfa4eb57584bc4e94f9c615b7d8b056f1868df7e2e
accumulated benefit obligation,accumulated-benefit-obligation,benefit formula,benefit-formula,"nonvested) attributed, generally by the pension [benefit formula] , to employee service rendered before",2a66ba93541712b8f6412edfa4eb57584bc4e94f9c615b7d8b056f1868df7e2e
projected benefit obligation,projected-benefit-obligation,actuarial present value,actuarial-present-value,The [actuarial present value] as of a date of all,2997ff9740143e837b9d7844bc3916b9ca9cd9e6326858208352d96bf3d51ccc
projected benefit obligation,projected-benefit-obligation,benefit formula,benefit-formula,all benefits attributed by the pension [benefit formula] to employee service rendered before that,2997ff9740143e837b9d7844bc3916b9ca9cd9e6326858208352d96bf3d51ccc
actuarial present value,actuarial-present-value,time value,time-value,each amount adjusted to reflect the [time value] of money (through discounts for interest),1d3d291def50d020a81e91e270598d22a5e0ae1ae5624fd46f0a970f73dfd9e6
accumulated eligibility credits,accumulated-eligibility-credits,plan participant,plan-participant,[Plan participants] may qualify for a benefit in,b72d8fa1cb578f3aab7c2a492d8b3a57d6e68b9318a15cdeee5e4c6a73e46b31
plan participant,plan-participant,credited service period,credited-service-period,who has rendered service in the [credited service period] and is expected to receive employer-provided,37a391b5899c4b207f607cb29a4e18f1b65113094948e5809fcc5b5e7a7264ee
plan participant,plan-participant,postretirement benefit plan,postretirement-benefit-plan,"to receive employer-provided benefits under the [postretirement benefit plan] , including benefits to or for",37a391b5899c4b207f607cb29a4e18f1b65113094948e5809fcc5b5e7a7264ee
accumulated plan benefits,accumulated-plan-benefits,benefit information date,benefit-information-date,to employees' service rendered to the [benefit information date] . Accumulated plan benefits comprise benefits,4e2bc5fff3a76daa000668b1e69d3237f940539b7ed803a59d7df66b8f249624
benefit information date,benefit-information-date,actuarial present value of accumulated plan benefits,actuarial-present-value-of-accumulated-plan-benefits,The date as of which the [actuarial present value of accumulated plan benefits] is presented.,2ccce679b71df3d6d89d64e6f0324ff39130f1c6d49bc5d39ac52402fbb096d4
accumulated postretirement benefit obligation,accumulated-postretirement-benefit-obligation,expected postretirement benefit obligation,expected-postretirement-benefit-obligation,employee is the portion of the [expected postretirement benefit obligation] attributed to that employee's service rendered,269a05645812a8d14141da3c2ce001b622049389e632edce646391eb4ed1505a
accumulated postretirement benefit obligation,accumulated-postretirement-benefit-obligation,attribution period,attribution-period,employee service already rendered in the [attribution period] . Before an employee's full eligibility,269a05645812a8d14141da3c2ce001b622049389e632edce646391eb4ed1505a
accumulated postretirement benefit obligation,accumulated-postretirement-benefit-obligation,actuarial present value,actuarial-present-value,The [actuarial present value] as of a particular date of,269a05645812a8d14141da3c2ce001b622049389e632edce646391eb4ed1505a
accumulated postretirement benefit obligation,accumulated-postretirement-benefit-obligation,full eligibility date,full-eligibility-date,"the attribution period. Before an employee's [full eligibility date] , the accumulated postretirement benefit obligation",269a05645812a8d14141da3c2ce001b622049389e632edce646391eb4ed1505a
expected postretirement benefit obligation,expected-postretirement-benefit-obligation,postretirement benefits,postretirement-benefits,of a particular date of the [postretirement benefits] expected to be paid by the,76b491f8b14297ab8a4cf7e67e6d4096f88dbae9e1eee8194028c1e3a524dbcd
expected postretirement benefit obligation,expected-postretirement-benefit-obligation,actuarial present value,actuarial-present-value,The [actuarial present value] as of a particular date of,76b491f8b14297ab8a4cf7e67e6d4096f88dbae9e1eee8194028c1e3a524dbcd
attribution period,attribution-period,expected postretirement benefit obligation,expected-postretirement-benefit-obligation,an employee's service to which the [expected postretirement benefit obligation] for that employee is assigned. The,d239089ee29c09ca3bbcc82a65abe8db48b58cedda26244d6956c8f8171339a6
attribution period,attribution-period,credited service period,credited-service-period,is generally the beginning of that [credited service period] . The end of the attribution,d239089ee29c09ca3bbcc82a65abe8db48b58cedda26244d6956c8f8171339a6
attribution period,attribution-period,benefit formula,benefit-formula,date of hire unless the plan's [benefit formula] grants credit only for service from,d239089ee29c09ca3bbcc82a65abe8db48b58cedda26244d6956c8f8171339a6
attribution period,attribution-period,full eligibility date,full-eligibility-date,"of the attribution period is the [full eligibility date] . Within the attribution period, an",d239089ee29c09ca3bbcc82a65abe8db48b58cedda26244d6956c8f8171339a6
full eligibility date,full-eligibility-date,dependency status,dependency-status,by an employee's current marital or [dependency status] .,07b1dcbcd243c8497affa251626e0449ab156a5e7427e9fa8a58a102b2a3bf2d
accumulation phase,accumulation-phase,annuity contract,annuity-contract,The period during an [annuity contract] before annuitization. An insurance entity may,76fda2d6c0dae9e7fa70f197dc37e274c0bfadd06019b6aee6644628c0bdcf29
annuity contract,annuity-contract,pension benefits,pension-benefits,a legal obligation to provide specified [pension benefits] to specific individuals in return for,ffd8db03711084b4f6d4330110707c000f32b730e5128539877df920e4bf928b
acquiree,acquiree,acquisition by a not-for-profit entity,acquisition-by-a-not-for-profit-entity,acquirer obtains control of in an [acquisition by a not-for-profit entity] .,062b204b89ba151ddad674c0ddd06794f50eecaf8da2cfb3b479126ab473e534
acquiree,acquiree,business combination,business-combination,acquirer obtains control of in a [business combination] . This term also includes a,062b204b89ba151ddad674c0ddd06794f50eecaf8da2cfb3b479126ab473e534
acquiree,acquiree,nonprofit activity,nonprofit-activity,combination. This term also includes a [nonprofit activity] or business that a not-for-profit acquirer,062b204b89ba151ddad674c0ddd06794f50eecaf8da2cfb3b479126ab473e534
acquisition by a not-for-profit entity,acquisition-by-a-not-for-profit-entity,business combination,business-combination,"by a not-for-profit entity, the term [business combination] has the same meaning as this",0e4c02ac52da4e621337bed05aec7b65ddb93114e8b2b17fa9f8def608e64904
acquisition by a not-for-profit entity,acquisition-by-a-not-for-profit-entity,not-for-profit entity,not-for-profit-entity,"Topic 805 is applied by a [not-for-profit entity] , the term business combination has",0e4c02ac52da4e621337bed05aec7b65ddb93114e8b2b17fa9f8def608e64904
business combination,business-combination,acquisition by a not-for-profit entity,acquisition-by-a-not-for-profit-entity,also are business combinations. See also [Acquisition by a Not-for-Profit Entity] .,a5d0a0257679206ba7b202442e550ca0df881de9bfaff7eb48a068ed215da2af
nonprofit activity,nonprofit-activity,not-for-profit entity,not-for-profit-entity,"customers, or members). As with a [not-for-profit entity] , a nonprofit activity possesses characteristics",f6a0e2356a8e53e590aeb3dbe9654b91d78b031183bf7c4ce8e84e28bc3af669
acquirer,acquirer,business combination,business-combination,"of the acquiree. However, in a [business combination] in which a variable interest entity",dc0658cef3b37fe2cf3410f98162ba606eac893b8ade49b1f882b6f10c459b7a
acquirer,acquirer,primary beneficiary,primary-beneficiary,"interest entity (VIE) is acquired, the [primary beneficiary] of that entity always is the",dc0658cef3b37fe2cf3410f98162ba606eac893b8ade49b1f882b6f10c459b7a
acquirer,acquirer,variable interest entity,variable-interest-entity,"a business combination in which a [variable interest entity] (VIE) is acquired, the primary beneficiary",dc0658cef3b37fe2cf3410f98162ba606eac893b8ade49b1f882b6f10c459b7a
primary beneficiary,primary-beneficiary,variable interest entity,variable-interest-entity,An entity that consolidates a [variable interest entity] (VIE). See paragraphs 810-10-25-38 through 25-38J,407c08089d5e3a47d5795f0aadd3e6de5a54824c54c4794ea92340c116e33a58
variable interest entity,variable-interest-entity,legal entity,legal-entity,A [legal entity] subject to consolidation according to the,d8ff16a174e46d8a37d99c5ad825d6b73fb62137faba803332f752f71dbb85c2
acquisition costs,acquisition-costs,insurance contracts,insurance-contract,successful acquisition of new or renewal [insurance contracts] .,48ba2ede050a4fa7ec3c41d22a35c404a6c8416ac4df7964fb2a4a12efab4445
acquisition development and construction arrangements,,expected residual profit,expected-residual-profit,,
expected residual profit,expected-residual-profit,equity kicker,equity-kicker,"interest or another name, such as [equity kicker] , above a reasonable amount of",74c06b3dc70a270fc97cbafe577172bf11a05c10bf52768134235ac45a470659
active plan participants,active-plan-participant,credited service period,credited-service-period,"who has rendered service during the [credited service period] and is expected to receive benefits,",70879c5f4640b430b44f320fdb68506edbe5e23e90041f60b92f981bdd0f0e1e
active plan participants,active-plan-participant,postretirement benefit plan,postretirement-benefit-plan,"beneficiaries and covered dependents, under the [postretirement benefit plan] . See Plan Participant.",70879c5f4640b430b44f320fdb68506edbe5e23e90041f60b92f981bdd0f0e1e
active plan participants,active-plan-participant,plan participant,plan-participant,under the postretirement benefit plan. See [Plan Participant] .,70879c5f4640b430b44f320fdb68506edbe5e23e90041f60b92f981bdd0f0e1e
credited service period,credited-service-period,attribution period,attribution-period,additional benefits under the plan. See [Attribution Period] .,5e634b2b6ea0bb713c04a7946fea61e07d7be45b217a6904800b280faf25c138
activities,activities,intended use,intended-use,"to prepare the asset for its [intended use] . For example, it includes administrative",a08d8da43cb6e6cf8137bddd8305e74586ebb0c6168b7f1ba9a475a9ca94316a
actual return on plan assets,actual-return-on-plan-assets-component-of-net-periodic-postretirement-benefit-cost,fair value,fair-value,The change in the [fair value] of the plan's assets for a,994ce0681e952a439e276d4410bd846595ec4ddbf3a083bb411a84dfe44ee2c0
actual return on plan assets,actual-return-on-plan-assets-component-of-net-periodic-postretirement-benefit-cost,plan assets,plan-assets,"funded plan, the actual return on [plan assets] shall be determined based on the",994ce0681e952a439e276d4410bd846595ec4ddbf3a083bb411a84dfe44ee2c0
fair value,fair-value,orderly transaction,orderly-transaction,to transfer a liability in an [orderly transaction] between market participants at the measurement,9b5b69c2c8338b386130c758bfb1c2f11a55ed9270f1065d26ce700af9150e64
fair value,fair-value,market participants,market-participants,liability in an orderly transaction between [market participants] at the measurement date.,9b5b69c2c8338b386130c758bfb1c2f11a55ed9270f1065d26ce700af9150e64
fair value,fair-value,measurement date,measurement-date,transaction between market participants at the [measurement date] .,9b5b69c2c8338b386130c758bfb1c2f11a55ed9270f1065d26ce700af9150e64
plan assets,plan-assets,contributory plan,contributory-plan,"employer, and by employees for a [contributory plan] , and amounts earned from investing",e68f05fff22cc89ea6648c49e93d412e5b62197b3f024581d8ee028479823512
plan assets,plan-assets,pension benefits,pension-benefits,"in a trust, to provide for [pension benefits] . The amount of plan assets",e68f05fff22cc89ea6648c49e93d412e5b62197b3f024581d8ee028479823512
actuarial asset value,actuarial-asset-value,actuarial cost method,actuarial-cost-method,for use in conjunction with an [actuarial cost method] .,68322ec6b0604a16d7d909dffa05eb7b04414aa4983da58de786d4a6247a8241
actuarial calculation,actuarial-calculation,net closed block liability,net-closed-block-liability,The periodic expected changes in the [net closed block liability] (on the basis of generally accepted,4367cfe00570850ef5e2e8d0f3158191dea6c2da57765b51e68a3c0c4cf0ebf8
actuarial calculation,actuarial-calculation,other comprehensive income,other-comprehensive-income,the effect of applicable items of [other comprehensive income] . The amortization of deferred acquisition,4367cfe00570850ef5e2e8d0f3158191dea6c2da57765b51e68a3c0c4cf0ebf8
actuarial calculation,actuarial-calculation,closed block,closed-block,periodic expected changes in the net [closed block] liability (on the basis of generally,4367cfe00570850ef5e2e8d0f3158191dea6c2da57765b51e68a3c0c4cf0ebf8
actuarial calculation,actuarial-calculation,acquisition costs,acquisition-costs,comprehensive income. The amortization of deferred [acquisition costs] is not a component of the,4367cfe00570850ef5e2e8d0f3158191dea6c2da57765b51e68a3c0c4cf0ebf8
net closed block liability,net-closed-block-liability,other comprehensive income,other-comprehensive-income,effect of related amounts in accumulated [other comprehensive income] at the actuarial calculation date. Deferred,a468aec8a06870cbe8d5f9d31e628a743ff998163078d77a7f0404cc8cc5aed1
net closed block liability,net-closed-block-liability,actuarial calculation date,actuarial-calculation-date,accumulated other comprehensive income at the [actuarial calculation date] . Deferred acquisition costs are not,a468aec8a06870cbe8d5f9d31e628a743ff998163078d77a7f0404cc8cc5aed1
net closed block liability,net-closed-block-liability,closed block,closed-block,The carrying amount of [closed block] liabilities in excess of the carrying,a468aec8a06870cbe8d5f9d31e628a743ff998163078d77a7f0404cc8cc5aed1
net closed block liability,net-closed-block-liability,carrying amount,carrying-amount,The [carrying amount] of closed block liabilities in excess,a468aec8a06870cbe8d5f9d31e628a743ff998163078d77a7f0404cc8cc5aed1
net closed block liability,net-closed-block-liability,acquisition costs,acquisition-costs,at the actuarial calculation date. Deferred [acquisition costs] are not assets of the closed,a468aec8a06870cbe8d5f9d31e628a743ff998163078d77a7f0404cc8cc5aed1
other comprehensive income,other-comprehensive-income,net income,net-income,in comprehensive income but excluded from [net income] .,33d009f118d90259a65a7bf3508c37224f0cc3848caad1b0149647215a42bbc0
other comprehensive income,other-comprehensive-income,comprehensive income,comprehensive-income,accounting principles (GAAP) are included in [comprehensive income] but excluded from net income.,33d009f118d90259a65a7bf3508c37224f0cc3848caad1b0149647215a42bbc0
actuarial calculation date,actuarial-calculation-date,date of demutualization,date-of-demutualization,"performed, which is as of the [date of demutualization] or formation of a mutual insurance",f43d89ff3f45955899e21a0d3cd87c3f14e920d531cda3e4010c0221ee55f19a
actuarial calculation date,actuarial-calculation-date,actuarial calculation,actuarial-calculation,"The date as of which the [actuarial calculation] is performed, which is as of",f43d89ff3f45955899e21a0d3cd87c3f14e920d531cda3e4010c0221ee55f19a
date of demutualization,date-of-demutualization,plan of reorganization,plan-of-reorganization,The date the [plan of reorganization] becomes effective.,090306f7abf1a1b2cb00ed02f9bb88eacfb7470d5dca8a7ec73b2aaab3070c8f
time value,time-value,fair value,fair-value,The portion of the [fair value] of an option that exceeds its,12e9e3e1179f4243ef48c0020f1ce69e9623c28b646e37a1adcf2770eaaf819a
time value,time-value,call option,call-option,"its intrinsic value. For example, a [call option] with an exercise price of $20",12e9e3e1179f4243ef48c0020f1ce69e9623c28b646e37a1adcf2770eaaf819a
time value,time-value,intrinsic value,intrinsic-value,"of an option that exceeds its [intrinsic value] . For example, a call option",12e9e3e1179f4243ef48c0020f1ce69e9623c28b646e37a1adcf2770eaaf819a
time value,time-value,exercise price,exercise-price,"example, a call option with an [exercise price] of $20 on a stock whose",12e9e3e1179f4243ef48c0020f1ce69e9623c28b646e37a1adcf2770eaaf819a
actuarial present value of accumulated plan benefits,actuarial-present-value-of-accumulated-plan-benefits,accumulated plan benefits,accumulated-plan-benefits,"to paragraphs 960-20-25-3960-20-25-4960-20-25-5 (that is, the [accumulated plan benefits] ), with the actuarial assumptions being",9950c702cc6fa64b39db938f1ef2a165084b8ea4f7a3206d9e0fc0d8d8a4f0fc
actuarial present value of accumulated plan benefits,actuarial-present-value-of-accumulated-plan-benefits,benefit information date,benefit-information-date,The amount as of a [benefit information date] that results from applying actuarial assumptions,9950c702cc6fa64b39db938f1ef2a165084b8ea4f7a3206d9e0fc0d8d8a4f0fc
actuarial present value of accumulated plan benefits,actuarial-present-value-of-accumulated-plan-benefits,time value,time-value,adjust those amounts to reflect the [time value] of money (through discounts for interest),9950c702cc6fa64b39db938f1ef2a165084b8ea4f7a3206d9e0fc0d8d8a4f0fc
adequate compensation,adequate-compensation,benefits of servicing,benefits-of-servicing,The amount of [benefits of servicing] that would fairly compensate a substitute,a421ab22b94e1b6c42c9eff28d40b0705e710e0a3da76b12b42eac3198e344a9
benefits of servicing,benefits-of-servicing,contractually specified servicing fees,contractually-specified-servicing-fees,"Revenues from [contractually specified servicing fees] , late charges, and other ancillary",3e43f45fe4098c5f13ca79af3bb91dec0b6d347c6e9936792670dff9f03c98e4
administrative expenses,administrative-expenses,unsecured claim,unsecured-claim,that receive priority over all other [unsecured claims] in a bankruptcy case. Administrative expenses,62ae43bf4c09978d8acd505e3fbb0a8dfaa3ab313e1ec6d522e3fcaa8a47dbd5
unsecured claim,unsecured-claim,chapter 11,chapter-11,unless the debtor elects in a [Chapter 11] proceeding to have the entire claim,03e0114c37dfd6340f01621ed7dd8e20c55fa68386b50b46d6f1e4f4e4f66ac4
unsecured claim,unsecured-claim,secured claim,secured-claim,"undersecured creditor, the excess of the [secured claim] over the value of the collateral",03e0114c37dfd6340f01621ed7dd8e20c55fa68386b50b46d6f1e4f4e4f66ac4
unsecured claim,unsecured-claim,bankruptcy code,bankruptcy-code,do not receive priority under the [Bankruptcy Code] . Sometimes referred to as an,03e0114c37dfd6340f01621ed7dd8e20c55fa68386b50b46d6f1e4f4e4f66ac4
advances,advances,pooling cooperatives,pooling-cooperative,Generally used in marketing and [pooling cooperatives] to denote amounts paid to patrons,0b397b0f55760ab907e4108d77f026f4315a2c46ec729a7a629a30d2b0dd35b4
affiliated entity,affiliated-entity,significant influence,significant-influence,party has the ability to exercise [significant influence] over the other's operating and financial,e052fb384532714da2c15ef76a2668088b9b6b9e95ef3bce349a049d342e1162
agency transaction,agency-transaction,reporting entity,reporting-entity,"of exchange transaction in which the [reporting entity] acts as an agent, trustee, or",425262672393d1abe64baf23124e2a22b985bfcda3eccef6b8ad6b634cc0d234
agent,agent,recipient entity,recipient-entity,relationships described in Topic 958. A [recipient entity] acts as an agent for and,dc43eb45514abffb8757addc9a42dedf3d2bc05697025a62012470fc3bad5cde
recipient entity,recipient-entity,not-for-profit entity,not-for-profit-entity,A [not-for-profit entity] (NFP) or charitable trust that accepts,4cf08e7cff0a68f40bcb8d2e469a0425120ed292b3db90e08d34562e442d76ea
agricultural cooperative,agricultural-cooperative,member of an agricultural cooperative,member-of-an-agricultural-cooperative,both of the following requirements: No [member of an agricultural cooperative] association is allowed more than one,9b5ae61c112478f5f446d21ebd2c3002976e42cb12f245a6d20fbd3d71d0fba3
member of an agricultural cooperative,member-of-an-agricultural-cooperative,agricultural cooperative,agricultural-cooperative,A member of an [agricultural cooperative] is an owner-patron who is entitled,bbcb79b9d2b4c788ac4743d268270c47db0a4a3a59d5055bc6c6b1ddef0455d5
all-in-one hedge,all-in-one-hedge,cash flow hedge,cash-flow-hedge,as the hedging instrument in a [cash flow hedge] of the variability of the consideration,6a84bdf4ccc1a4de814acea2dc4ecc8243435be00733d3633ec2b26cc0d06c7b
all-in-one hedge,all-in-one-hedge,forecasted transaction,forecasted-transaction,be paid or received in the [forecasted transaction] that will occur upon gross settlement,6a84bdf4ccc1a4de814acea2dc4ecc8243435be00733d3633ec2b26cc0d06c7b
cash flow hedge,cash-flow-hedge,forecasted transaction,forecasted-transaction,"asset or liability, or of a [forecasted transaction] , that is attributable to a",e32821c341e7cf08d7695a98af049f44a27eaf5cbdabac5ff297220f38f0d3cd
forecasted transaction,forecasted-transaction,firm commitment,firm-commitment,occur for which there is no [firm commitment] . Because no transaction or event,0a1319bfc97d945e9614e47ac62986d79eac9061e26e3a6862abde7939244fe9
allocated shares,allocated-shares,employee stock ownership plan,employee-stock-ownership-plan,Allocated shares are shares in an [employee stock ownership plan] trust that have been assigned to,c69a2c5eefe6214368b124d5473740129967e2131a04be37273abf097b935840
allowable costs,allowable-costs,interest cost,interest-cost,"In that context, allowable costs include [interest cost] and amounts provided for earnings on",920781c460185167550521ce60196a610158fa96c4962d0811fe9398f5b54d22
interest cost,interest-cost,projected benefit obligation,projected-benefit-obligation,,be290b7537d42fee4ca749b0e6f0fb9a8c7614aa7155a9ebb3ffc11ceceda422
interest cost,interest-cost,accumulated postretirement benefit obligation,accumulated-postretirement-benefit-obligation,,be290b7537d42fee4ca749b0e6f0fb9a8c7614aa7155a9ebb3ffc11ceceda422
interest cost,interest-cost,finance lease,finance-lease,"835-30, and interest related to a [finance lease] determined in accordance with Topic 842.",be290b7537d42fee4ca749b0e6f0fb9a8c7614aa7155a9ebb3ffc11ceceda422
allowed claims,allowed-claim,bankruptcy court,bankruptcy-court,The amount allowed by the [Bankruptcy Court] as a claim against the estate.,25e5a50424d56bb089584dd5771bd07de6da0739c548caa4ec390a77ba1f47e0
bankruptcy court,bankruptcy-court,bankruptcy code,bankruptcy-code,"11, 12, and 13 of the [Bankruptcy Code] .",8bff9e9ff0eaf789f623e300f5b1d417de8edd73232dd1bb89047d486b2156ff
amenities,amenities,promised amenities,promised-amenities,"facilities, and parking facilities. See also [Promised Amenities] .",84da106ba681303d20e70c2dd3bbe484bbd5c6290246a13233a7841f299647d9
amortization,amortization,other comprehensive income,other-comprehensive-income,"periods of amounts previously recognized in [other comprehensive income] , that is, gains or losses,",942f9668c352054a00518e40d2b1403d98623b96d5bd8930b8463107d28de948
amortization,amortization,net periodic pension cost,net-periodic-pension-cost,also means the systematic recognition in [net periodic pension cost] or other postretirement benefit cost over,942f9668c352054a00518e40d2b1403d98623b96d5bd8930b8463107d28de948
amortization,amortization,transition obligation,transition-obligation,"service cost or credits, and any [transition obligation] or asset.",942f9668c352054a00518e40d2b1403d98623b96d5bd8930b8463107d28de948
amortization,amortization,postretirement benefits,postretirement-benefits,"accounting for pension benefits or other [postretirement benefits] , amortization also means the systematic",942f9668c352054a00518e40d2b1403d98623b96d5bd8930b8463107d28de948
amortization,amortization,prior service cost,prior-service-cost,"income, that is, gains or losses, [prior service cost] or credits, and any transition obligation",942f9668c352054a00518e40d2b1403d98623b96d5bd8930b8463107d28de948
amortization,amortization,pension benefits,pension-benefits,"by recognizing losses. In accounting for [pension benefits] or other postretirement benefits, amortization also",942f9668c352054a00518e40d2b1403d98623b96d5bd8930b8463107d28de948
net periodic pension cost,net-periodic-pension-cost,transition asset,transition-asset,"or credit, and amortization of the [transition asset] or obligation existing at the date",90bb3189e886a54ad6e3420f1f231a4330cf8743ede62788700746f9fdb82be6
net periodic pension cost,net-periodic-pension-cost,gain or loss,gain-or-loss-component-of-net-periodic-pension-cost,"cost, actual return on plan assets, [gain or loss] , amortization of prior service cost",90bb3189e886a54ad6e3420f1f231a4330cf8743ede62788700746f9fdb82be6
net periodic pension cost,net-periodic-pension-cost,actual return on plan assets,actual-return-on-plan-assets-component-of-net-periodic-postretirement-benefit-cost,"cost are service cost, interest cost, [actual return on plan assets] , gain or loss, amortization of",90bb3189e886a54ad6e3420f1f231a4330cf8743ede62788700746f9fdb82be6
net periodic pension cost,net-periodic-pension-cost,prior service cost,prior-service-cost,"assets, gain or loss, amortization of [prior service cost] or credit, and amortization of the",90bb3189e886a54ad6e3420f1f231a4330cf8743ede62788700746f9fdb82be6
net periodic pension cost,net-periodic-pension-cost,interest cost,interest-cost,"periodic pension cost are service cost, [interest cost] , actual return on plan assets,",90bb3189e886a54ad6e3420f1f231a4330cf8743ede62788700746f9fdb82be6
transition obligation,transition-obligation,fair value,fair-value,benefit obligation in excess of the [fair value] of plan assets plus any recognized,87745a24d59c41362db5372172768a69bf714d71f22eea42924d38d121a81567
transition obligation,transition-obligation,plan assets,plan-assets,excess of the fair value of [plan assets] plus any recognized accrued postretirement benefit,87745a24d59c41362db5372172768a69bf714d71f22eea42924d38d121a81567
transition obligation,transition-obligation,accumulated postretirement benefit obligation,accumulated-postretirement-benefit-obligation,"715-60 was initially applied, of the [accumulated postretirement benefit obligation] in excess of the fair value",87745a24d59c41362db5372172768a69bf714d71f22eea42924d38d121a81567
prior service cost,prior-service-cost,benefit formula,benefit-formula,initiation) that are attributed by the [benefit formula] to employee services rendered in periods,a6e316b9dae97fac3cff652ce85979c0b54e7a6524039b7546cd5b5269b537a0
prior service cost,prior-service-cost,plan amendment,plan-amendment,of retroactive benefits granted in a [plan amendment] . Retroactive benefits are benefits granted,a6e316b9dae97fac3cff652ce85979c0b54e7a6524039b7546cd5b5269b537a0
amortized cost basis,amortized-cost-basis,financing receivable,financing-receivable,"is the amount at which a [financing receivable] or investment is originated or acquired,",f3b534303e65dae4391676077486342baca2040415af606a1946ed4eb69d254f
amortized cost basis,amortized-cost-basis,fair value hedge,fair-value-hedge,"of cash, writeoffs, foreign exchange, and [fair value hedge] accounting adjustments.",f3b534303e65dae4391676077486342baca2040415af606a1946ed4eb69d254f
fair value hedge,fair-value-hedge,fair value,fair-value,"the exposure to changes in the [fair value] of a recognized asset or liability,",2f208af10f9a1fc1fb93731b6d2876cef003e1cb01ed55e3319ffa6cff2a35a0
fair value hedge,fair-value-hedge,firm commitment,firm-commitment,"or liability, or of an unrecognized [firm commitment] , that are attributable to a",2f208af10f9a1fc1fb93731b6d2876cef003e1cb01ed55e3319ffa6cff2a35a0
annuity trust,annuity-trust,charitable remainder trust,charitable-remainder-trust,See [Charitable Remainder Trust] .,7281b9cadf9addfc73a8261cabdb050f089400681b7449ad9ea8171151235674
charitable remainder trust,charitable-remainder-trust,split-interest agreement,split-interest-agreement,"trust established in connection with a [split-interest agreement] , in which the donor or",64c7ddb695caa79cb75d972d2d68079c026dbc0b380cab0de945ca10935d646f
charitable remainder trust,charitable-remainder-trust,not-for-profit entity,not-for-profit-entity,"Upon termination of the trust, a [not-for-profit entity] (NFP) receives the assets remaining in",64c7ddb695caa79cb75d972d2d68079c026dbc0b380cab0de945ca10935d646f
antidilution,antidilution,earnings per share,earnings-per-share,An increase in [earnings per share] amounts or a decrease in loss,a6d65f5aea93c247db4e2104099ccf4b3dd2fb1d7aed533677109e2f557cff8b
earnings per share,earnings-per-share,common stock,common-stock,"earnings attributable to each share of [common stock] . For convenience, the term is",490167c104b0e119d6f1a9a2a28201c48c8bc37df8ab7446e22a2461e6f8ff74
asset retirement cost,asset-retirement-cost,carrying amount,carrying-amount,The amount capitalized that increases the [carrying amount] of the long-lived asset when a,b37ad6e28c2ba069e36ddf7e7e5b9348abe5ccba4db8cdad7c45896be36f8e26
asset retirement cost,asset-retirement-cost,asset retirement obligation,asset-retirement-obligation,asset when a liability for an [asset retirement obligation] is recognized.,b37ad6e28c2ba069e36ddf7e7e5b9348abe5ccba4db8cdad7c45896be36f8e26
association,association,common property,common-property,"operation, administration, and management of the [common property] . Generally, a not-for-profit corporation with",b2bdc3d606c695c4020709ae00bc1dccdaa07cc03b807fe16b0b550be918a792
assumed net incurred claims cost,assumed-per-capita-claims-cost-by-age,gross eligible charges,gross-eligible-charges,the amount and timing of future [gross eligible charges] . See Gross Eligible Charges and,76749f582f2c36194658f007f22bc84485b1283ca600ff834fb32b5e68cc4f5d
assumed net incurred claims cost,assumed-per-capita-claims-cost-by-age,health care cost trend rates,health-care-cost-trend-rate,claims costs is adjusted for assumed [health care cost trend rates] . The resulting assumed per capita,76749f582f2c36194658f007f22bc84485b1283ca600ff834fb32b5e68cc4f5d
assumed net incurred claims cost,assumed-per-capita-claims-cost-by-age,plan demographics,plan-demographics,costs and is applied with the [plan demographics] to determine the amount and timing,76749f582f2c36194658f007f22bc84485b1283ca600ff834fb32b5e68cc4f5d
assumed net incurred claims cost,assumed-per-capita-claims-cost-by-age,measurement date,measurement-date,"capita cost, for periods after the [measurement date] , of providing the postretirement health",76749f582f2c36194658f007f22bc84485b1283ca600ff834fb32b5e68cc4f5d
assumed net incurred claims cost,assumed-per-capita-claims-cost-by-age,per capita claims cost by age,per-capita-claims-cost-by-age,"assumed per capita claims cost, the [per capita claims cost by age] based on historical claims costs is",76749f582f2c36194658f007f22bc84485b1283ca600ff834fb32b5e68cc4f5d
assumed net incurred claims cost,assumed-per-capita-claims-cost-by-age,postretirement health care benefits,postretirement-health-care-benefits,"the measurement date, of providing the [postretirement health care benefits] covered by the plan from the",76749f582f2c36194658f007f22bc84485b1283ca600ff834fb32b5e68cc4f5d
gross eligible charges,gross-eligible-charges,cost-sharing provisions of the plan,cost-sharing-provisions-of-the-plan,and for the effects of the [cost-sharing provisions of the plan] .,6800c39472436ec7a29f0bb642f5f23a3ac486654f52cd3010e8f4ebd76fa1c1
gross eligible charges,gross-eligible-charges,plan participant,plan-participant,"covered by the plan to a [plan participant] , before adjusting for expected reimbursements",6800c39472436ec7a29f0bb642f5f23a3ac486654f52cd3010e8f4ebd76fa1c1
gross eligible charges,gross-eligible-charges,postretirement health care benefits,postretirement-health-care-benefits,The cost of providing the [postretirement health care benefits] covered by the plan to a,6800c39472436ec7a29f0bb642f5f23a3ac486654f52cd3010e8f4ebd76fa1c1
health care cost trend rates,health-care-cost-trend-rate,measurement date,measurement-date,"status, for each year from the [measurement date] until the end of the period",331ddb2006d042a3f7756dddf175b4fc677830406059b5189b319a778178ae11
health care cost trend rates,health-care-cost-trend-rate,dependency status,dependency-status,"the plan population by age and [dependency status] , for each year from the",331ddb2006d042a3f7756dddf175b4fc677830406059b5189b319a778178ae11
health care cost trend rates,health-care-cost-trend-rate,postretirement benefit plan,postretirement-benefit-plan,"care benefits currently provided by the [postretirement benefit plan] , due to factors other than",331ddb2006d042a3f7756dddf175b4fc677830406059b5189b319a778178ae11
health care cost trend rates,health-care-cost-trend-rate,plan participant,plan-participant,"in the health status of the [plan participants] . Differing types of services, such",331ddb2006d042a3f7756dddf175b4fc677830406059b5189b319a778178ae11
per capita claims cost by age,per-capita-claims-cost-by-age,plan participant,plan-participant,to the oldest age at which [plan participants] are expected to receive benefits under,b6733d74f950d4024e34dcf365d4e694f5292b51eb488f8f91e5720e6e13af9d
per capita claims cost by age,per-capita-claims-cost-by-age,postretirement health care benefits,postretirement-health-care-benefits,The current cost of providing [postretirement health care benefits] for one year at each age,b6733d74f950d4024e34dcf365d4e694f5292b51eb488f8f91e5720e6e13af9d
assuming entity,assuming-entity,ceding entity,ceding-entity,accepts an obligation to reimburse a [ceding entity] under the terms of the reinsurance,e8b0b3988dde9ec3c0826bb46e04c2c430e4dc8a39b579a37164a54c611978fe
ceding entity,ceding-entity,assuming entity,assuming-entity,the right to reimbursement from the [assuming entity] under the terms of the reinsurance,01b8d91c4e38f514247367bfcaa560e661b28f710a95345a94f5af046dd20b00
assumptions,assumptions,health care cost trend rates,health-care-cost-trend-rate,"per capita claims costs by age, [health care cost trend rates] , levels of Medicare and other",2eb630be88b0110e66d373a6670e12d236e43cbd06660130ab395d257b90ac46
assumptions,assumptions,dependency status,dependency-status,"turnover, retirement age, mortality, withdrawal, disablement, [dependency status] , per capita claims costs by",2eb630be88b0110e66d373a6670e12d236e43cbd06660130ab395d257b90ac46
assumptions,assumptions,time value,time-value,and discount rates to reflect the [time value] of money.,2eb630be88b0110e66d373a6670e12d236e43cbd06660130ab395d257b90ac46
assumptions,assumptions,discount rate,discount-rate,"compensation and national pension benefits, and [discount rates] to reflect the time value of",2eb630be88b0110e66d373a6670e12d236e43cbd06660130ab395d257b90ac46
assumptions,assumptions,pension benefits,pension-benefits,"reimbursements, changes in compensation and national [pension benefits] , and discount rates to reflect",2eb630be88b0110e66d373a6670e12d236e43cbd06660130ab395d257b90ac46
dependency status,dependency-status,postretirement benefit plan,postretirement-benefit-plan,expected to receive benefits under a [postretirement benefit plan] that provides dependent coverage.,f68d89c7685bd5a338d2db68c4ec3a9dabd776e9ed97818111cfe0efca4c3b47
discount rate,discount-rate,present value,present-value,rates are used in determining the [present value] as of the measurement date of,6c17b9ca033748711a6c30738b39cba6080f5b7f20cb781c79412c3b71fdde6f
discount rate,discount-rate,measurement date,measurement-date,the present value as of the [measurement date] of future cash flows currently expected,6c17b9ca033748711a6c30738b39cba6080f5b7f20cb781c79412c3b71fdde6f
discount rate,discount-rate,actuarial present value,actuarial-present-value,or other postretirement benefit obligation. See [Actuarial Present Value] .,6c17b9ca033748711a6c30738b39cba6080f5b7f20cb781c79412c3b71fdde6f
discount rate,discount-rate,time value,time-value,or rates used to reflect the [time value] of money. Discount rates are used,6c17b9ca033748711a6c30738b39cba6080f5b7f20cb781c79412c3b71fdde6f
attached call option,attached-call-option,financial asset,financial-asset,held by the transferor of a [financial asset] that becomes part of and is,5e67960d1fc115438a19247dee2d61ce62d9aee93973458305aaf415c9f5b7d0
attached call option,attached-call-option,call option,call-option,A [call option] held by the transferor of a,5e67960d1fc115438a19247dee2d61ce62d9aee93973458305aaf415c9f5b7d0
financial asset,financial-asset,financial instrument,financial-instrument,the following: Receive cash or another [financial instrument] from a second entity Exchange other,fcbe5e25c89ee812f36bc57bbfdfbf70520690c232f6f2010376311a87fbb1fb
attribute,attribute,historical cost,historical-cost,"measured for accounting purposes. For example, [historical cost] and current cost are attributes of",3116d095ef24a9d94ea9216636c88bb76799ecb861b8ceb453b8f5993b010b51
attribution,attribution,postretirement benefits,postretirement-benefits,process of assigning pension or other [postretirement benefits] or costs to periods of employee,b1c296225c1720874cc3fc9ae25172c721b58c53e8491c928c6d22646708cde8
automatic stay provisions,automatic-stay-provisions,bankruptcy code,bankruptcy-code,filing of a petition under the [Bankruptcy Code] to automatically stay virtually all actions,aa3577ed49ae9738e52fa2a2b50c00af4ea74a50d1bdafe34b7f15689c956f19
available-for-sale securities,available-for-sale-securities,trading securities,trading-securities,Investments not classified as either [trading securities] or as held-to-maturity securities.,902ea8ec286e9b61e02e5d38def6e91ea75a0142a88224714c9d624c3efd7ff8
trading securities,trading-securities,near term,near-term,purpose of selling them in the [near term] and therefore held for only a,a27126b7b83accf96588d9170de0e5c9c0f1c70e60af8f2dbc0b805fad544bd6
baby bonds,baby-bonds,payment-in-kind bonds,payment-in-kind-bonds,See [Payment-in-Kind Bonds] .,ab830eb1fab7e6ad12ae4cd43ccafc5974c0ce13ddd60e5ff75b8eac17047c2b
payment-in-kind bonds,payment-in-kind-bonds,baby bonds,baby-bonds,"to as baby or bunny bonds. [Baby bonds] generally have the same terms, including",e15fe801716e1603bca55bbbe6a77db404c17d2c5f3de030017e0ddd56ce35d2
backplant,backplant,title plant,title-plant,A [title plant] that antedates the period covered by,6bdef000ee326142b52c6b2e0bb35da5329a814532f8e5a7b7967be8c72f4677
base jackpot,base-jackpot,slot machine,slot-machine,"The fixed, minimum amount of a [slot machine] payout for a specific combination.",14b910f6336c03b5d00ca6ef9ca97e82c6e260afbc93323c8e91c075bc575c2f
basic earnings per share,basic-earnings-per-share,common stock,common-stock,period available to each share of [common stock] outstanding during the reporting period.,de8ae3961937016ace252c8db8296c56698dadf4b5f799fbbbf4ea7d51fd637f
benchmark interest rate,benchmark-interest-rate,financial instrument,financial-instrument,determining the interest rates of individual [financial instruments] and commonly referenced in interest-rate-related transactions.,5413818b9f574fe42ff596c9dac71f5a3b90bb19fd32c02cab80bdf2b4e3475b
benefit information,benefit-information,actuarial present value of accumulated plan benefits,actuarial-present-value-of-accumulated-plan-benefits,The [actuarial present value of accumulated plan benefits] .,1e9225878670635a083f61f81ea51bce6458649cde866f1c7785ea033d43ff98
benefit-years-of-service approach,benefit-years-of-service-approach,actuarial present value,actuarial-present-value,to each year of service. The [actuarial present value] of the benefits is derived after,fd4cd318f3733b17983454a58c683973a897320e96871a08aa5b91f0bd3ac738
benefits,benefit,pension benefits,pension-benefits,,7cba46e988c960b96f25d5ad2d518b4ae250afd3074a71858c8dcbde515e6d35
contractually specified servicing fees,contractually-specified-servicing-fees,financial asset,financial-asset,servicer in exchange for servicing the [financial asset] and would no longer be received,f2d34790da96d7f6bbf32c90a2a60b8713df938ee15901da60a6e79dbfefdc9e
blackout periods,blackout-period,share option,share-option,during which exercise of an equity [share option] is contractually or legally prohibited.,b9e32966d91f5d36c1e5141570f11b53d9cbd45b6c1cd7ef567f8bd6fc167192
board-contingent plan,board-contingent-plan,excess costs,excess-costs,to pay the distributor for any [excess costs] incurred by the distributor.,e2f0212ac385e215a6dc3579db9218caf03c2b3eefa94c3a942a2bf3ca10c450
excess costs,excess-costs,distribution costs,distribution-costs,The cumulative [distribution costs] incurred by the distributor less the,efff75a0ec6100db7ff644e5cd8f87de04ebc8b340d2fe2d14195028b1a3d584
excess costs,excess-costs,contingent-deferred sales load,contingent-deferred-sales-load,"of cumulative 12b-1 fees paid, cumulative [contingent-deferred sales load] payments, and future cumulative contingent-deferred sales",efff75a0ec6100db7ff644e5cd8f87de04ebc8b340d2fe2d14195028b1a3d584
excess costs,excess-costs,current shareholders,current-shareholders,"cumulative contingent-deferred sales load payments by [current shareholders] , if reasonably estimable.",efff75a0ec6100db7ff644e5cd8f87de04ebc8b340d2fe2d14195028b1a3d584
board-designated endowment fund,board-designated-endowment-fund,funds functioning as endowment,funds-functioning-as-endowment,"not necessarily specified period (sometimes called [funds functioning as endowment] or quasi-endowment funds). In rare circumstances,",325641f9802b9cf2fc70e5c660e82d28f43e2cbf8e2460422a2467c6d501d234
board-designated endowment fund,board-designated-endowment-fund,net assets without donor restrictions,net-assets-without-donor-restrictions,by designating a portion of its [net assets without donor restrictions] to be invested to provide income,325641f9802b9cf2fc70e5c660e82d28f43e2cbf8e2460422a2467c6d501d234
board-designated endowment fund,board-designated-endowment-fund,not-for-profit entity,not-for-profit-entity,An endowment fund created by a [not-for-profit entity] 's (NFP's) governing board by designating,325641f9802b9cf2fc70e5c660e82d28f43e2cbf8e2460422a2467c6d501d234
board-designated endowment fund,board-designated-endowment-fund,near term,near-term,"to spend donor-restricted contributions in the [near term] , then the board sometimes considers",325641f9802b9cf2fc70e5c660e82d28f43e2cbf8e2460422a2467c6d501d234
board-designated endowment fund,board-designated-endowment-fund,net assets with donor restrictions,net-assets-with-donor-restrictions,"also can include a portion of [net assets with donor restrictions] . For example, if an NFP",325641f9802b9cf2fc70e5c660e82d28f43e2cbf8e2460422a2467c6d501d234
board-designated endowment fund,board-designated-endowment-fund,endowment fund,endowment-fund,An [endowment fund] created by a not-for-profit entity's (NFP's),325641f9802b9cf2fc70e5c660e82d28f43e2cbf8e2460422a2467c6d501d234
funds functioning as endowment,funds-functioning-as-endowment,net assets without donor restrictions,net-assets-without-donor-restrictions,"[Net assets without donor restrictions] (donors include other types of contributors,",904a2de5e6e838e3cad05ffe57e07111fd95b1d2893ed296ccb404a9252fc3ed
funds functioning as endowment,funds-functioning-as-endowment,board-designated endowment fund,board-designated-endowment-fund,referred to as quasi-endowment funds or [board-designated endowment funds] .),904a2de5e6e838e3cad05ffe57e07111fd95b1d2893ed296ccb404a9252fc3ed
funds functioning as endowment,funds-functioning-as-endowment,near term,near-term,"to spend donor-restricted contributions in the [near term] , the board sometimes considers the",904a2de5e6e838e3cad05ffe57e07111fd95b1d2893ed296ccb404a9252fc3ed
funds functioning as endowment,funds-functioning-as-endowment,net assets with donor restrictions,net-assets-with-donor-restrictions,"also can include a portion of [net assets with donor restrictions] . For example, if an NFP",904a2de5e6e838e3cad05ffe57e07111fd95b1d2893ed296ccb404a9252fc3ed
net assets without donor restrictions,net-assets-without-donor-restrictions,donor-imposed restriction,donor-imposed-restriction,"entity that is not subject to [donor-imposed restrictions] (donors include other types of contributors,",22ae33e36d05ca375cc0fb433398dfc51a61fb2ab4f2c47a31861b3d00550ae5
net assets without donor restrictions,net-assets-without-donor-restrictions,not-for-profit entity,not-for-profit-entity,part of net assets of a [not-for-profit entity] that is not subject to donor-imposed,22ae33e36d05ca375cc0fb433398dfc51a61fb2ab4f2c47a31861b3d00550ae5
net assets without donor restrictions,net-assets-without-donor-restrictions,net assets,net-assets,The part of [net assets] of a not-for-profit entity that is,22ae33e36d05ca375cc0fb433398dfc51a61fb2ab4f2c47a31861b3d00550ae5
net assets with donor restrictions,net-assets-with-donor-restrictions,donor-imposed restriction,donor-imposed-restriction,"not-for-profit entity that is subject to [donor-imposed restrictions] (donors include other types of contributors,",d1822474c8eab8ff443befe01e0292f06b2fa37401bf7f382fdae0816cb0fe5e
net assets with donor restrictions,net-assets-with-donor-restrictions,not-for-profit entity,not-for-profit-entity,part of net assets of a [not-for-profit entity] that is subject to donor-imposed restrictions,d1822474c8eab8ff443befe01e0292f06b2fa37401bf7f382fdae0816cb0fe5e
net assets with donor restrictions,net-assets-with-donor-restrictions,net assets,net-assets,The part of [net assets] of a not-for-profit entity that is,d1822474c8eab8ff443befe01e0292f06b2fa37401bf7f382fdae0816cb0fe5e
endowment fund,endowment-fund,net assets,net-assets,may earmark a portion of its [net assets] as a Board-Designated Endowment Fund. See,06831309ac1e3a5f8aff7fc54249f72da876e2b8b8d7780033be45a1e6eb9822
endowment fund,endowment-fund,funds functioning as endowment,funds-functioning-as-endowment,as a Board-Designated Endowment Fund. See [Funds Functioning as Endowment] .,06831309ac1e3a5f8aff7fc54249f72da876e2b8b8d7780033be45a1e6eb9822
endowment fund,endowment-fund,donor-restricted endowment fund,donor-restricted-endowment-fund,"or for a specified period. See [Donor-Restricted Endowment Fund] . Alternatively, an NFP's governing board",06831309ac1e3a5f8aff7fc54249f72da876e2b8b8d7780033be45a1e6eb9822
endowment fund,endowment-fund,not-for-profit entity,not-for-profit-entity,income for the maintenance of a [not-for-profit entity] (NFP). The use of the assets,06831309ac1e3a5f8aff7fc54249f72da876e2b8b8d7780033be45a1e6eb9822
endowment fund,endowment-fund,board-designated endowment fund,board-designated-endowment-fund,of its net assets as a [Board-Designated Endowment Fund] . See Funds Functioning as Endowment.,06831309ac1e3a5f8aff7fc54249f72da876e2b8b8d7780033be45a1e6eb9822
endowment fund,endowment-fund,donor-imposed restriction,donor-imposed-restriction,fund may be with or without [donor-imposed restrictions] . Endowment funds generally are established,06831309ac1e3a5f8aff7fc54249f72da876e2b8b8d7780033be45a1e6eb9822
board-designated net assets,board-designated-net-assets,net assets without donor restrictions,net-assets-without-donor-restrictions,[Net assets without donor restrictions] subject to self-imposed limits by action,770da5ec71ac5e9f2b6549c19fbe40fde0583be73d0a7614f96812cf75500e9f
box spreads,box-spread,exercise price,exercise-price,"underlying security issue, number of shares, [exercise price] , and expiration date) coupled with",3920267ef8ea7829c3e85c6b85492ffbf711212b797dc2b994f1e585c67cee32
exercise price,exercise-price,common stock,common-stock,be paid for a share of [common stock] upon exercise of an option or,635aed48eb6100414a41fcdf563dc972129fafc79e349186006035b155ff9485
broker-assisted cashless exercise,broker-assisted-cashless-exercise,share option,share-option,exercise by a grantee of a [share option] and sale of the shares through,3e95d1e3d4e5a5a4cb7dae5936938c7212e47af178d434bb82fb76eb8e1123ee
broker-assisted cashless exercise,broker-assisted-cashless-exercise,exercise price,exercise-price,payment to the entity for the [exercise price] and the minimum statutory withholding taxes,3e95d1e3d4e5a5a4cb7dae5936938c7212e47af178d434bb82fb76eb8e1123ee
calculated value,calculated-value,nonpublic entity,nonpublic-entity,for the expected volatility of a [nonpublic entity] 's share price in an option-pricing,e5c6acd64e951798790843c95d76ce75265f03e7886fbefbb264b8e24f4bc2b4
calculated value,calculated-value,share option,share-option,measure of the value of a [share option] or similar instrument determined by substituting,e5c6acd64e951798790843c95d76ce75265f03e7886fbefbb264b8e24f4bc2b4
career-average-pay,career-average-pay-formula,benefit formula,benefit-formula,A [benefit formula] that bases benefits on the employee's,0c3baaf28c6ad47f59fe9c7d0837c52bb02a95002166688424fba197a1c924f0
carrybacks,carrybacks,taxable income,taxable-income,may be carried back to reduce [taxable income] or taxes payable in a prior,354a80e58c581462f7fa0d5f570ec96ec0f5d5199957a7eb1e33a64f458f0096
carryforwards,carryforwards,taxable income,taxable-income,may be carried forward to reduce [taxable income] or taxes payable in a future,886c3ccd6a699b3af5e274c0505f8c5ae4d435169845a07d8b59376be5c4fa6d
face amount,face-amount,notional amount,notional-amount,See [Notional Amount] .,a702dcb619dc3b3924dbd9e47d2cbd30c60293f2d29256401c1b72ff222331d5
cash flows expected at acquisition,cash-flows-expected-at-acquisition,fair value,fair-value,"business combination, the investor's estimate of [fair value] for purposes of acquisition price assignment",f7f2b23a380947d5ae5536dc6e6a57fb1fcae07067fb673d2f099eabde277655
cash flows expected at acquisition,cash-flows-expected-at-acquisition,present value,present-value,"and 820-10-55-4820-10-55-5820-10-55-6820-10-55-7820-10-55-8820-10-55-9820-10-55-10820-10-55-11820-10-55-12820-10-55-13820-10-55-14820-10-55-15820-10-55-16820-10-55-17820-10-55-18820-10-55-19820-10-55-20, which provide guidance on [present value] techniques.",f7f2b23a380947d5ae5536dc6e6a57fb1fcae07067fb673d2f099eabde277655
cash flows expected at acquisition,cash-flows-expected-at-acquisition,business combination,business-combination,"the acquisition price, and, in a [business combination] , the investor's estimate of fair",f7f2b23a380947d5ae5536dc6e6a57fb1fcae07067fb673d2f099eabde277655
present value,present-value,income approach,income-approach,discount rate (an application of the [income approach] ). Present value techniques differ in,775a8212ae827427fb48c024fa9811eb73d0eb77d616523a16036a7da3c084df
present value,present-value,discount rate adjustment technique,discount-rate-adjustment-technique,of cash flows they use. See [Discount Rate Adjustment Technique] .,775a8212ae827427fb48c024fa9811eb73d0eb77d616523a16036a7da3c084df
present value,present-value,discount rate,discount-rate,to a present amount using a [discount rate] (an application of the income approach).,775a8212ae827427fb48c024fa9811eb73d0eb77d616523a16036a7da3c084df
cash surrender value,cash-surrender-value,annuity contract,annuity-contract,of a life insurance contract or [annuity contract] upon discontinuance and surrender of the,c3ef93abe05c62d2b287181bd574b12c0b8c79d353d24cea0dfb833a5c0eb3b2
cash surrender value,cash-surrender-value,surrender charge,surrender-charge,outstanding loans (including accrued interest) and [surrender charges] . (Note: The use of this,c3ef93abe05c62d2b287181bd574b12c0b8c79d353d24cea0dfb833a5c0eb3b2
cash surrender value,cash-surrender-value,policy account balance,policy-account-balance,value may be different from the [policy account balance] due to outstanding loans (including accrued,c3ef93abe05c62d2b287181bd574b12c0b8c79d353d24cea0dfb833a5c0eb3b2
surrender charge,surrender-charge,insurance policy,insurance-policy,entity when a policyholder surrenders the [insurance policy] that typically decreases over the life,2f03be79258555fd8053fb7d5f177b3a1eba8182ff8008d049e80a3680291f2e
policy account balance,policy-account-balance,general account,general-account,"balance may be held in a [general account] , a separate account (a legally",0a388256ea37ae931090961d4f57af57fcd1a74455282669505131be999c09b3
policy account balance,policy-account-balance,separate account,separate-account,"held in a general account, a [separate account] (a legally segregated account), or a",0a388256ea37ae931090961d4f57af57fcd1a74455282669505131be999c09b3
policy account balance,policy-account-balance,acquisition costs,acquisition-costs,"income, less any relevant charges ( [acquisition costs] , cost of insurance, and so",0a388256ea37ae931090961d4f57af57fcd1a74455282669505131be999c09b3
policy account balance,policy-account-balance,cost of insurance,cost-of-insurance,"less any relevant charges (acquisition costs, [cost of insurance] , and so forth). (Note: The",0a388256ea37ae931090961d4f57af57fcd1a74455282669505131be999c09b3
cashless exercise,cashless-exercise,net share settlement,net-share-settlement,See [Net Share Settlement] .,7e8ed7b95ccdc29918c003d735254af8fdb0f16e299442641e199d383158e90a
net share settlement,net-share-settlement,fair value,fair-value,shares of stock with a current [fair value] equal to the gain.,34795adb1379841430f368d6589c008e01ac8cc59bd6bc1948d6da7baa04f1d8
net share settlement,net-share-settlement,financial instrument,financial-instrument,A form of settling a [financial instrument] under which the entity with a,34795adb1379841430f368d6589c008e01ac8cc59bd6bc1948d6da7baa04f1d8
causes,causes,not-for-profit entity,not-for-profit-entity,"conditions, needs, or concerns that a [not-for-profit entity] 's (NFP's) programs are designed to",3b2a7801b2924fb4112aef6754f4dde3571a09b787e1c1716c10bc1f22c332ae
change in accounting estimate,change-in-accounting-estimate,carrying amount,carrying-amount,has the effect of adjusting the [carrying amount] of an existing asset or liability,23197ed2de752cec0486ed9ef79ca44601263b1e97d84585ef2b59df139d7e8c
change in accounting estimate effected by a change in accounting principle,change-in-accounting-estimate-effected-by-a-change-in-accounting-principle,nonfinancial asset,nonfinancial-asset,"depreciation, amortization, or depletion for long-lived, [nonfinancial assets] .",6889b7752d732cca5f55955cd5f200b89673dd2c8a7ce8ea0ff804d0648c8b21
change in accounting estimate effected by a change in accounting principle,change-in-accounting-estimate-effected-by-a-change-in-accounting-principle,change in accounting principle,change-in-accounting-principle,from the effect of a related [change in accounting principle] . An example of a change,6889b7752d732cca5f55955cd5f200b89673dd2c8a7ce8ea0ff804d0648c8b21
change in accounting estimate effected by a change in accounting principle,change-in-accounting-estimate-effected-by-a-change-in-accounting-principle,change in accounting estimate,change-in-accounting-estimate,A [change in accounting estimate] that is inseparable from the effect,6889b7752d732cca5f55955cd5f200b89673dd2c8a7ce8ea0ff804d0648c8b21
nonfinancial asset,nonfinancial-asset,financial asset,financial-asset,"An asset that is not a [financial asset] . Nonfinancial assets include land, buildings,",3358cbcd37628e040d6845b722fdb1bda2ae84edea2dc46c0b60010c733a2ff8
nonfinancial asset,nonfinancial-asset,intangible assets,intangible-assets,"facilities or utilities, materials and supplies, [intangible assets] , or services.",3358cbcd37628e040d6845b722fdb1bda2ae84edea2dc46c0b60010c733a2ff8
change in the reporting entity,change-in-the-reporting-entity,business combination,business-combination,in combined financial statements. Neither a [business combination] accounted for by the acquisition method,f3cdf2d70c96e3144967d98e0c756c8b3860f7e6cb76f3fdb25fa3ed8dd19318
change in the reporting entity,change-in-the-reporting-entity,reporting entity,reporting-entity,"effect, are those of a different [reporting entity] . A change in the reporting",f3cdf2d70c96e3144967d98e0c756c8b3860f7e6cb76f3fdb25fa3ed8dd19318
change in the reporting entity,change-in-the-reporting-entity,variable interest entity,variable-interest-entity,method nor the consolidation of a [variable interest entity] (VIE) pursuant to Topic 810 is,f3cdf2d70c96e3144967d98e0c756c8b3860f7e6cb76f3fdb25fa3ed8dd19318
change in the reporting entity,change-in-the-reporting-entity,consolidated financial statements,consolidated-financial-statements,the group of entities for which [consolidated financial statements] are presented Changing the entities included,f3cdf2d70c96e3144967d98e0c756c8b3860f7e6cb76f3fdb25fa3ed8dd19318
change in the reporting entity,change-in-the-reporting-entity,combined financial statements,combined-financial-statements,to the following: Presenting consolidated or [combined financial statements] in place of financial statements of,f3cdf2d70c96e3144967d98e0c756c8b3860f7e6cb76f3fdb25fa3ed8dd19318
consolidated financial statements,consolidated-financial-statements,consolidated group,consolidated-group,The financial statements of a [consolidated group] of entities that include a parent,0d7b4e8bc82ba33e3c7f1b2439ba7a91983ab70fb0a73e118d0260c3c4b40c77
chapter 11,chapter-11,bankruptcy code,bankruptcy-code,"initiated under the provisions of the [Bankruptcy Code] , that provides for a reorganization",8ca5497d4160cde8bacf82bdaa082bc689dc92211627a288bdeb0c8be3b9d9a1
chapter 7,chapter-7,bankruptcy code,bankruptcy-code,"initiated under the provisions of the [Bankruptcy Code] , that provides for liquidation of",08af494775054d830ea697ac0676d228ddc0c8fe59b38d4b2db62defa0e3242c
charitable gift annuities,charitable-gift-annuity,split-interest agreement,split-interest-agreement,entity (NFP) in connection with a [split-interest agreement] that is in part a contribution,7c6f380af1e0791163eeb4996e036e2276ed5d10de790afae321489fc7138aa1
charitable gift annuities,charitable-gift-annuity,not-for-profit entity,not-for-profit-entity,A transfer of assets to a [not-for-profit entity] (NFP) in connection with a split-interest,7c6f380af1e0791163eeb4996e036e2276ed5d10de790afae321489fc7138aa1
split-interest agreement,split-interest-agreement,remainder interest,remainder-interest,two components: A lead interest A [remainder interest] .,bfd0617b2ee0af3da6a5821d4ece3ead23b729d65f9bbad3fec41df184f17000
split-interest agreement,split-interest-agreement,not-for-profit entity,not-for-profit-entity,or other arrangement under which a [not-for-profit entity] (NFP) receives benefits that are shared,bfd0617b2ee0af3da6a5821d4ece3ead23b729d65f9bbad3fec41df184f17000
split-interest agreement,split-interest-agreement,lead interest,lead-interest,has the following two components: A [lead interest] A remainder interest.,bfd0617b2ee0af3da6a5821d4ece3ead23b729d65f9bbad3fec41df184f17000
charitable lead annuity trust,charitable-lead-annuity-trust,split-interest agreement,split-interest-agreement,"trust established in connection with a [split-interest agreement] , in which a not-for-profit entity",f15dd5346e8479b871c58e85b47bb1fdf13ee5e62536bc6a000e5aeaf15f3d4e
charitable lead annuity trust,charitable-lead-annuity-trust,not-for-profit entity,not-for-profit-entity,"a split-interest agreement, in which a [not-for-profit entity] (NFP) receives distributions of a fixed",f15dd5346e8479b871c58e85b47bb1fdf13ee5e62536bc6a000e5aeaf15f3d4e
charitable lead trust,charitable-lead-trust,split-interest agreement,split-interest-agreement,"trust established in connection with a [split-interest agreement] , in which a not-for-profit entity",54793c5454b66fde9ae7b00d3e5b9a24763304f86cfa71862b8f1120ca1beb2d
charitable lead trust,charitable-lead-trust,not-for-profit entity,not-for-profit-entity,"a split-interest agreement, in which a [not-for-profit entity] (NFP) receives distributions during the agreement's",54793c5454b66fde9ae7b00d3e5b9a24763304f86cfa71862b8f1120ca1beb2d
charitable lead unitrust,charitable-lead-unitrust,fair value,fair-value,of a fixed percentage of the [fair value] of the trust's assets during the,b58719a5fb8e02dba098bd99f5fa9bd02e1c48f0fc39fbfba66bbac1066c54a6
charitable lead unitrust,charitable-lead-unitrust,split-interest agreement,split-interest-agreement,"trust established in connection with a [split-interest agreement] , in which a not-for-profit entity",b58719a5fb8e02dba098bd99f5fa9bd02e1c48f0fc39fbfba66bbac1066c54a6
charitable lead unitrust,charitable-lead-unitrust,not-for-profit entity,not-for-profit-entity,"a split-interest agreement, in which a [not-for-profit entity] (NFP) receives distributions of a fixed",b58719a5fb8e02dba098bd99f5fa9bd02e1c48f0fc39fbfba66bbac1066c54a6
charitable remainder annuity trust,charitable-remainder-annuity-trust,split-interest agreement,split-interest-agreement,"trust established in connection with a [split-interest agreement] , in which the donor or",88490cfc7ae0be2b51f313d8607ae82fb8d7ace3c2e44987fb34f8ed11310f17
charitable remainder annuity trust,charitable-remainder-annuity-trust,not-for-profit entity,not-for-profit-entity,"Upon termination of the trust, a [not-for-profit entity] (NFP) receives the assets remaining in",88490cfc7ae0be2b51f313d8607ae82fb8d7ace3c2e44987fb34f8ed11310f17
charitable remainder unitrust,charitable-remainder-unitrust,fair value,fair-value,of a fixed percentage of the [fair value] of the trust's assets during the,04615e35a0080196582fd3cd333ef02ec8ad8a7c5d2d43328c9f023886d2276b
charitable remainder unitrust,charitable-remainder-unitrust,split-interest agreement,split-interest-agreement,"trust established in connection with a [split-interest agreement] , in which the donor or",04615e35a0080196582fd3cd333ef02ec8ad8a7c5d2d43328c9f023886d2276b
charitable remainder unitrust,charitable-remainder-unitrust,not-for-profit entity,not-for-profit-entity,"Upon termination of the trust, a [not-for-profit entity] (NFP) receives the assets remaining in",04615e35a0080196582fd3cd333ef02ec8ad8a7c5d2d43328c9f023886d2276b
claims stabilization reserve,claims-stabilization-reserve,general account,general-account,"and is sometimes held in a [general account] (that is, an account that is",d378a39b2fe5e5e5ed407fc5555c07f247fbb26bdb848b3a175e98ec585438c4
claims stabilization reserve,claims-stabilization-reserve,separate account,separate-account,account (sometimes referred to as a [separate account] ). The amounts are accumulated in,d378a39b2fe5e5e5ed407fc5555c07f247fbb26bdb848b3a175e98ec585438c4
claims stabilization reserve,claims-stabilization-reserve,mortality risk,mortality-risk,"insurance entity to share in the [mortality risk] , which in this case is",d378a39b2fe5e5e5ed407fc5555c07f247fbb26bdb848b3a175e98ec585438c4
claims stabilization reserve,claims-stabilization-reserve,cost of insurance,cost-of-insurance,the policy account balance through the [cost of insurance] charge and is sometimes held in,d378a39b2fe5e5e5ed407fc5555c07f247fbb26bdb848b3a175e98ec585438c4
claims stabilization reserve,claims-stabilization-reserve,policy account balance,policy-account-balance,is established through deductions from the [policy account balance] through the cost of insurance charge,d378a39b2fe5e5e5ed407fc5555c07f247fbb26bdb848b3a175e98ec585438c4
general account,general-account,separate account,separate-account,that are not reported in the [separate account] (s).,4b035398979afc3fcc56141cdf3ab113cccd90494cdefb20e85c78fde2b973ca
class of financing receivable,class-of-financing-receivable,financing receivable,financing-receivable,A group of [financing receivables] determined on the basis of both,c54bd3472d536df26c22f6c1d78293c8567758f760430e263e115c7b582e0509
class of financing receivable,class-of-financing-receivable,credit risk,credit-risk,entity's method for monitoring and assessing [credit risk] .See paragraphs 326-20-55-11326-20-55-12326-20-55-13326-20-55-14 and 326-20-50-3.,c54bd3472d536df26c22f6c1d78293c8567758f760430e263e115c7b582e0509
credit risk,credit-risk,fair value,fair-value,"of a hedged item in a [fair value] hedge, credit risk is the risk",ad3f96e263133a5c35756b5c09b0c635db0fae513535a76abec0f7f79391c815
credit risk,credit-risk,benchmark interest rate,benchmark-interest-rate,contractually specified interest rate or the [benchmark interest rate] with respect to the related financial,ad3f96e263133a5c35756b5c09b0c635db0fae513535a76abec0f7f79391c815
credit risk,credit-risk,cash flow hedge,cash-flow-hedge,"of a hedged transaction in a [cash flow hedge] , credit risk is the risk",ad3f96e263133a5c35756b5c09b0c635db0fae513535a76abec0f7f79391c815
credit risk,credit-risk,financial asset,financial-asset,rate with respect to the related [financial asset] 's or liability's credit sector at,ad3f96e263133a5c35756b5c09b0c635db0fae513535a76abec0f7f79391c815
credit risk,credit-risk,fair value hedge,fair-value-hedge,"of a hedged item in a [fair value hedge] , credit risk is the risk",ad3f96e263133a5c35756b5c09b0c635db0fae513535a76abec0f7f79391c815
cleanup call option,cleanup-call-option,beneficial interests,beneficial-interests,"transferred financial assets, or the remaining [beneficial interests] not held by the transferor, its",6728a35d74a91e17c0d7050beb36b008a6930e6075d57f001b7abe9bf93d6b25
cleanup call option,cleanup-call-option,benefits of servicing,benefits-of-servicing,becomes burdensome in relation to the [benefits of servicing] .,6728a35d74a91e17c0d7050beb36b008a6930e6075d57f001b7abe9bf93d6b25
cleanup call option,cleanup-call-option,financial asset,financial-asset,"transferor, to purchase the remaining transferred [financial assets] , or the remaining beneficial interests",6728a35d74a91e17c0d7050beb36b008a6930e6075d57f001b7abe9bf93d6b25
cleanup call option,cleanup-call-option,transferred financial assets,transferred-financial-assets,"the transferor, to purchase the remaining [transferred financial assets] , or the remaining beneficial interests",6728a35d74a91e17c0d7050beb36b008a6930e6075d57f001b7abe9bf93d6b25
transferred financial assets,transferred-financial-assets,financial asset,financial-asset,any of the following: An entire [financial asset] A group of entire financial assets,98b2adcf9566c2ed3a1459ae4c79d77805032ea7e9218eaa88c74bd9d2be8608
transferred financial assets,transferred-financial-assets,participating interest,participating-interest,group of entire financial assets A [participating interest] in an entire financial asset.,98b2adcf9566c2ed3a1459ae4c79d77805032ea7e9218eaa88c74bd9d2be8608
closed-form model,closed-form-model,fair value,fair-value,an equation to produce an estimated [fair value] . The Black-Scholes-Merton formula is a,64cde877df48809e53704c3392c5f31d57dd62bd3aa39856b6a48732df17974f
closed-form model,closed-form-model,lattice model,lattice-model,"option valuation, both closed-form models and [lattice models] are based on risk-neutral valuation and",64cde877df48809e53704c3392c5f31d57dd62bd3aa39856b6a48732df17974f
closed-form model,closed-form-model,underlying asset,underlying-asset,function of the value of the [underlying asset] (s). One application of that methodology,64cde877df48809e53704c3392c5f31d57dd62bd3aa39856b6a48732df17974f
lattice model,lattice-model,fair value,fair-value,A model that produces an estimated [fair value] based on the assumed changes in,74dca179001f3d658b19650ed6860903501199f19a662f60eae61f22672acd1f
lattice model,lattice-model,financial instrument,financial-instrument,assumed changes in prices of a [financial instrument] over successive periods of time. The,74dca179001f3d658b19650ed6860903501199f19a662f60eae61f22672acd1f
lattice model,lattice-model,closed-form model,closed-form-model,and a contingent claims framework. See [Closed-Form Model] for an explanation of the terms,74dca179001f3d658b19650ed6860903501199f19a662f60eae61f22672acd1f
closure,closure,hazardous waste,hazardous-waste,in which the owner-operator of a [hazardous waste] management unit discontinues active operation of,21c0064eee29984a871c77c52f1c5b61ee775bce90490b40f7c771da15602c0c
coding,coding,detail program design,detail-program-design,out the requirements described in the [detail program design] . The coding of a computer,57408b9f0a45af8e085f499e22b5fba9346122509027af1ebc26624dacf3f8a4
collateral,collateral,security interest,security-interest,or real property in which a [security interest] has been given.,35d2c2997a6b7b53c358e749e85253b05b9072e7af85cc46c7f0d0074bc2c264
collateral assignment split-dollar life insurance,collateral-split-dollar-life-insurance,insurance policy,insurance-policy,the employee) owns and controls the [insurance policy] .,1d5565c6857a54c47415dabee231d7c887947f30f24365ecc1671c6cb11d430a
collateralized financing entity,collateralized-financing-entity,fair value,fair-value,"and have carrying values that approximate [fair value] (for example, cash, broker receivables, or",66a2ae98fe54301f7f99d1e8efa3121dbdeb0e599d1251fd53a3205d6c3d7758
collateralized financing entity,collateralized-financing-entity,beneficial interests,beneficial-interests,"entity that holds financial assets, issues [beneficial interests] in those financial assets, and has",66a2ae98fe54301f7f99d1e8efa3121dbdeb0e599d1251fd53a3205d6c3d7758
collateralized financing entity,collateralized-financing-entity,financial asset,financial-asset,"A variable interest entity that holds [financial assets] , issues beneficial interests in those",66a2ae98fe54301f7f99d1e8efa3121dbdeb0e599d1251fd53a3205d6c3d7758
collateralized financing entity,collateralized-financing-entity,nonfinancial asset,nonfinancial-asset,A collateralized financing entity may hold [nonfinancial assets] temporarily as a result of default,66a2ae98fe54301f7f99d1e8efa3121dbdeb0e599d1251fd53a3205d6c3d7758
collateralized financing entity,collateralized-financing-entity,variable interest entity,variable-interest-entity,"A [variable interest entity] that holds financial assets, issues beneficial",66a2ae98fe54301f7f99d1e8efa3121dbdeb0e599d1251fd53a3205d6c3d7758
commencement date of the lease commencement date,,underlying asset,underlying-asset,,
committed to be released,committed-to-be-released-shares,employee stock ownership plan,employee-stock-ownership-plan,relate is generally defined in the [employee stock ownership plan] documents. Shares are legally released from,da0d6c4671816e4ca1c44048b6828c3f12a1431b2f9f719398b33016b17b183e
common interest realty associations,common-interest-realty-association,common property,common-property,"maintenance, repair, and replacement of the [common property] , among other duties established in",a5e9736fff96d621587e46f6e2d64db8ef7747de0b91812d23d5c3f737735962
communication date,communication-date,one-time employee termination benefits,one-time-employee-termination-benefits,date the plan of termination for [one-time employee termination benefits] meets all of the criteria in,eb1cbe3c7f967b367bb4a76a75c1fcc8ec541fc513d7931922ab3eb75532c702
compensation plan,compensation-plan,net assets,net-assets,a percentage of the fund's average [net assets] . The 12b-1 fee may be,e805520b42bfc97251e2f4a1ffb34df0df9e1a60ef760179c0282707b9ce0f9b
net assets,net-assets,net assets with donor restrictions,net-assets-with-donor-restrictions,or absence of donor-imposed restrictions. See [Net Assets with Donor Restrictions] and Net Assets without Donor Restrictions.,18db20ffbf749832f9497fed9ebbb98a1464d47e22a71d1f7d63fb24f101a34f
net assets,net-assets,donor-imposed restriction,donor-imposed-restriction,to the existence or absence of [donor-imposed restrictions] . See Net Assets with Donor,18db20ffbf749832f9497fed9ebbb98a1464d47e22a71d1f7d63fb24f101a34f
net assets,net-assets,net assets without donor restrictions,net-assets-without-donor-restrictions,Net Assets with Donor Restrictions and [Net Assets without Donor Restrictions] .,18db20ffbf749832f9497fed9ebbb98a1464d47e22a71d1f7d63fb24f101a34f
net assets,net-assets,not-for-profit entity,not-for-profit-entity,"of assets over liabilities of a [not-for-profit entity] , which is divided into two",18db20ffbf749832f9497fed9ebbb98a1464d47e22a71d1f7d63fb24f101a34f
compliance environmental credit,compliance-environmental-credit,environmental credit obligation,environmental-credit-obligation,of being used to settle an [environmental credit obligation] .,3317152b75b8ed97bb445eb46c93ff39123ce1a07ffa3ed6c315a01fd8abc18d
compliance environmental credit,compliance-environmental-credit,environmental credit,environmental-credit,"16, 2027; (N) December 16, 2028818-10-65-1An [environmental credit] recognized as an asset in accordance",3317152b75b8ed97bb445eb46c93ff39123ce1a07ffa3ed6c315a01fd8abc18d
environmental credit obligation,environmental-credit-obligation,environmental credit,environmental-credit,pollution that may be settled with [environmental credits] . Obligations within the scope of,9788918020afe1e15495248751c65eb3ed649b7742c79f2b643ebf816bfe3223
environmental credit,environmental-credit,nonreciprocal transfer,nonreciprocal-transfer,"its designee(s), or received in a [nonreciprocal transfer] that is not a grant from",d6caec4e5dbe996bcd66319dca741257458a4584b8eda4c2037fea2798f0b5aa
environmental credit,environmental-credit,financial asset,financial-asset,"physical substance and is not a [financial asset] .Is represented to prevent, control, reduce,",d6caec4e5dbe996bcd66319dca741257458a4584b8eda4c2037fea2798f0b5aa
environmental credit,environmental-credit,environmental credit obligation,environmental-credit-obligation,use that item to satisfy an [environmental credit obligation] to meet this criterion.Is not an,d6caec4e5dbe996bcd66319dca741257458a4584b8eda4c2037fea2798f0b5aa
component of an entity,component-of-an-entity,asset group,asset-group,"reporting unit, a subsidiary, or an [asset group] .",0f18c00b61d8a3b0fae6b9fb12b8b42dc2fc70e81a9aeed03fc36d4392c19238
component of an entity,component-of-an-entity,reporting unit,reporting-unit,"segment or an operating segment, a [reporting unit] , a subsidiary, or an asset",0f18c00b61d8a3b0fae6b9fb12b8b42dc2fc70e81a9aeed03fc36d4392c19238
component of an entity,component-of-an-entity,operating segment,operating-segment,"be a reportable segment or an [operating segment] , a reporting unit, a subsidiary,",0f18c00b61d8a3b0fae6b9fb12b8b42dc2fc70e81a9aeed03fc36d4392c19238
reporting unit,reporting-unit,operating segment,operating-segment,impairment. A reporting unit is an [operating segment] or one level below an operating,0caffe42ff9e7e8b1023e84942deeb81105d289bfd1412266684f75edf657c96
operating segment,operating-segment,public entity,public-entity,A component of a [public entity] . See Section 280-10-50 for additional,d1961c760b5eb9c8e47f8f95e812f6138c9ee9bc3be4b74d57673a69f4e7d98c
comprehensive income,comprehensive-income,other comprehensive income,other-comprehensive-income,components of net incomeAll components of [other comprehensive income] .,993b6af30511f45c66064de9067da175672050f0c032ae6767506d9441c96e48
comprehensive income,comprehensive-income,net assets,net-assets,The change in equity ( [net assets] ) of a business entity during,993b6af30511f45c66064de9067da175672050f0c032ae6767506d9441c96e48
conditional contribution,conditional-contribution,donor-imposed condition,donor-imposed-condition,A contribution that contains a [donor-imposed condition] .,454b8d4504d8da7d75ab10bca07a7d29e1b35f9ae2dbaba6f7a913d2cea0ceff
conditional promise to give,conditional-promise-to-give,donor-imposed condition,donor-imposed-condition,give that is subject to a [donor-imposed condition] .,491c14667b2ede78e64758d6e3a6a1db075594570c3d5afccaff14b6eec167b8
conditional promise to give,conditional-promise-to-give,promise to give,promise-to-give,A [promise to give] that is subject to a donor-imposed,491c14667b2ede78e64758d6e3a6a1db075594570c3d5afccaff14b6eec167b8
condominium,condominium,undivided interest,undivided-interest,of a defined space and an [undivided interest] in the common elements. (Also referred,629ff7d2de1ae010f7d23bb601bb563aa5be7a6ff5b464cd0e3562f67670ab17
conduit debt security,conduit-debt-securities,reporting entity,reporting-entity,the state or local government's financial [reporting entity] . Although conduit debt securities bear,65a2c715a6dc59d0d3bec79e65dcd802d81ac08526e0757a031e73181acf285d
confirmed plan,confirmed-plan,chapter 11,chapter-11,a plan of reorganization under a [Chapter 11] proceeding that makes the plan binding,fa116a75b7277dd790746b7cd643c2ed035f94dcdce1462d48aa260c4baa2b70
confirmed plan,confirmed-plan,plan of reorganization,plan-of-reorganization,approval by the court of a [plan of reorganization] under a Chapter 11 proceeding that,fa116a75b7277dd790746b7cd643c2ed035f94dcdce1462d48aa260c4baa2b70
confirmed plan,confirmed-plan,bankruptcy code,bankruptcy-code,requirements in section 1129(a) of the [Bankruptcy Code] .,fa116a75b7277dd790746b7cd643c2ed035f94dcdce1462d48aa260c4baa2b70
plan of reorganization,plan-of-reorganization,chapter 11,chapter-11,An agreement formulated in [Chapter 11] proceedings under the supervision of the,e3637c1164632534e578f5e63a7643569ae5b57b2846a3c54766a71de57735ae
plan of reorganization,plan-of-reorganization,bankruptcy code,bankruptcy-code,"comply with general provisions of the [Bankruptcy Code] . Those provisions mandate, for example,",e3637c1164632534e578f5e63a7643569ae5b57b2846a3c54766a71de57735ae
plan of reorganization,plan-of-reorganization,bankruptcy court,bankruptcy-court,proceedings under the supervision of the [Bankruptcy Court] that enables the debtor to continue,e3637c1164632534e578f5e63a7643569ae5b57b2846a3c54766a71de57735ae
consent decree,consent-decree,remedial action,remedial-action,conduct all or part of a [remedial action] at a Superfund site; cease or,1e2e540926836570efb473bac7592fbb1415f6800e4878994f038c4ea796a296
remedial action,remedial-action,hazardous substance,hazardous-substance,"effects of a release of a [hazardous substance] into the environment Investigate, alleviate, or",79e6c5b1827f7641c7c11ca410f82b54e5b97a2ec076053886a6aac48b6a3619
remedial action,remedial-action,natural resources,natural-resources,human health or the environment Restore [natural resources] . Also refers to corrective action,79e6c5b1827f7641c7c11ca410f82b54e5b97a2ec076053886a6aac48b6a3619
remedial action,remedial-action,corrective action,corrective-action,Restore natural resources. Also refers to [corrective action] under the Resource Conservation and Recovery,79e6c5b1827f7641c7c11ca410f82b54e5b97a2ec076053886a6aac48b6a3619
consolidation,consolidation,reporting entity,reporting-entity,set of amounts for an entire [reporting entity] . Consolidation requires elimination of intra-entity,14c472a4ae273ad212d5ec84bdfe41131610143c67ab9d308a4a5507f38aef27
contingencies,contingency,loss contingency,loss-contingency,gain (gain contingency) or loss ( [loss contingency] ) to an entity that will,0938da2a4746025851b5d42b2556884a083b4baa47c298306ec9a8c8aef65131
contingencies,contingency,gain contingency,gain-contingency,uncertainty as to possible gain ( [gain contingency] ) or loss (loss contingency) to,0938da2a4746025851b5d42b2556884a083b4baa47c298306ec9a8c8aef65131
contingent consideration,contingent-consideration,equity interests,equity-interests,acquirer to transfer additional assets or [equity interests] to the former owners of an,ec04c56815a203367a12d7b850356f902961be17026dadad6d07926b363bf957
contingent issuance,contingent-issuance,common stock,common-stock,A possible issuance of shares of [common stock] that is dependent on the satisfaction,1ec4c07d82e6c0ac4b19832f8a61330a6574fe7a31cd3d9502cdccb083010dba
contingent stock agreement,contingent-stock-agreement,contingently issuable shares,contingently-issuable-shares,the satisfaction of certain conditions. See [Contingently Issuable Shares] .,2c5b3208ef4e120519b6afdbc8ca3bb9159660ed65712b51bb788915ab3bbde9
contingent stock agreement,contingent-stock-agreement,business combination,business-combination,stock (usually in connection with a [business combination] ) that is dependent on the,2c5b3208ef4e120519b6afdbc8ca3bb9159660ed65712b51bb788915ab3bbde9
contingent stock agreement,contingent-stock-agreement,common stock,common-stock,An agreement to issue [common stock] (usually in connection with a business,2c5b3208ef4e120519b6afdbc8ca3bb9159660ed65712b51bb788915ab3bbde9
contingently issuable shares,contingently-issuable-shares,cash consideration,cash-consideration,Shares issuable for little or no [cash consideration] upon the satisfaction of certain conditions,a63d0f0c595c7850d1d092036ba4cd436c7db03837f778aa29f42ae19fb762a5
contingently issuable shares,contingently-issuable-shares,contingent stock agreement,contingent-stock-agreement,of certain conditions pursuant to a [contingent stock agreement] . Also called contingently issuable stock.,a63d0f0c595c7850d1d092036ba4cd436c7db03837f778aa29f42ae19fb762a5
contingently convertible instruments,contingently-convertible-instruments,preferred stock,preferred-stock,"include contingently convertible debt, contingently convertible [preferred stock] , and the instrument described by",b372efb560a84d48f40f8ccbeffbfc51074181669fc9f08328a1c8c2298ffb46
preferred stock,preferred-stock,common stock,common-stock,that has preferential rights compared to [common stock] .,a899f9457ca5742c70e2bc72b5ade5db41f83de5aebf3ed01e1a2dd0a86142e2
continuing franchise fees,continuing-franchise-fees,franchise agreement,franchise-agreement,the continuing rights granted by the [franchise agreement] and for general or specific services,bba116ebc0d3b2e8527d367a9aba8c22c15d6678a5ec614c0ef2800c81ce0eea
franchise agreement,franchise-agreement,in force,in-force,"and responsibilities of each party, is [in force] for a specified period. The continuing",83e1c2b387c53a0b464d46ccf6981909cbe6fc2069f8bed0072f404dce96fa04
continuing involvement,continuing-involvement,transferred financial assets,transferred-financial-assets,Any involvement with the [transferred financial assets] that permits the transferor to receive,95f2cb008db157b6b16a6c2d212b17b895f738e07e6e2dfe3402a36964ea6b08
contract period,contract-period,coverage period,coverage-period,contracts. Commonly referred to as the [coverage period] or period that the contracts are,c111bb3dc81b649d84009eb75fd6e7d10fb152dcf23f74e6ff3726e7a791418c
contract period,contract-period,in force,in-force,or period that the contracts are [in force] .,c111bb3dc81b649d84009eb75fd6e7d10fb152dcf23f74e6ff3726e7a791418c
coverage period,coverage-period,contract period,contract-period,See [Contract Period] .,c87aa608dd5a418a1ec035c8e700486b4682e93b0979d49b7b69682004989276
contract value,contract-value,unallocated contract,unallocated-contract,The value of an [unallocated contract] that is determined by the insurance,0d4e85188b3d0dbc50bb8da5e98a9d6f1aefd94ebe464599c1a4cc199988526f
unallocated contract,unallocated-contract,plan participant,plan-participant,unallocated fund (not allocated to specific [plan participants] ) to be used either directly,0536f3bdff23248b9620de250bff307be386c16aeb4ae3dced548f155e8e6e44
contractually specified component,contractually-specified-component,nonfinancial asset,nonfinancial-asset,agreement to purchase or sell a [nonfinancial asset] other than an index or price,f956601fb544886f22f8e312e4a2fc17615bf229eeab7c0ae87bca13476ebdc7
contribution,contribution,nonreciprocal transfer,nonreciprocal-transfer,of its liabilities in a voluntary [nonreciprocal transfer] by another entity acting other than,7bf0c5af0ed1688ac2c66cae42533b8fb786645736fc733b85cce17cff42e4bd
contribution,contribution,conditional contribution,conditional-contribution,(gains). See also Inherent Contribution and [Conditional Contribution] .,7bf0c5af0ed1688ac2c66cae42533b8fb786645736fc733b85cce17cff42e4bd
contribution,contribution,unconditional promises to give,unconditional-promise-to-give,"or other assets, as well as [unconditional promises to give] , to an entity or a",7bf0c5af0ed1688ac2c66cae42533b8fb786645736fc733b85cce17cff42e4bd
contribution,contribution,inherent contribution,inherent-contribution,to the entity (gains). See also [Inherent Contribution] and Conditional Contribution.,7bf0c5af0ed1688ac2c66cae42533b8fb786645736fc733b85cce17cff42e4bd
unconditional promises to give,unconditional-promise-to-give,promise to give,promise-to-give,A [promise to give] that depends only on passage of,88080667704f5461c35d0669e282e010b0ce96b9b98e0a88328e16648239cc56
inherent contribution,inherent-contribution,net assets,net-assets,an entity voluntarily transfers assets (or [net assets] ) or performs services for another,2d03ac90a75679a5fe63b21792845f59fa4360d7d089607d550f20d98b726447
contributions receivable,contributions-receivable,firm commitment,firm-commitment,"They include amounts due pursuant to [firm commitments] , as well as legal or",7ef8b9071e1e2c61168697b26bf9c62ece77430daa6e73b272ef3fe69f9871a4
firm commitment,firm-commitment,foreign currency,foreign-currency,entity's functional currency or of a [foreign currency] . It may also be expressed,ccd07b9967868b63cc94edf2d285276aa12702ea34acaed82a424544a86fcf29
firm commitment,firm-commitment,functional currency,functional-currency,a specified amount of an entity's [functional currency] or of a foreign currency. It,ccd07b9967868b63cc94edf2d285276aa12702ea34acaed82a424544a86fcf29
controlled amortization method,controlled-amortization-method,liquidation method,liquidation-method,[Liquidation method] used to allocate principal payments on,3504781cb1041f26f2f85459446cd46e7af195efac9c7e09162a1c527c4d95a2
conversion rate,conversion-rate,common stock,common-stock,debt convertible into 5 shares of [common stock] would have a conversion ratio of,161b4fd02f3d52dea3b06792b2f7bb89e39dafa52535935799d5df36d63046e3
conversion rate,conversion-rate,convertible security,convertible-security,"conversion to a unit of a [convertible security] . For example, $100 face value",161b4fd02f3d52dea3b06792b2f7bb89e39dafa52535935799d5df36d63046e3
convertible security,convertible-security,conversion rate,conversion-rate,"into another security based on a [conversion rate] . For example, convertible preferred stock",a5a20f66ecfb013359fe4ec23dd73e8dc430c1f1498c2623173760859c457b6f
convertible security,convertible-security,preferred stock,preferred-stock,"a conversion rate. For example, convertible [preferred stock] that is convertible into common stock",a5a20f66ecfb013359fe4ec23dd73e8dc430c1f1498c2623173760859c457b6f
convertible security,convertible-security,common stock,common-stock,preferred stock that is convertible into [common stock] on a two-for-one basis (two shares,a5a20f66ecfb013359fe4ec23dd73e8dc430c1f1498c2623173760859c457b6f
corporate joint venture,corporate-joint-venture,joint venture,joint-venture,group. The purpose of a corporate [joint venture] frequently is to share risks and,9291a24aee757163b761553221e69eef9aeb34a574bfbe16e465ea6df1eea048
corporate joint venture,corporate-joint-venture,noncontrolling interest,noncontrolling-interest,"is usually not traded publicly. A [noncontrolling interest] held by public ownership, however, does",9291a24aee757163b761553221e69eef9aeb34a574bfbe16e465ea6df1eea048
joint venture,joint-venture,equity interests,equity-interests,"joint venture seldom changes, and its [equity interests] usually are not traded publicly. A",d40cad3999669a89f7bb6f0a09b4350742f5193388cb5131884d241abc666097
joint venture,joint-venture,corporate joint venture,corporate-joint-venture,"joint venture. As distinguished from a [corporate joint venture] , a joint venture is not",d40cad3999669a89f7bb6f0a09b4350742f5193388cb5131884d241abc666097
noncontrolling interest,noncontrolling-interest,net assets,net-assets,"The portion of equity ( [net assets] ) in a subsidiary not attributable,",ef5d26d2fc7547d4c554670a5563bed7b3d8171f42634bb4c1bd8162335cc767
corrective action,corrective-action,hazardous waste,hazardous-waste,"1976: action to remedy releases from [hazardous waste] management units, or any other sources",830045d440341234a0e4bd46f3daa6ec244d8b3556eb1137fa79be3e041bbd88
cost-sharing provisions of the plan,cost-sharing-provisions-of-the-plan,active plan participants,active-plan-participant,participants. Cost-sharing provisions describe retired and [active plan participants] ' contributions toward their postretirement health,6f4ea6dbeb4dd350b0f916261446f44db9a9a6f84bab49747f0fb9750e09a07f
cost-sharing provisions of the plan,cost-sharing-provisions-of-the-plan,plan participant,plan-participant,shared between the employer and the [plan participants] . Cost-sharing provisions describe retired and,6f4ea6dbeb4dd350b0f916261446f44db9a9a6f84bab49747f0fb9750e09a07f
cost-sharing provisions of the plan,cost-sharing-provisions-of-the-plan,postretirement benefit plan,postretirement-benefit-plan,The provisions of the [postretirement benefit plan] that describe how the costs of,6f4ea6dbeb4dd350b0f916261446f44db9a9a6f84bab49747f0fb9750e09a07f
cost-sharing provisions of the plan,cost-sharing-provisions-of-the-plan,postretirement health care benefits,postretirement-health-care-benefits,"active plan participants' contributions toward their [postretirement health care benefits] , deductibles, coinsurance, out-of-pocket limitations on",6f4ea6dbeb4dd350b0f916261446f44db9a9a6f84bab49747f0fb9750e09a07f
costs of joint activities,costs-of-joint-activities,joint costs,joint-costs,Costs of joint activities may include [joint costs] and costs other than joint costs.,e11fe443e376beb304ed774c2c6b9b64d8e1cd5035fda29c0c272ef4be889af1
costs of joint activities,costs-of-joint-activities,joint activity,joint-activity,Costs incurred for a [joint activity] . Costs of joint activities may,e11fe443e376beb304ed774c2c6b9b64d8e1cd5035fda29c0c272ef4be889af1
credit derivative,credit-derivative,credit risk,credit-risk,to any of the following: The [credit risk] of a specified entity (or a,82cfe053eee79cd2f43823b5af6804ae2114ca3600d2ed04389ca3dda512211c
credit quality indicator,credit-quality-indicator,financial asset,financial-asset,about the credit quality of a [financial asset] .,b7a60a86cc1b0d2ef59da83c5a26237822fc41bb1c2cd4bf78cfe03b5b0add0f
crops,crops,agricultural producers,agricultural-producers,"berries, nuts, and fibers grown by [agricultural producers] .",980d8ec4979e2cfe1f39b5a9719ba29c56525420eb145bdacdaf5f78c1448e84
currency risk,currency-risk,fair value,fair-value,The risk that the [fair value] or future cash flows of a,fc4c08d84a6e6fa6c18a5f13e9c81418039cd8afca2a035b553505ce940943e9
currency risk,currency-risk,exchange rate,exchange-rate,fluctuate because of changes in foreign [exchange rates] .,fc4c08d84a6e6fa6c18a5f13e9c81418039cd8afca2a035b553505ce940943e9
currency risk,currency-risk,financial instrument,financial-instrument,or future cash flows of a [financial instrument] will fluctuate because of changes in,fc4c08d84a6e6fa6c18a5f13e9c81418039cd8afca2a035b553505ce940943e9
current assets,current-assets,operating cycle,operating-cycle,sold or consumed during the normal [operating cycle] of the business. See paragraphs 210-10-45-1210-10-45-2210-10-45-3210-10-45-4.,bcc5bcc614dfba44490dd4527dddd0f1a2e765bcd3b808f203aa99a7e6735b5b
current cost-constant purchasing power,current-cost-constant-purchasing-power-accounting,consumer price index for all urban consumers,consumer-price-index-for-all-urban-consumers,the dollar is used and the [Consumer Price Index for All Urban Consumers] is the required measure of purchasing,439dbbb6c653a5efac98071ff04f7020d8ca385abd379e81c0eacfb65567480f
current cost-constant purchasing power,current-cost-constant-purchasing-power-accounting,functional currency,functional-currency,"in which the dollar is the [functional currency] , the general purchasing power of",439dbbb6c653a5efac98071ff04f7020d8ca385abd379e81c0eacfb65567480f
current cost-constant purchasing power,current-cost-constant-purchasing-power-accounting,recoverable amount,recoverable-amount,"measures of current cost or lower [recoverable amount] in units of currency, each of",439dbbb6c653a5efac98071ff04f7020d8ca385abd379e81c0eacfb65567480f
current liabilities,current-liabilities,current assets,current-assets,"of existing resources properly classifiable as [current assets] , or the creation of other",518710db250cac9f647a95d1ad4d7ea839c293afc5142a8678a703db058993df
current shareholders,current-shareholders,measurement date,measurement-date,"a fund, at an evaluation or [measurement date] . Amounts attributable to current shareholders",eb66aeedd7bc7dfdc783c7cbc7c161010ce936eb2b0fb9ad5c4623616b44d03e
current tax expense or benefit,,income taxes,income-taxes,,
current tax expense or benefit,,taxable income,taxable-income,,
curtailment of a defined benefit postretirement plan,curtailment-of-a-postretirement-benefit-plan,active plan participants,active-plan-participant,expected years of future service of [active plan participants] or eliminates the accrual of defined,2200626ac6e9e4dfef5d7c04eedf611b8711bebf926eedec747d6d16b4731e94
day-one bonuses,day-one-bonus,immediate bonus,immediate-bonus,See [Immediate Bonus] .,db8960fe473a4c6016fd7c8e37fa28dd1d0ae40f591842219415b0d8786dd844
dealer market,dealer-market,financial instrument,financial-instrument,"other assets and liabilities, including other [financial instruments] , commodities, and physical assets (for",ae9f5809a066b9edd50ca020e372bd8e58e4d6cb2ca82afa3bfc41aee6c397c8
debt security,debt-security,preferred stock,preferred-stock,also includes all of the following: [Preferred stock] that by its terms either must,f39450bb11d26928a5b61088e82a3f91e45d94f2cb6adc1ca4c40f2b66fe6368
debt security,debt-security,futures contracts,futures-contract,of the following: Option contracts Financial [futures contracts] Forward contracts Lease contracts Receivables that,f39450bb11d26928a5b61088e82a3f91e45d94f2cb6adc1ca4c40f2b66fe6368
debt security,debt-security,lending activities,lending-activities,"from consumer, commercial, and real estate [lending activities] of financial institutions.",f39450bb11d26928a5b61088e82a3f91e45d94f2cb6adc1ca4c40f2b66fe6368
lending activities,lending-activities,standby letters of credit,standby-letter-of-credit,"lend, refinancing or restructuring loans, arranging [standby letters of credit] , syndicating loans, and leasing activities",f45a8b3f32f2438f08cb7ed1d1d88cc89768518e843f4392f73e3d832ab78a41
debtor-in-possession,debtor-in-possession,chapter 11,chapter-11,that has filed a petition under [Chapter 11] . The debtor-in-possession is allowed to,e2516d97e5f427922747224e24fc34e0480ca888444603179d87f479c2e48fce
decision maker,decision-maker,legal entity,legal-entity,to direct the activities of another [legal entity] that most significantly impact the legal,c316f4e5c5673025c010c35782e35ef55fa364d90589707f91305040f9a7ec06
decision-making authority,decision-making-authority,legal entity,legal-entity,to direct the activities of a [legal entity] that most significantly impact the entity's,dd2195495d36ac5a4fca3de2ce8cf6efaa4e82d960a1604b0179c23854512483
deductible temporary difference,deductible-temporary-difference,temporary difference,temporary-difference,[Temporary differences] that result in deductible amounts in,ff1235d0871ebb915524584df047c368201c0d707b9188c10a0ebb70360c4c25
temporary difference,temporary-difference,tax consequences,tax-consequences,in financial statements do not have [tax consequences] . Certain revenues are exempt from,ded25ce330f4a4ce456643747eae5bd25b4471d163db2a91aadfdddc0f09a67d
temporary difference,temporary-difference,tax position,tax-position,"the requirements in Subtopic 740-10 for [tax positions] , and its reported amount in",ded25ce330f4a4ce456643747eae5bd25b4471d163db2a91aadfdddc0f09a67d
deferred acquisition costs tax,deferred-acquisition-costs-tax,policy account balance,policy-account-balance,tax is deducted from a policyholder's [policy account balance] when the premium is paid. The,e91741026ef98898d753d8085349af40e8492cbe02e5ea1e0100d2fc91904120
deferred acquisition costs tax,deferred-acquisition-costs-tax,acquisition costs,acquisition-costs,insurance entities to capitalize certain policy [acquisition costs] and defer deducting them in determining,e91741026ef98898d753d8085349af40e8492cbe02e5ea1e0100d2fc91904120
deferred tax asset,deferred-tax-asset,valuation allowance,valuation-allowance,"tax asset is reduced by a [valuation allowance] if, based on the weight of",c1b703048b53f1b96b980186e996f7b3dc6c94ca27d763bdce8b1dda69de3ed4
deferred tax asset,deferred-tax-asset,deductible temporary difference,deductible-temporary-difference,The deferred tax consequences attributable to [deductible temporary differences] and carryforwards. A deferred tax asset,c1b703048b53f1b96b980186e996f7b3dc6c94ca27d763bdce8b1dda69de3ed4
deferred tax asset,deferred-tax-asset,deferred tax consequences,deferred-tax-consequences,The [deferred tax consequences] attributable to deductible temporary differences and,c1b703048b53f1b96b980186e996f7b3dc6c94ca27d763bdce8b1dda69de3ed4
valuation allowance,valuation-allowance,deferred tax asset,deferred-tax-asset,The portion of a [deferred tax asset] for which it is more likely,2d0346998130bdfc84f2e0d7495bb236e774b6ff085f1f4aa11812fb538e0118
deferred tax consequences,deferred-tax-consequences,income taxes,income-taxes,The future effects on [income taxes] as measured by the applicable enacted,c3f93890f8203d379ec152a2140ba1c29c22331b872bf1d4c5cf63443070941c
deferred tax consequences,deferred-tax-consequences,temporary difference,temporary-difference,the enacted tax law resulting from [temporary differences] and carryforwards at the end of,c3f93890f8203d379ec152a2140ba1c29c22331b872bf1d4c5cf63443070941c
deferred tax expense or benefit,,business combination,business-combination,,
deferred tax liability,deferred-tax-liability,deferred tax consequences,deferred-tax-consequences,The [deferred tax consequences] attributable to taxable temporary differences. A,38a0e52dfcdc14aeab0cdaf5d0c874e6978e41ee5fed5bf60cb41b35d165454b
defined benefit plan,defined-benefit-plan,multiemployer plan,multiemployer-plan,"contributions (for example, a collectively bargained [multiemployer plan] ), such a plan may nevertheless",c7cc6ef3638416d75bb0d5a7d4648388ea8cbccf74f1e6d6f8769aa40fa861cd
defined benefit plan,defined-benefit-plan,plan participant,plan-participant,of a reimbursement to the covered [plan participant] or a direct payment to providers,c7cc6ef3638416d75bb0d5a7d4648388ea8cbccf74f1e6d6f8769aa40fa861cd
defined benefit plan,defined-benefit-plan,postretirement benefit plan,postretirement-benefit-plan,cost of specified surgical procedures). Any [postretirement benefit plan] that is not a defined contribution,c7cc6ef3638416d75bb0d5a7d4648388ea8cbccf74f1e6d6f8769aa40fa861cd
defined benefit plan,defined-benefit-plan,postretirement benefits,postretirement-benefits,benefit postretirement plan—A plan that defines [postretirement benefits] in terms of monetary amounts (for,c7cc6ef3638416d75bb0d5a7d4648388ea8cbccf74f1e6d6f8769aa40fa861cd
multiemployer plan,multiemployer-plan,separate account,separate-account,employer are not segregated in a [separate account] or restricted to provide benefits only,084e7e891ead97086c5f383140fd79976fc53ab9d014d62239e37d1b91528beb
multiemployer plan,multiemployer-plan,not-for-profit entity,not-for-profit-entity,"For example, local chapters of a [not-for-profit entity] (NFP) may participate in a plan",084e7e891ead97086c5f383140fd79976fc53ab9d014d62239e37d1b91528beb
multiemployer plan,multiemployer-plan,postretirement benefit plan,postretirement-benefit-plan,A pension or [postretirement benefit plan] to which two or more unrelated,084e7e891ead97086c5f383140fd79976fc53ab9d014d62239e37d1b91528beb
defined contribution plan,defined-contribution-plan,administrative expenses,administrative-expenses,"allocated to the account, less any [administrative expenses] charged to the plan. Defined contribution",3b1e95f67428043764f61ed656d45970a53ef9bd102d201c36a6b16872e6e756
defined contribution plan,defined-contribution-plan,plan participant,plan-participant,maintain an individual account for each [plan participant] . They have terms that specify,3b1e95f67428043764f61ed656d45970a53ef9bd102d201c36a6b16872e6e756
defined contribution plan,defined-contribution-plan,postretirement benefits,postretirement-benefits,"contribution postretirement plan—A plan that provides [postretirement benefits] in return for services rendered, provides",3b1e95f67428043764f61ed656d45970a53ef9bd102d201c36a6b16872e6e756
delayed equity investment,delayed-equity-investment,lease inception,lease-inception,"begin one to two years after [lease inception] , equity contributions the lessor agrees",19401071ac21960f40fc0576defb51f6f13b7dbffc848d8ffd8c33518e64fa84
delayed equity investment,delayed-equity-investment,leveraged lease,leveraged-lease,In [leveraged lease] transactions that have been structured with,19401071ac21960f40fc0576defb51f6f13b7dbffc848d8ffd8c33518e64fa84
derivative financial instrument,derivative-financial-instrument,financial instrument,financial-instrument,A derivative instrument that is a [financial instrument] .,e9edb737700cb1985067fd2cfe90d6c79c87d92b175876f472034d64ced27c36
derived service period,derived-service-period,fair value,fair-value,"certain valuation techniques used to estimate [fair value] . For example, the derived service",429308f4021a15412afbf2257548978f7cd5ce8966b6a67f2d2676cc9eb72331
derived service period,derived-service-period,lattice model,lattice-model,"from certain valuation techniques. In a [lattice model] , that derived service period represents",429308f4021a15412afbf2257548978f7cd5ce8966b6a67f2d2676cc9eb72331
derived service period,derived-service-period,share option,share-option,service period for an award of [share options] that the employee can exercise only,429308f4021a15412afbf2257548978f7cd5ce8966b6a67f2d2676cc9eb72331
derived service period,derived-service-period,requisite service period,requisite-service-period,"period is three years, the estimated [requisite service period] is three years and all compensation",429308f4021a15412afbf2257548978f7cd5ce8966b6a67f2d2676cc9eb72331
derived service period,derived-service-period,grant date,grant-date,three years even if after the [grant date] the entity determines that it is,429308f4021a15412afbf2257548978f7cd5ce8966b6a67f2d2676cc9eb72331
derived service period,derived-service-period,service inception date,service-inception-date,the period of time from the [service inception date] to the expected date of satisfaction,429308f4021a15412afbf2257548978f7cd5ce8966b6a67f2d2676cc9eb72331
requisite service period,requisite-service-period,service condition,service-condition,an award that has only a [service condition] is presumed to be the vesting,edb038f166c72611b6028aa33a280fecb922451d707d97c94a661cc59e07a7a8
grant date,grant-date,equity shares,equity-shares,in the price of the grantor's [equity shares] . Paragraph 718-10-25-5 provides guidance on,63be9b88e2330ecd2872d00d4603c4e04b7eac735f183c7dc3815e7213048fb3
grant date,grant-date,service inception date,service-inception-date,on determining the grant date. See [Service Inception Date] .,63be9b88e2330ecd2872d00d4603c4e04b7eac735f183c7dc3815e7213048fb3
service inception date,service-inception-date,grant date,grant-date,"service inception date usually is the [grant date] , but the service inception date",b575cfdd9c19cd969b3db969b4165f6b0e654cc27427b0913b82e87eb0e343de
service inception date,service-inception-date,requisite service period,requisite-service-period,The date at which the employee's [requisite service period] or the nonemployee's vesting period begins.,b575cfdd9c19cd969b3db969b4165f6b0e654cc27427b0913b82e87eb0e343de
diluted earnings per share,diluted-earnings-per-share,common stock,common-stock,period available to each share of [common stock] outstanding during the reporting period and,328c82e9d22b03c59f2064820f1b8dc269f369b2222f469867f9f717f949bfda
direct effects of a change in accounting principle,direct-effects-of-a-change-in-accounting-principle,change in accounting principle,change-in-accounting-principle,or liabilities necessary to effect a [change in accounting principle] . An example of a direct,b468aed51f6464bfe926ea95cdde670dd2a1e14ca7783ce7b47262479f013408
direct financing lease,direct-financing-leases,operating lease,operating-lease,,ac82b8e5e68fcec57cf57d940c2d3226f48df22ac07b421bb95b96831e3ecd40
operating lease,operating-lease,sales-type lease,sales-type-lease,"lessor, any lease other than a [sales-type lease] or a direct financing lease.",efe4d3f81787b5f8a58d7663218b22e9823c97374498d76c076ed3402b2f4131
operating lease,operating-lease,direct financing lease,direct-financing-leases,than a sales-type lease or a [direct financing lease] .,efe4d3f81787b5f8a58d7663218b22e9823c97374498d76c076ed3402b2f4131
operating lease,operating-lease,finance lease,finance-lease,"lessee, any lease other than a [finance lease] . From the perspective of a",efe4d3f81787b5f8a58d7663218b22e9823c97374498d76c076ed3402b2f4131
direct loan,direct-loan,employee stock ownership plan,employee-stock-ownership-plan,other than the employer to the [employee stock ownership plan] . Such loans often include some,b9be2b69c336deda969666624d0ac5f7574cac8a686e6769fa342db263e688cf
direct loan origination costs,direct-loan-origination-costs,incremental direct costs,incremental-direct-costs,loan shall include only the following: [Incremental direct costs] of loan origination incurred in transactions,840c7bafb8d34293caac17d49d6a41b57b20f0cea864bc434017ee7b5b76de4f
disclosure statement,disclosure-statement,plan of reorganization,plan-of-reorganization,the acceptance or rejection of a [plan of reorganization] from creditors and stockholders affected by,b82b85c1e4720ac6bb2ad7a03a8aaba977bbb7c88f9d19da1ed73bcb8826c98d
discount rate adjustment technique,discount-rate-adjustment-technique,present value,present-value,A [present value] technique that uses a risk-adjusted discount,5788e316ef68a354a28ae3f1b3b9db8ff46f5dd41b1af03b850e64ae000613c0
discount rate adjustment technique,discount-rate-adjustment-technique,discount rate,discount-rate,"value technique that uses a risk-adjusted [discount rate] and contractual, promised, or most likely",5788e316ef68a354a28ae3f1b3b9db8ff46f5dd41b1af03b850e64ae000613c0
discount rate for the lease,discount-rate-for-the-lease,incremental borrowing rate,incremental-borrowing-rate,"lessee is required to use its [incremental borrowing rate] . For a lessor, the discount",2db4f9a2c33bf388c616533b0600209b7272018826ce18df53afcd7b6641609b
discount rate for the lease,discount-rate-for-the-lease,rate implicit in the lease,rate-implicit-in-the-lease,rate for the lease is the [rate implicit in the lease] unless that rate cannot be readily,2db4f9a2c33bf388c616533b0600209b7272018826ce18df53afcd7b6641609b
incremental borrowing rate,incremental-borrowing-rate,lease payments,lease-payments,term an amount equal to the [lease payments] in a similar economic environment.,3fb349e25255727d61a360c6ae21c85d11e4e06f2774ea1679c6b0bab53bbec4
rate implicit in the lease,rate-implicit-in-the-lease,fair value,fair-value,equal the sum of (1) the [fair value] of the underlying asset minus any,272bda7a81507086c38fb00f7379562a7155f3e1f6116872a78a2c3b89997ece
rate implicit in the lease,rate-implicit-in-the-lease,present value,present-value,"a given date, causes the aggregate [present value] of (a) the lease paymentsand (b)",272bda7a81507086c38fb00f7379562a7155f3e1f6116872a78a2c3b89997ece
rate implicit in the lease,rate-implicit-in-the-lease,initial direct costs,initial-direct-costs,"the lessor and (2) any deferred [initial direct costs] of the lessor. However, if the",272bda7a81507086c38fb00f7379562a7155f3e1f6116872a78a2c3b89997ece
rate implicit in the lease,rate-implicit-in-the-lease,underlying asset,underlying-asset,lessor expects to derive from the [underlying asset] following the end of the lease,272bda7a81507086c38fb00f7379562a7155f3e1f6116872a78a2c3b89997ece
disposal,disposal,hazardous substance,hazardous-substance,Act of 1980 with regard to [hazardous substances] .,6b66e46e54fcae6f528f3ae272d239f9f0ed7f94af98485fcbeab0de7412b4c8
disposal,disposal,hazardous waste,hazardous-waste,placing of any solid waste or [hazardous waste] into or on any land or,6b66e46e54fcae6f528f3ae272d239f9f0ed7f94af98485fcbeab0de7412b4c8
hazardous substance,hazardous-substance,hazardous waste,hazardous-waste,is broader than the definition of [hazardous wastes] under the Resource Conservation and Recovery,d146e8afefbe12032f20fba40df441fe125cda910c81acbe1a9633c8e18b1350
distribution-form demutualization,distribution-form-demutualization,policy credits,policy-credits,"in which eligible policyholders receive stock, [policy credits] , additional policyholder benefits, cash, or",9f44fee484543723fdfea67e49440f36d72f675f507cd3113d28229d4ee249e0
dividend scales,dividend-scales,lapse rate,lapse-rate,"other things, to investment results, mortality, [lapse rates] , expenses, premium taxes, and policy",4483b5d9ea682de0a4b02861cf08b920b43ab30cd67a9913d00a657668242b55
lapse rate,lapse-rate,insurance contracts,insurance-contract,The rate at which [insurance contracts] terminate through failure of the insureds,fcc9b889cbe47cfe5d13426e2acb462eb469f032feae07c69760dc1ea7cc1210
dividend to policyholders,dividend-to-policyholders,terminal dividends,terminal-dividends,policyholders include annual policyholder dividends and [terminal dividends] .,613df75e9dd2375fb764387fcfa0a9bf5c3c039aea8ea5c54f455834cbbb5ac7
dividend to policyholders,dividend-to-policyholders,insurance contracts,insurance-contract,distributable to policyholders of participating life [insurance contracts] and based on actual performance of,613df75e9dd2375fb764387fcfa0a9bf5c3c039aea8ea5c54f455834cbbb5ac7
dividend to policyholders,dividend-to-policyholders,annual policyholder dividends,annual-policyholder-dividends,as dividends. Dividends to policyholders include [annual policyholder dividends] and terminal dividends.,613df75e9dd2375fb764387fcfa0a9bf5c3c039aea8ea5c54f455834cbbb5ac7
dividends,dividends,stock split,stock-split,does not include stock dividends or [stock splits] .,c5b1ab858c3d5c4cecba68e1c84d55be475707f81e64c3ba799b7408cd3fca86
dividends,dividends,stock dividend,stock-dividend,of stock and does not include [stock dividends] or stock splits.,c5b1ab858c3d5c4cecba68e1c84d55be475707f81e64c3ba799b7408cd3fca86
dollar-roll repurchase agreement,dollar-roll-repurchase-agreement,repurchase agreement,repurchase-agreement,issuer. Dollar rolls differ from regular [repurchase agreements] in that the securities sold and,407a1ab74643dfccc698c25b44692818fc736043cc56ddd00f1838b28e70a8f6
repurchase agreement,repurchase-agreement,financial asset,financial-asset,the transferor (repo party) transfers a [financial asset] to a transferee (repo counterparty or,50838fb641e61cc712a95d5ec2c815f1f949135c14b410770e54a4adb8a18147
donor-imposed restriction,donor-imposed-restriction,not-for-profit entity,not-for-profit-entity,the following: The nature of the [not-for-profit entity] (NFP) The environment in which it,32b34ee233f96c380dd6ef75a4997c86cf7ea281f75a802803678ed92b5d2ea8
donor-restricted endowment fund,donor-restricted-endowment-fund,endowment fund,endowment-fund,An [endowment fund] that is created by a donor,73b68491c6fd23c6e6809aa9e35c2d79b3b3579c421f33918a9719b32c4664f5
donor-restricted endowment fund,donor-restricted-endowment-fund,board-designated endowment fund,board-designated-endowment-fund,The term does not include a [Board-Designated Endowment Fund] . See Endowment Fund.,73b68491c6fd23c6e6809aa9e35c2d79b3b3579c421f33918a9719b32c4664f5
donor-restricted support,donor-restricted-support,net assets with donor restrictions,net-assets-with-donor-restrictions,"or gains from contributions that increase [net assets with donor restrictions] (donors include other types of contributors,",6e4453fa88445a63cd4a2b150be6eb9f62d9d71c71149f807c321083ddcd0fcb
down round feature,down-round-feature,financial instrument,financial-instrument,A feature in a [financial instrument] that reduces the strike price of,08608f8d5422f7887890149f3f1e5c284726358099d4fcc5ebacbd190df6b545
down round feature,down-round-feature,exercise price,exercise-price,at a discount to the original [exercise price] but above the new issuance price,08608f8d5422f7887890149f3f1e5c284726358099d4fcc5ebacbd190df6b545
dropdown,dropdown,limited partnership,limited-partnership,or general partner to a master [limited partnership] in exchange for consideration.,d426996f29794bca8b2634e0b28891830ed081777d7cfff2af4e9a14e626d307
dropdown,dropdown,net assets,net-assets,A transfer of certain [net assets] from a sponsor or general partner,d426996f29794bca8b2634e0b28891830ed081777d7cfff2af4e9a14e626d307
earnings or losses of an investee,earnings-or-losses-of-an-investee,net income,net-income,[Net income] (or net loss) of an investee,259e9cebdb6012bda2adea192950ae54d6f0a7459fbb521ca53b11f37da1654a
net income,net-income,other comprehensive income,other-comprehensive-income,losses that are not items of [other comprehensive income] . A variety of other terms,df8be220503640584801a22bb1b7d03b6bd22c4285405b534aaf2d1c2b367de4
economic interest,economic-interest,not-for-profit entity,not-for-profit-entity,A [not-for-profit entity] 's (NFP's) interest in another entity,ac03db460cec658022e854957fcc82f338fcb3cfcfd25db5c82c9b0d44e9eb11
economic interest in the entity,economic-interest-in-an-entity,financial instrument,financial-instrument,"a party to, including equity securities; [financial instruments] with characteristics of equity, liabilities, or",52e6ba36dbc5f3b7875bed46ab96d71cbe8801bbe8e699e09898acf9b63bf7ec
effective date of the modification,effective-date-of-the-modification,lease modification,lease-modification,The date that a [lease modification] is approved by both the lessee,7aa72259ce4aa216bb751c7801a98520864fb10296ee2798fc3854aa9cfd613c
lease modification,lease-modification,underlying asset,underlying-asset,right to use one or more [underlying assets] or extends or shortens the contractual,dbcc52bd875555267b122ee905067d9803149fd03268140b6452bbeb986f70b1
lease modification,lease-modification,lease term,lease-term,or extends or shortens the contractual [lease term] ).,dbcc52bd875555267b122ee905067d9803149fd03268140b6452bbeb986f70b1
effective interest rate,effective-interest-rate,purchased financial assets with credit deterioration,purchased-financial-assets-with-credit-deterioration,"acquisition of the financial asset. For [purchased financial assets with credit deterioration] , however, to decouple interest income",e72ef81e653536d3700993fc12eb3db58f1f8d3704b3a9b7d14ef442f4995771
effective interest rate,effective-interest-rate,financial asset,financial-asset,"rate of return implicit in the [financial asset] , that is, the contractual interest",e72ef81e653536d3700993fc12eb3db58f1f8d3704b3a9b7d14ef442f4995771
purchased financial assets with credit deterioration,purchased-financial-assets-with-credit-deterioration,financial asset,financial-asset,Acquired individual [financial assets] (or acquired groups of financial assets,257913b439bd79e49b75ba1dc68da3d71fca887856b95ba0f1057ef8090bcbc1
purchased financial assets with credit deterioration,purchased-financial-assets-with-credit-deterioration,amortized cost basis,amortized-cost-basis,characteristics for assets measured on an [amortized cost basis] .,257913b439bd79e49b75ba1dc68da3d71fca887856b95ba0f1057ef8090bcbc1
effective notional amount,effective-notional-amount,notional amount,notional-amount,The effective [notional amount] is the stated notional amount adjusted,ae26dc75d138cb320b797a86696ea946fc65f346accef7e21b9d6c611385c4b0
notional amount,notional-amount,face amount,face-amount,the notional amount is called a [face amount] in some contracts.,68ccea86c398bde0fabeeaa964971c809f9a08f63f88883b7e4e3ee1bf64bc44
electronic tickets,electronic-ticket,paper tickets,paper-ticket,"passenger's itinerary in electronic form. Like [paper tickets] , e-tickets contain information for each",421078a9b0a4ea7b6a88c54b6f80f0e4cb4379ce13d12ac5cf03b51bb3fc2f6b
embedded call option,embedded-call-option,financial instrument,financial-instrument,held by the issuer of a [financial instrument] that is part of and trades,1114b12a4d45abe9848c68c0b587173aa4147a3d80132f2d0be2ec325d1619c7
embedded call option,embedded-call-option,call option,call-option,A [call option] held by the issuer of a,1114b12a4d45abe9848c68c0b587173aa4147a3d80132f2d0be2ec325d1619c7
embedded credit derivative,embedded-credit-derivative,embedded derivative,embedded-derivative,An [embedded derivative] that is also a credit derivative.,2fda4b44c91c7603ddffdda46d7a1cfc04a1dc7afcb87ce76cf30914e50b4db0
embedded credit derivative,embedded-credit-derivative,credit derivative,credit-derivative,embedded derivative that is also a [credit derivative] .,2fda4b44c91c7603ddffdda46d7a1cfc04a1dc7afcb87ce76cf30914e50b4db0
employee compensation,employee-compensation,termination benefits,termination-benefits,postemployment benefits (including special or contractual [termination benefits] ) given by an entity in,6520a28431125430f085d4203a4ee6dbb1f4aab46d07fbd6528a24983dff45e3
employee compensation,employee-compensation,defined contribution plan,defined-contribution-plan,"ownership plans, employee share purchase plans, [defined contribution plans] , multiemployer plans, and any other",6520a28431125430f085d4203a4ee6dbb1f4aab46d07fbd6528a24983dff45e3
employee compensation,employee-compensation,defined benefit plan,defined-benefit-plan,"of hospital or medical services. For [defined benefit plans] within the scope of Topic 715,",6520a28431125430f085d4203a4ee6dbb1f4aab46d07fbd6528a24983dff45e3
employee compensation,employee-compensation,cash consideration,cash-consideration,"(N) December 16, 2026220-40-65-1All forms of [cash consideration] (including deferred cash compensation), share-based payment",6520a28431125430f085d4203a4ee6dbb1f4aab46d07fbd6528a24983dff45e3
employee compensation,employee-compensation,multiemployer plan,multiemployer-plan,"share purchase plans, defined contribution plans, [multiemployer plans] , and any other compensation cost",6520a28431125430f085d4203a4ee6dbb1f4aab46d07fbd6528a24983dff45e3
employee compensation,employee-compensation,postretirement benefits,postretirement-benefits,"arrangements, medical care benefits, pension benefits, [postretirement benefits] , and nonretirement postemployment benefits (including",6520a28431125430f085d4203a4ee6dbb1f4aab46d07fbd6528a24983dff45e3
employee compensation,employee-compensation,nonretirement postemployment benefits,nonretirement-postemployment-benefits,"benefits, pension benefits, postretirement benefits, and [nonretirement postemployment benefits] (including special or contractual termination benefits)",6520a28431125430f085d4203a4ee6dbb1f4aab46d07fbd6528a24983dff45e3
employee compensation,employee-compensation,service cost component of net periodic pension cost,,"715, employee compensation includes only the [service cost component of net periodic pension cost] and the service cost component of",6520a28431125430f085d4203a4ee6dbb1f4aab46d07fbd6528a24983dff45e3
employee compensation,employee-compensation,pension benefits,pension-benefits,"share-based payment arrangements, medical care benefits, [pension benefits] , postretirement benefits, and nonretirement postemployment",6520a28431125430f085d4203a4ee6dbb1f4aab46d07fbd6528a24983dff45e3
employee compensation,employee-compensation,share-based payment arrangements,share-based-payment-arrangements,"cash consideration (including deferred cash compensation), [share-based payment arrangements] , medical care benefits, pension benefits,",6520a28431125430f085d4203a4ee6dbb1f4aab46d07fbd6528a24983dff45e3
employee compensation,employee-compensation,service cost component of net periodic postretirement benefit cost,,net periodic pension cost and the [service cost component of net periodic postretirement benefit cost] .,6520a28431125430f085d4203a4ee6dbb1f4aab46d07fbd6528a24983dff45e3
employee compensation,employee-compensation,one-time employee termination benefits,one-time-employee-termination-benefits,"arising from wages, salaries, profit-sharing, bonuses, [one-time employee termination benefits] , other postemployment benefits, employee stock",6520a28431125430f085d4203a4ee6dbb1f4aab46d07fbd6528a24983dff45e3
employee compensation,employee-compensation,other postemployment benefits,other-postemployment-benefits,"profit-sharing, bonuses, one-time employee termination benefits, [other postemployment benefits] , employee stock ownership plans, employee",6520a28431125430f085d4203a4ee6dbb1f4aab46d07fbd6528a24983dff45e3
employee compensation,employee-compensation,employee stock ownership plan,employee-stock-ownership-plan,"employee termination benefits, other postemployment benefits, [employee stock ownership plans] , employee share purchase plans, defined",6520a28431125430f085d4203a4ee6dbb1f4aab46d07fbd6528a24983dff45e3
termination benefits,termination-benefits,special termination benefits,special-termination-benefits,of employment. They may be either [special termination benefits] offered only for a short period,55997514ac4633e46eb4e5a8459e74e536eb326fd4071689193bf02ce7bd6dca
nonretirement postemployment benefits,nonretirement-postemployment-benefits,inactive employees,inactive-employees,"and 715-60), provided to former or [inactive employees] , their beneficiaries, and covered dependents.",b4e5fb02d1c0eac65cbee7487b874632a70b58434afb9cdebf7335f3e69f63a9
service cost component of net periodic pension cost,,projected benefit obligation,projected-benefit-obligation,,
service cost component of net periodic pension cost,,actuarial present value,actuarial-present-value,,
service cost component of net periodic pension cost,,benefit formula,benefit-formula,,
service cost component of net periodic pension cost,,net periodic pension cost,net-periodic-pension-cost,,
share-based payment arrangements,share-based-payment-arrangements,share option,share-option,"receive awards of equity shares, equity [share options] , or other equity instruments. The",7acf9915f659ad2e07f0c1e79b520e0bb44f34108f2fb0f3a1363aa1d00930a6
share-based payment arrangements,share-based-payment-arrangements,service condition,service-condition,"shares or a market, performance, or [service condition] .) The awards require or may",7acf9915f659ad2e07f0c1e79b520e0bb44f34108f2fb0f3a1363aa1d00930a6
share-based payment arrangements,share-based-payment-arrangements,equity shares,equity-shares,"services (including employees) receive awards of [equity shares] , equity share options, or other",7acf9915f659ad2e07f0c1e79b520e0bb44f34108f2fb0f3a1363aa1d00930a6
service cost component of net periodic postretirement benefit cost,,expected postretirement benefit obligation,expected-postretirement-benefit-obligation,,
service cost component of net periodic postretirement benefit cost,,actuarial present value,actuarial-present-value,,
other postemployment benefits,other-postemployment-benefits,inactive employees,inactive-employees,by an employer to former or [inactive employees] after employment but before retirement including,c7a6cb09ca744a72fdb08d8402dca2708ce9bc723448429d39417b91d2c97954
other postemployment benefits,other-postemployment-benefits,termination benefits,termination-benefits,"Benefits, other than special or contractual [termination benefits] , that are provided by an",c7a6cb09ca744a72fdb08d8402dca2708ce9bc723448429d39417b91d2c97954
employer loan,employer-loan,employee stock ownership plan,employee-stock-ownership-plan,"made by the employer to the [employee stock ownership plan] , with no related outside loan.",a5970e11950feac4483e2316c2a5d1934f59b4484101f17524dc791ed30909c6
endorsement split-dollar life insurance,endorsement-split-dollar-life-insurance,insurance policy,insurance-policy,the entity owns and controls the [insurance policy] . The employer enters into a,e649c4df672046eef7d57636e1ceccd7c5726395f186fea441aeac537705ace2
enhanced 12b-1 plan,enhanced-12b-1-plan,excess costs,excess-costs,to the extent the distributor has [excess costs] .,90c4bb11f68f34bc902f7bfb6fa8b53ef43d5040b37c812d888b6da7d9b6cdbb
equitable right of redemption,equitable-right-of-redemption,financial asset,financial-asset,"right. After a transfer of a [financial asset] , a right of redemption may",bd75b8b51871bddd382b06dde79b4669d66e0233f69fceaa4fa0c3580d505dad
equity kicker,equity-kicker,expected residual profit,expected-residual-profit,See [Expected Residual Profit] .,3ff6abf4d2aaaa740a746265fccfe7fec83214eaf125f592fb42f2c6de0daa75
equity restructuring,equity-restructuring,fair value,fair-value,its shareholders that causes the per-share [fair value] of the shares underlying an option,0e03f53c9a36b2b31217e33e4a27f6f3e9fd85560e80107e13eef25ac256522a
equity restructuring,equity-restructuring,stock split,stock-split,"change, such as a stock dividend, [stock split] , spinoff, rights offering, or recapitalization",0e03f53c9a36b2b31217e33e4a27f6f3e9fd85560e80107e13eef25ac256522a
equity restructuring,equity-restructuring,stock dividend,stock-dividend,"award to change, such as a [stock dividend] , stock split, spinoff, rights offering,",0e03f53c9a36b2b31217e33e4a27f6f3e9fd85560e80107e13eef25ac256522a
equity security,equity-security,preferred stock,preferred-stock,in an entity) Convertible debt or [preferred stock] that by its terms either must,aa5c0a794cc84cfc325539e75d423edce4571a1476673e8021204224c7a6cbb0
equity security,equity-security,put option,put-option,"options) or dispose of (for example, [put options] and forward sale contracts) an ownership",aa5c0a794cc84cfc325539e75d423edce4571a1476673e8021204224c7a6cbb0
equity security,equity-security,call option,call-option,"warrants, rights, forward purchase contracts, and [call options] ) or dispose of (for example,",aa5c0a794cc84cfc325539e75d423edce4571a1476673e8021204224c7a6cbb0
equity-indexed annuity,equity-indexed-annuity,annuity contract,annuity-contract,A deferred fixed [annuity contract] with a guaranteed minimum interest rate,28c5e6268c0af6983bc74b6b0c5be8ecb284628c6a2ecd4bf56bb007beba25eb
estimated residual value,estimated-residual-value,fair value,fair-value,The estimated [fair value] of the leased property at the,0e90378cc1faa9a599a42e45200d79ab111b87a66a1c513d68e3334ef96ad2ff
estimated residual value,estimated-residual-value,lease term,lease-term,property at the end of the [lease term] .,0e90378cc1faa9a599a42e45200d79ab111b87a66a1c513d68e3334ef96ad2ff
lease term,lease-term,underlying asset,underlying-asset,"has the right to use an [underlying asset] , together with all of the",8bab095121ce5a9468f20affe2a830da53ddeec6907fdecef15403efd6a23dd4
exchange market,exchange-market,fair value,fair-value,readily available and generally representative of [fair value] . An example of such a,ca02089febc161a72fd0ec37b98620e90eba0603a275ec4d8dadbfa80641cc65
exempt and nonexempt cooperatives,exempt-and-nonexempt-cooperatives,taxable income,taxable-income,types are permitted to deduct from [taxable income] patronage distributed or allocated on a,696f3f5630d5819fc9700a860ae7fa4ed25452d72f96e16756c492395a7ad5ba
exercise contingency,exercise-contingency,financial instrument,financial-instrument,the counterparty) to exercise an equity-linked [financial instrument] (or embedded feature) based on changes,b7d5a9807f249fcd7df5337404543048dc476d18c27c161dd8672fef500c6bfd
existing contract,existing-contract,nonintegrated contract features,nonintegrated-contract-feature,by the contract holder and excludes [nonintegrated contract features] .,09f9e44d80c796a1337feac10e9895d28fb8c28b521ab3a80f210613c90c6013
nonintegrated contract features,nonintegrated-contract-feature,base contract,base-contract,dependent on the provisions of the [base contract] .,d03f64b757adaeed832a872fad76ba4c79f06362ffab4a2b1cc42524910e6496
expected long-term rate of return on plan assets,expected-long-term-rate-of-return-on-plan-assets,plan assets,plan-assets,about the rate of return on [plan assets] reflecting the average rate of earnings,b2e7ae658c0778b18245b65e254cb10c39ab0a3ed25d8c36bff4a4c08a4cb3a0
expected losses,expected-losses,fair value,fair-value,the expected negative variability in the [fair value] of its net assets exclusive of,48bac148e3c0f5d96f1debf528989707c37b5e08c0069ad15c75fdc79837d7c5
expected losses,expected-losses,legal entity,legal-entity,A [legal entity] that has no history of net,48bac148e3c0f5d96f1debf528989707c37b5e08c0069ad15c75fdc79837d7c5
expected losses,expected-losses,net assets,net-assets,in the fair value of its [net assets] exclusive of variable interests and not,48bac148e3c0f5d96f1debf528989707c37b5e08c0069ad15c75fdc79837d7c5
expected losses,expected-losses,variable interests,variable-interests,of its net assets exclusive of [variable interests] and not the anticipated amount or,48bac148e3c0f5d96f1debf528989707c37b5e08c0069ad15c75fdc79837d7c5
expected losses,expected-losses,variable interest entity,variable-interest-entity,the foreseeable future can be a [variable interest entity] (VIE). A legal entity that expects,48bac148e3c0f5d96f1debf528989707c37b5e08c0069ad15c75fdc79837d7c5
expected losses,expected-losses,net income,net-income,anticipated amount or variability of the [net income] or loss.,48bac148e3c0f5d96f1debf528989707c37b5e08c0069ad15c75fdc79837d7c5
variable interests,variable-interests,fair value,fair-value,that change with changes in the [fair value] of the VIE's net assets exclusive,68cc7cd1f17db7ea490fb9142c361343b44de0cfa1e1a671b95af1b01380bc62
variable interests,variable-interests,legal entity,legal-entity,are considered variable interests if the [legal entity] is a VIE and to the,68cc7cd1f17db7ea490fb9142c361343b44de0cfa1e1a671b95af1b01380bc62
variable interests,variable-interests,net assets,net-assets,the fair value of the VIE's [net assets] exclusive of variable interests. Equity interests,68cc7cd1f17db7ea490fb9142c361343b44de0cfa1e1a671b95af1b01380bc62
variable interests,variable-interests,equity interests,equity-interests,net assets exclusive of variable interests. [Equity interests] with or without voting rights are,68cc7cd1f17db7ea490fb9142c361343b44de0cfa1e1a671b95af1b01380bc62
variable interests,variable-interests,primary beneficiary,primary-beneficiary,may affect the determination of the [primary beneficiary] of a VIE.,68cc7cd1f17db7ea490fb9142c361343b44de0cfa1e1a671b95af1b01380bc62
variable interests,variable-interests,variable interest entity,variable-interest-entity,that will absorb portions of a [variable interest entity] 's (VIE's) expected losses or receive,68cc7cd1f17db7ea490fb9142c361343b44de0cfa1e1a671b95af1b01380bc62
variable interests,variable-interests,expected losses,expected-losses,of a variable interest entity's (VIE's) [expected losses] or receive portions of the entity's,68cc7cd1f17db7ea490fb9142c361343b44de0cfa1e1a671b95af1b01380bc62
variable interests,variable-interests,expected residual returns,expected-residual-returns,or receive portions of the entity's [expected residual returns] are called variable interests. Variable interests,68cc7cd1f17db7ea490fb9142c361343b44de0cfa1e1a671b95af1b01380bc62
expected losses and expected residual returns,expected-losses-and-expected-residual-returns,present value,present-value,"7, Using Cash Flow Information and [Present Value] in Accounting Measurements. However, expected losses",8a22559d0826a7e7e8f7b5f82442779db19446999e4fa8b3cd0ce30c448e82db
expected losses and expected residual returns,expected-losses-and-expected-residual-returns,expected variability,expected-variability,"expected losses, expected residual returns, and [expected variability] is illustrated in paragraphs 810-10-55-42810-10-55-43810-10-55-44810-10-55-45810-10-55-46810-10-55-47810-10-55-48810-10-55-49.",8a22559d0826a7e7e8f7b5f82442779db19446999e4fa8b3cd0ce30c448e82db
expected losses and expected residual returns,expected-losses-and-expected-residual-returns,variable interest entity,variable-interest-entity,"and expected residual returns of a [variable interest entity] (VIE). (P) December 16, 2024; (N)",8a22559d0826a7e7e8f7b5f82442779db19446999e4fa8b3cd0ce30c448e82db
expected losses and expected residual returns,expected-losses-and-expected-residual-returns,expected cash flow,expected-cash-flow,returns refer to amounts derived from [expected cash flows] as described in FASB Concepts Statement,8a22559d0826a7e7e8f7b5f82442779db19446999e4fa8b3cd0ce30c448e82db
expected losses and expected residual returns,expected-losses-and-expected-residual-returns,expected losses,expected-losses,[Expected losses] and expected residual returns refer to,8a22559d0826a7e7e8f7b5f82442779db19446999e4fa8b3cd0ce30c448e82db
expected losses and expected residual returns,expected-losses-and-expected-residual-returns,expected residual returns,expected-residual-returns,Expected losses and [expected residual returns] refer to amounts derived from expected,8a22559d0826a7e7e8f7b5f82442779db19446999e4fa8b3cd0ce30c448e82db
expected variability,expected-variability,fair value,fair-value,expected loss. Expected variability in the [fair value] of net assets includes expected variability,bf8daf46c21681445d769fc885879a3289d0bd7ce4db7abfca6901d2b42a0c93
expected variability,expected-variability,legal entity,legal-entity,from the operating results of the [legal entity] .,bf8daf46c21681445d769fc885879a3289d0bd7ce4db7abfca6901d2b42a0c93
expected variability,expected-variability,net assets,net-assets,variability in the fair value of [net assets] includes expected variability resulting from the,bf8daf46c21681445d769fc885879a3289d0bd7ce4db7abfca6901d2b42a0c93
expected residual returns,expected-residual-returns,fair value,fair-value,the expected positive variability in the [fair value] of its net assets exclusive of,8e4eab680990fdbb48f9e644bcba7c5c9dfd94c2e3c8fb4b0a072cb48f79f0a3
expected residual returns,expected-residual-returns,net assets,net-assets,in the fair value of its [net assets] exclusive of variable interests.,8e4eab680990fdbb48f9e644bcba7c5c9dfd94c2e3c8fb4b0a072cb48f79f0a3
expected residual returns,expected-residual-returns,variable interests,variable-interests,of its net assets exclusive of [variable interests] .,8e4eab680990fdbb48f9e644bcba7c5c9dfd94c2e3c8fb4b0a072cb48f79f0a3
expected residual returns,expected-residual-returns,variable interest entity,variable-interest-entity,A [variable interest entity] 's (VIE's) expected residual returns are,8e4eab680990fdbb48f9e644bcba7c5c9dfd94c2e3c8fb4b0a072cb48f79f0a3
expected return on plan assets,expected-return-on-plan-assets,fair value,fair-value,the effects of changes in the [fair value] of plan assets. The expected return,088b02643a1a81e4e45b541feb1fc148288eda8ae53af255bf580514fee08152
expected return on plan assets,expected-return-on-plan-assets,market-related value of plan assets,market-related-value-of-plan-assets,return on plan assets and the [market-related value of plan assets] .,088b02643a1a81e4e45b541feb1fc148288eda8ae53af255bf580514fee08152
expected return on plan assets,expected-return-on-plan-assets,expected long-term rate of return on plan assets,expected-long-term-rate-of-return-on-plan-assets,assets is determined based on the [expected long-term rate of return on plan assets] and the market-related value of plan,088b02643a1a81e4e45b541feb1fc148288eda8ae53af255bf580514fee08152
expected return on plan assets,expected-return-on-plan-assets,plan assets,plan-assets,changes in the fair value of [plan assets] . The expected return on plan,088b02643a1a81e4e45b541feb1fc148288eda8ae53af255bf580514fee08152
market-related value of plan assets,market-related-value-of-plan-assets,fair value,fair-value,value of plan assets is either [fair value] or a calculated value that recognizes,30b98c9a3796780fc9eb0270a27eb33246421361707f6d141fc4c720f28b6603
market-related value of plan assets,market-related-value-of-plan-assets,calculated value,calculated-value,is either fair value or a [calculated value] that recognizes changes in fair value,30b98c9a3796780fc9eb0270a27eb33246421361707f6d141fc4c720f28b6603
market-related value of plan assets,market-related-value-of-plan-assets,plan assets,plan-assets,to calculate the expected return on [plan assets] . The market-related value of plan,30b98c9a3796780fc9eb0270a27eb33246421361707f6d141fc4c720f28b6603
market-related value of plan assets,market-related-value-of-plan-assets,expected return on plan assets,expected-return-on-plan-assets,A balance used to calculate the [expected return on plan assets] . The market-related value of plan,30b98c9a3796780fc9eb0270a27eb33246421361707f6d141fc4c720f28b6603
expenditures,expenditures,capitalization rate,capitalization-rate,Expenditures to which [capitalization rates] are to be applied are capitalized,9d53620df1a00cdbe1bf124688481512839e3d97b7143bc5bf099801253d5caa
explicit,explicit-service-period,grant date,grant-date,from a given date (usually the [grant date] ) has an explicit service period,954d9f9bff9d2ae1d844dc2df87fa7d4f0f4b88037d8ddddc44527a7067d0cba
explicit,explicit-service-period,requisite service period,requisite-service-period,"Service Period, Implicit Service Period, and [Requisite Service Period] .",954d9f9bff9d2ae1d844dc2df87fa7d4f0f4b88037d8ddddc44527a7067d0cba
explicit,explicit-service-period,derived service period,derived-service-period,"service period of three years. See [Derived Service Period] , Implicit Service Period, and Requisite",954d9f9bff9d2ae1d844dc2df87fa7d4f0f4b88037d8ddddc44527a7067d0cba
explicit,explicit-service-period,terms of a share-based payment award,terms-of-a-share-based-payment-award,"that is explicitly stated in the [terms of a share-based payment award] . For example, an award stating",954d9f9bff9d2ae1d844dc2df87fa7d4f0f4b88037d8ddddc44527a7067d0cba
terms of a share-based payment award,terms-of-a-share-based-payment-award,share option,share-option,"For example, the exercise price of [share options] is one of the terms of",f7a4864e4b2b2d3572a909ce198c1319df9af606357be9ce7f4d61f8e1734923
terms of a share-based payment award,terms-of-a-share-based-payment-award,exercise price,exercise-price,"share-based payment award. For example, the [exercise price] of share options is one of",f7a4864e4b2b2d3572a909ce198c1319df9af606357be9ce7f4d61f8e1734923
exploration,exploration,exploratory well,exploratory-well,"oil and gas reserves, including drilling [exploratory wells] and exploratory-type stratigraphic test wells.",b8c3c76bccd83116e6cbaa0a300c82530b9beb559422911daa5e10e7f24bb7f0
exploration,exploration,stratigraphic test well,stratigraphic-test-well,including drilling exploratory wells and exploratory-type [stratigraphic test wells] .,b8c3c76bccd83116e6cbaa0a300c82530b9beb559422911daa5e10e7f24bb7f0
exploratory well,exploratory-well,stratigraphic test well,stratigraphic-test-well,"a service well , or a [stratigraphic test well] .",88f18642e66b85758848be407fd9474a054fafe31749360136f196015c1ff75a
orderly transaction,orderly-transaction,measurement date,measurement-date,market for a period before the [measurement date] to allow for marketing activities that,121cbd087743840f4792a4884fd54902249ae0cdc4b5c8f78c6769d17a8170ac
market participants,market-participants,fair value,fair-value,used as an input to a [fair value] measurement if the reporting entity has,566103f8c687f8e582d0fe3182b8f0f0d20c585379e1461dbf9ec15887073788
market participants,market-participants,reporting entity,reporting-entity,a fair value measurement if the [reporting entity] has evidence that the transaction was,566103f8c687f8e582d0fe3182b8f0f0d20c585379e1461dbf9ec15887073788
fed funds effective rate overnight index swap rate,fed-funds-effective-swap-rate-or-overnight-index-swap-rate,fair value,fair-value,in the swap having a zero [fair value] at inception because the present value,d41f02869b5b07725793245f97fa56a91fa848df53d85ab618584cef1cbc3b32
fed funds effective rate overnight index swap rate,fed-funds-effective-swap-rate-or-overnight-index-swap-rate,present value,present-value,"fair value at inception because the [present value] of fixed cash flows, based on",d41f02869b5b07725793245f97fa56a91fa848df53d85ab618584cef1cbc3b32
federal home loan mortgage corporation,federal-home-loan-mortgage-corporation,undivided interest,undivided-interest,through mortgage participation certificates representing an [undivided interest] in a group of conventional mortgages.,7100b1119dbce261a525527d917ab3444d9c266d02d86c503a4b0c58960e0751
film group,film-group,license agreement,license-agreement,testing for a film or a [license agreement] for program material when the film,1425e4c083931dee5729a5d218f5df553d2a2a68cab54f91e5ecddc832c296f7
film group,film-group,unit of account,unit-of-account,The [unit of account] used for impairment testing for a,1425e4c083931dee5729a5d218f5df553d2a2a68cab54f91e5ecddc832c296f7
final-pay,final-pay-formula,benefit formula,benefit-formula,A [benefit formula] that bases benefits on the employee's,174ee5f66f41279c8ede638d61ac25fccf31877f424153d09545499c04e15b25
final-pay,final-pay-formula,pension benefits,pension-benefits,"example, a plan might provide annual [pension benefits] equal to 1 percent of the",174ee5f66f41279c8ede638d61ac25fccf31877f424153d09545499c04e15b25
financial highlights,nonregistered-investment-partnerships-financial-highlights,time of issuance,time-of-issuance,shares that are intended at the [time of issuance] to be consolidated at a later,8111274ac04b9fe9f341ab0028a50b9738e7cb9f287e0ef8b461da4cf393224e
financial highlights,nonregistered-investment-partnerships-financial-highlights,theoretical investment,theoretical-investment,"interpret the terms classes, units, and [theoretical investments] as follows: Classes. Nonregistered investment funds",8111274ac04b9fe9f341ab0028a50b9738e7cb9f287e0ef8b461da4cf393224e
theoretical investment,theoretical-investment,financial highlights,nonregistered-investment-partnerships-financial-highlights,See Nonregistered Investment Partnerships— [Financial Highlights] .,d9494c52f108f3cf9913cf9c700ae86a437dbab288170509cd3bd674ebffb801
financial liability,financial-liability,financial instrument,financial-instrument,of the following:Deliver cash or another [financial instrument] to a second entity Exchange other,a8ac28448ae06da963a1e443982b0e861ae1f600fd4701a8ba79c1773f9dcbfe
financially interrelated entity,financially-interrelated-entities,ongoing economic interest in the net assets of the other,ongoing-economic-interest-in-the-net-assets-of-another,One of the entities has an [ongoing economic interest in the net assets of the other] .,6147908d1903d2afd5c69221c1b45be838d4778f1afdb32ab49da3a2183b513f
financially interrelated entity,financially-interrelated-entities,recipient entity,recipient-entity,A [recipient entity] and a specified beneficiary are financially,6147908d1903d2afd5c69221c1b45be838d4778f1afdb32ab49da3a2183b513f
ongoing economic interest in the net assets of the other,ongoing-economic-interest-in-the-net-assets-of-another,not-for-profit entity,not-for-profit-entity,A residual right to another [not-for-profit entity] 's (NFP's) net assets that results,32fb4da1d32f7a8580647bf32a82ec57f2ef42373b77d37b8328d95152cd37e3
ongoing economic interest in the net assets of the other,ongoing-economic-interest-in-the-net-assets-of-another,net assets,net-assets,right to another not-for-profit entity's (NFP's) [net assets] that results from an ongoing relationship.,32fb4da1d32f7a8580647bf32a82ec57f2ef42373b77d37b8328d95152cd37e3
foreign currency,foreign-currency,foreign entity,foreign-entity,"be a foreign currency for a [foreign entity] ). Composites of currencies, such as",02e6ca5759cac32abe041ebdeacdb8954df3bdf44e962e089e45102d86d6e77f
foreign currency,foreign-currency,functional currency,functional-currency,A currency other than the [functional currency] of the entity being referred to,02e6ca5759cac32abe041ebdeacdb8954df3bdf44e962e089e45102d86d6e77f
fixed participation method,fixed-participation-method,liquidation method,liquidation-method,[Liquidation method] used to allocate principal payments on,0ebac07722cc2f26ba216bd2dda791fcf8af9b8a2200a338be5e0c29185526b3
lump-sum contract,lump-sum-contract,fixed-price contract,fixed-price-contracts,See [Fixed-Price Contracts] .,4338533c42dd5cdcdfcc244ac0fccd02cba06cddddf9089ae93244bd8ed23fea
flat-benefit plans,flat-benefit-formula,benefit formula,benefit-formula,A [benefit formula] that bases benefits on a fixed,78ac9732d1a9b0ce7bdcce48ade69c89891a2f1760aafe8ea4e01bc039200ff7
floating participation method,floating-participation-method,liquidation method,liquidation-method,[Liquidation method] used to allocate principal payments on,3bd5a1cfb5fb69c9655fe2b92f6512ce183ee60a63843d9359e06afc7e96d701
foreign entity,foreign-entity,reporting currency,reporting-currency,in a currency other than the [reporting currency] of the reporting entity Combined or,b57a5a122da00a4182aecc4cef44c6950b944674c3d19d5d2b3396db7c692f7f
foreign entity,foreign-entity,joint venture,joint-venture,"operation (for example, subsidiary, division, branch, [joint venture] , and so forth) whose financial",b57a5a122da00a4182aecc4cef44c6950b944674c3d19d5d2b3396db7c692f7f
foreign entity,foreign-entity,reporting entity,reporting-entity,than the reporting currency of the [reporting entity] Combined or consolidated with or accounted,b57a5a122da00a4182aecc4cef44c6950b944674c3d19d5d2b3396db7c692f7f
foreign currency statements,foreign-currency-statements,reporting currency,reporting-currency,functional currency that is not the [reporting currency] of the reporting entity.,6a227ece3660476b0348c2b6a5fddf10ba6c4d4927ff290aa721b2dac07894ad
foreign currency statements,foreign-currency-statements,reporting entity,reporting-entity,not the reporting currency of the [reporting entity] .,6a227ece3660476b0348c2b6a5fddf10ba6c4d4927ff290aa721b2dac07894ad
foreign currency statements,foreign-currency-statements,functional currency,functional-currency,as the unit of measure a [functional currency] that is not the reporting currency,6a227ece3660476b0348c2b6a5fddf10ba6c4d4927ff290aa721b2dac07894ad
reporting currency,reporting-currency,reporting entity,reporting-entity,The currency in which a [reporting entity] prepares its financial statements.,ebbdd9fac881bc7f424f7b6ab93236584c7745ba4f64b8a2edee324c7d778a00
foreign currency transactions,foreign-currency-transactions,reporting entity,reporting-entity,Foreign currency transactions arise when a [reporting entity] does any of the following: Buys,fb4a040fb33408f3a43f3e30936bb371e16956973402ee3c935d4ecaa36788e0
foreign currency transactions,foreign-currency-transactions,foreign currency,foreign-currency,other than the entity's functional currency. [Foreign currency] transactions arise when a reporting entity,fb4a040fb33408f3a43f3e30936bb371e16956973402ee3c935d4ecaa36788e0
foreign currency transactions,foreign-currency-transactions,functional currency,functional-currency,a currency other than the entity's [functional currency] . Foreign currency transactions arise when,fb4a040fb33408f3a43f3e30936bb371e16956973402ee3c935d4ecaa36788e0
foreign currency translation,foreign-currency-translation,reporting currency,reporting-currency,The process of expressing in the [reporting currency] of the reporting entity those amounts,4c397e18a4849a210411598a8024e56a8756dd14e9cf755c1939f42ed07fc4bb
foreign currency translation,foreign-currency-translation,reporting entity,reporting-entity,in the reporting currency of the [reporting entity] those amounts that are denominated or,4c397e18a4849a210411598a8024e56a8756dd14e9cf755c1939f42ed07fc4bb
foreign exchange risk,foreign-exchange-risk,fair value,fair-value,of changes in a hedged item's [fair value] or functional-currency-equivalent cash flows attributable to,013e5e137ebfdd55ee0dcaa30331284d8d0ff4838321b816276979ea7595fed7
foreign exchange risk,foreign-exchange-risk,foreign currency,foreign-currency,attributable to changes in the related [foreign currency] exchange rates.,013e5e137ebfdd55ee0dcaa30331284d8d0ff4838321b816276979ea7595fed7
formation date,formation-date,joint venture,joint-venture,The formation date of a [joint venture] is the date on which an,f3bae537994382b246813b5e3a7e56a1fb193d4b7bddac3ee0e4107dfa2bdbde
formation date,formation-date,legal entity,legal-entity,"venture, which is not necessarily the [legal entity] formation date. The formation date is",f3bae537994382b246813b5e3a7e56a1fb193d4b7bddac3ee0e4107dfa2bdbde
formation date,formation-date,measurement date,measurement-date,date. The formation date is the [measurement date] for the formation transaction. If multiple,f3bae537994382b246813b5e3a7e56a1fb193d4b7bddac3ee0e4107dfa2bdbde
forward commitment dollar rolls,forward-commitment-dollar-roll,government national mortgage association,government-national-mortgage-association,See [Government National Mortgage Association] Rolls.,9d0776944e08f42a4eff14fdd34dd41582a2cecb3cef02c5a647dc2c1a171d4c
government national mortgage association,government-national-mortgage-association,mortgage-backed securities,mortgage-backed-securities,agency that guarantees certain types of [mortgage-backed securities] and provides funds for and administers,598860b7797945ae0720dccbea425c444076e98d431653de9a964bd101dfbf48
forward exchange contracts,forward-exchange-contract,exchange rate,exchange-rate,exchange different currencies at a specified [exchange rate] at an agreed-upon future date.,7c7c9fac91327ae72ab3645fa0b8ad61e3c0c5372023b3841bd3454b7e30fa44
fraternal benefit societies,fraternal-benefit-society,insurance contracts,insurance-contract,"the earnings of the society, and [insurance contracts] stipulate that the society has the",3ae6058147674d94eb206e722077a86965206bfac11ae3a0e9628487c8f9ddbf
freestanding call option,freestanding-call-option,call option,call-option,A [call option] that is neither embedded in nor,6ef3309925309ab29228ae706a8c8e747a00ff93d577e6d2dc1a4b4b176675ff
freestanding contract,freestanding-contract,financial instrument,financial-instrument,from any of the entity's other [financial instruments] or equity transactions In conjunction with,4f011aec26a44dd08ac352f79edbb306eae5ffa1d6cb7d9c0beefe40058384eb
freestanding financial instruments,freestanding-financial-instrument,financial instrument,financial-instrument,A [financial instrument] that meets either of the following,5ea6c843d70d14597e1e087528c4e3ec7faba7d5b29234ae71d68adbfb80f746
front-end fee,front-end-fees,initiation or front-end fees,initiation-or-front-end-fees,See [Initiation or Front-End Fees] .,d05f46c68322d881d6bd7eefbf75ef58dd5c3b900e0b9fe466fe7fff2656cee7
fronting arrangements,fronting-arrangements,ceding entity,ceding-entity,Reinsurance arrangements in which the [ceding entity] issues a policy and reinsures all,fe243ceecad3102735246d5c90aa786e15cea9cbbb2ded28798d2b19e3b3ba95
fronting arrangements,fronting-arrangements,assuming entity,assuming-entity,of the insurance risk with the [assuming entity] .,fe243ceecad3102735246d5c90aa786e15cea9cbbb2ded28798d2b19e3b3ba95
fronting arrangements,fronting-arrangements,insurance risk,insurance-risk,all or substantially all of the [insurance risk] with the assuming entity.,fe243ceecad3102735246d5c90aa786e15cea9cbbb2ded28798d2b19e3b3ba95
insurance risk,insurance-risk,underwriting risk,underwriting-risk,risk arising from uncertainties about both [underwriting risk] and timing risk. Actual or imputed,1d30c9af9bd083522fd567c0b184df6e1c14d6d19201a63c0efa8ef1c12e3b31
insurance risk,insurance-risk,timing risk,timing-risk,uncertainties about both underwriting risk and [timing risk] . Actual or imputed investment returns,1d30c9af9bd083522fd567c0b184df6e1c14d6d19201a63c0efa8ef1c12e3b31
full eligibility for benefits,full-eligibility-for-benefits,full eligibility date,full-eligibility-date,an employee having reached the employee's [full eligibility date] . Full eligibility for benefits is,039334def8b313f98924ffbcb88fc91e73120e6e70d14fe697cdfc1e478998a5
full eligibility for benefits,full-eligibility-for-benefits,postretirement benefit plan,postretirement-benefit-plan,age and service requirements of the [postretirement benefit plan] . See Full Eligibility Date.,039334def8b313f98924ffbcb88fc91e73120e6e70d14fe697cdfc1e478998a5
fully benefit-responsive investment contracts,fully-benefit-responsive-investment-contract,investment contracts,investment-contracts,"is substantially restricted by plan provisions, [investment contracts] held by those plans may not",16221cd198df372c3c237d0866c456321bd42f3752d0203f336daeea442a653e
fully benefit-responsive investment contracts,fully-benefit-responsive-investment-contract,contract value,contract-value,occurred such that realization of full [contract value] for a particular investment contract is,16221cd198df372c3c237d0866c456321bd42f3752d0203f336daeea442a653e
fully benefit-responsive investment contracts,fully-benefit-responsive-investment-contract,plan termination,plan-termination,by the plan Plant closings Layoffs [Plan termination] Bankruptcy Mergers Early retirement incentives. The,16221cd198df372c3c237d0866c456321bd42f3752d0203f336daeea442a653e
fully benefit-responsive investment contracts,fully-benefit-responsive-investment-contract,plan participant,plan-participant,"be fully benefit-responsive. For example, if [plan participants] are allowed access at contract value",16221cd198df372c3c237d0866c456321bd42f3752d0203f336daeea442a653e
plan termination,plan-termination,insurance contracts,insurance-contract,"are settled by the purchase of [insurance contracts] (for example, annuities) or by other",ac41b1c93f23a4a8eb7ea4b9cbc8c6d4e949088b23ab888eb39a4cd8a2902612
plan termination,plan-termination,postretirement benefit plan,postretirement-benefit-plan,in which the pension plan or [postretirement benefit plan] ceases to exist and all benefits,ac41b1c93f23a4a8eb7ea4b9cbc8c6d4e949088b23ab888eb39a4cd8a2902612
fully eligible plan participants,fully-eligible-plan-participants,full eligibility date,full-eligibility-date,rendered service to or beyond their [full eligibility date] and who are expected to receive,933b8e0d789843b7f9e09a034ae3b68e5b0171942314bd81ac3e61e7c57fb1f0
functional expense classification,functional-expense-classification,not-for-profit entity,not-for-profit-entity,The primary functional classifications of a [not-for-profit entity] are program services and supporting activities.,fcd600845f87c84ef44848461d1d7c1eac18078b024dd484ab4480a4f4d0d4d9
functional expense classification,functional-expense-classification,program services,program-services,classifications of a not-for-profit entity are [program services] and supporting activities.,fcd600845f87c84ef44848461d1d7c1eac18078b024dd484ab4480a4f4d0d4d9
functional expense classification,functional-expense-classification,supporting activities,supporting-activities,not-for-profit entity are program services and [supporting activities] .,fcd600845f87c84ef44848461d1d7c1eac18078b024dd484ab4480a4f4d0d4d9
program services,program-services,not-for-profit entity,not-for-profit-entity,purposes or mission for which the [not-for-profit entity] (NFP) exists. Those services are the,52586cf418faf84509b8d9761d2d3487ddf6a0ffc5f0089d897564ca884c22d2
supporting activities,supporting-activities,management and general activities,management-and-general-activities,"services. Generally, they include the following: [Management and general activities] Fundraising activities Membership development activities.",7bb78e83bae5a0ed0b44c071c814e81be9db7803f60b2362949faef75494d560
supporting activities,supporting-activities,not-for-profit entity,not-for-profit-entity,"activities are all activities of a [not-for-profit entity] (NFP) other than program services. Generally,",7bb78e83bae5a0ed0b44c071c814e81be9db7803f60b2362949faef75494d560
supporting activities,supporting-activities,program services,program-services,"a not-for-profit entity (NFP) other than [program services] . Generally, they include the following:",7bb78e83bae5a0ed0b44c071c814e81be9db7803f60b2362949faef75494d560
fund,fund,funding agency,funding-agency,"verb, to pay over to a [funding agency] (as to fund future pension benefits",45230c8b369074e37174f9ce22992d1de75f8e889b487c0f58c02be0dd5b2da6
fund,fund,pension benefits,pension-benefits,funding agency (as to fund future [pension benefits] or to fund pension cost). Used,45230c8b369074e37174f9ce22992d1de75f8e889b487c0f58c02be0dd5b2da6
funding agency,funding-agency,life insurance entity,life-insurance-entity,"an organization, such as a specific [life insurance entity] , that provides facilities for the",bbf2403a96cc7e07420b20080973873a70fa713e69a04cd1accc756986fc361a
life insurance entity,life-insurance-entity,insurance contracts,insurance-contract,"annuity, endowment, and accident and health [insurance contracts] as well as life insurance contracts.",7892bc701e14b46964e183ad42c20e7a64a4a0c5e2f49c6ee95643c3a9ab5545
life insurance entity,life-insurance-entity,mutual entities,mutual-entity,entities may be either stock or [mutual entities] .,7892bc701e14b46964e183ad42c20e7a64a4a0c5e2f49c6ee95643c3a9ab5545
funding policy,funding-policy,postretirement benefit plan,postretirement-benefit-plan,benefits a pension plan or other [postretirement benefit plan] specifies.,a234a03186954612c6ad87c24c0ec1197d422ea504f611abc70acf17852d4452
funding policy,funding-policy,plan participant,plan-participant,"timing of contributions by the employers, [plan participants] , and any other sources (for",a234a03186954612c6ad87c24c0ec1197d422ea504f611abc70acf17852d4452
gain or loss,gain-or-loss-component-of-net-periodic-pension-cost,projected benefit obligation,projected-benefit-obligation,does not include changes in the [projected benefit obligation] occurring during the period and deferred,abc5b6e943f7fd9dcc2c4f8cc5a8e357c191b4035f21224a5d43b472136bbf91
gain or loss,gain-or-loss-component-of-net-periodic-pension-cost,net periodic postretirement benefit cost,net-periodic-postretirement-benefit-cost,,abc5b6e943f7fd9dcc2c4f8cc5a8e357c191b4035f21224a5d43b472136bbf91
gain or loss,gain-or-loss-component-of-net-periodic-pension-cost,other comprehensive income,other-comprehensive-income,gain or loss recognized in accumulated [other comprehensive income] . The gain or loss component,abc5b6e943f7fd9dcc2c4f8cc5a8e357c191b4035f21224a5d43b472136bbf91
gain or loss,gain-or-loss-component-of-net-periodic-pension-cost,substantive plan,substantive-plan,,abc5b6e943f7fd9dcc2c4f8cc5a8e357c191b4035f21224a5d43b472136bbf91
gain or loss,gain-or-loss-component-of-net-periodic-pension-cost,net periodic pension cost,net-periodic-pension-cost,of gains and losses in determining [net periodic pension cost] (the net change in the gain,abc5b6e943f7fd9dcc2c4f8cc5a8e357c191b4035f21224a5d43b472136bbf91
gain or loss,gain-or-loss-component-of-net-periodic-pension-cost,postretirement benefit plan,postretirement-benefit-plan,,abc5b6e943f7fd9dcc2c4f8cc5a8e357c191b4035f21224a5d43b472136bbf91
gain or loss,gain-or-loss-component-of-net-periodic-pension-cost,accumulated postretirement benefit obligation,accumulated-postretirement-benefit-obligation,,abc5b6e943f7fd9dcc2c4f8cc5a8e357c191b4035f21224a5d43b472136bbf91
gain or loss,gain-or-loss-component-of-net-periodic-pension-cost,plan assets,plan-assets,difference between the actual return on [plan assets] and the expected return on plan,abc5b6e943f7fd9dcc2c4f8cc5a8e357c191b4035f21224a5d43b472136bbf91
gain or loss,gain-or-loss-component-of-net-periodic-pension-cost,expected return on plan assets,expected-return-on-plan-assets,return on plan assets and the [expected return on plan assets] and the amortization of the net,abc5b6e943f7fd9dcc2c4f8cc5a8e357c191b4035f21224a5d43b472136bbf91
gain or loss,gain-or-loss-component-of-net-periodic-pension-cost,actual return on plan assets,actual-return-on-plan-assets-component-of-net-periodic-postretirement-benefit-cost,sum of the difference between the [actual return on plan assets] and the expected return on plan,abc5b6e943f7fd9dcc2c4f8cc5a8e357c191b4035f21224a5d43b472136bbf91
net periodic postretirement benefit cost,net-periodic-postretirement-benefit-cost,gain or loss,gain-or-loss-component-of-net-periodic-pension-cost,"cost, actual return on plan assets, [gain or loss] , amortization of prior service cost",a96162f47c3aaf21ca5a8ce86a36c3ffde709eaab5a6fa7d30fa13a028da3cb8
net periodic postretirement benefit cost,net-periodic-postretirement-benefit-cost,transition obligation,transition-obligation,"or credit, and amortization of the [transition obligation] or asset.",a96162f47c3aaf21ca5a8ce86a36c3ffde709eaab5a6fa7d30fa13a028da3cb8
net periodic postretirement benefit cost,net-periodic-postretirement-benefit-cost,postretirement benefit plan,postretirement-benefit-plan,statements as the cost of a [postretirement benefit plan] for a period. Components of net,a96162f47c3aaf21ca5a8ce86a36c3ffde709eaab5a6fa7d30fa13a028da3cb8
net periodic postretirement benefit cost,net-periodic-postretirement-benefit-cost,actual return on plan assets,actual-return-on-plan-assets-component-of-net-periodic-postretirement-benefit-cost,"cost include service cost, interest cost, [actual return on plan assets] , gain or loss, amortization of",a96162f47c3aaf21ca5a8ce86a36c3ffde709eaab5a6fa7d30fa13a028da3cb8
net periodic postretirement benefit cost,net-periodic-postretirement-benefit-cost,prior service cost,prior-service-cost,"assets, gain or loss, amortization of [prior service cost] or credit, and amortization of the",a96162f47c3aaf21ca5a8ce86a36c3ffde709eaab5a6fa7d30fa13a028da3cb8
net periodic postretirement benefit cost,net-periodic-postretirement-benefit-cost,interest cost,interest-cost,"postretirement benefit cost include service cost, [interest cost] , actual return on plan assets,",a96162f47c3aaf21ca5a8ce86a36c3ffde709eaab5a6fa7d30fa13a028da3cb8
substantive plan,substantive-plan,postretirement benefit plan,postretirement-benefit-plan,The terms of the [postretirement benefit plan] as understood by an employer that,b7b171db790d43859ba2a8600577cc37346f405b9c666cceb6fd5f33c43db9e3
substantive plan,substantive-plan,postretirement benefits,postretirement-benefits,understood by an employer that provides [postretirement benefits] and the employees who render services,b7b171db790d43859ba2a8600577cc37346f405b9c666cceb6fd5f33c43db9e3
gain or loss component of net periodic postretirement benefit cost,gain-or-loss-component-of-net-periodic-postretirement-benefit-cost,net periodic postretirement benefit cost,net-periodic-postretirement-benefit-cost,effect of delayed recognition in determining [net periodic postretirement benefit cost] of gains and losses (the net,662ac0ef637852d52f3f65c74fb71d69fc212d3b1783a19468a119c5541e3f20
gain or loss component of net periodic postretirement benefit cost,gain-or-loss-component-of-net-periodic-postretirement-benefit-cost,other comprehensive income,other-comprehensive-income,gain or loss recognized in accumulated [other comprehensive income] Any amount immediately recognized as a,662ac0ef637852d52f3f65c74fb71d69fc212d3b1783a19468a119c5541e3f20
gain or loss component of net periodic postretirement benefit cost,gain-or-loss-component-of-net-periodic-postretirement-benefit-cost,substantive plan,substantive-plan,decision to temporarily deviate from the [substantive plan] . The gain or loss component,662ac0ef637852d52f3f65c74fb71d69fc212d3b1783a19468a119c5541e3f20
gain or loss component of net periodic postretirement benefit cost,gain-or-loss-component-of-net-periodic-postretirement-benefit-cost,gain or loss,gain-or-loss-component-of-net-periodic-pension-cost,expected return on plan assets Any [gain or loss] immediately recognized or the amortization of,662ac0ef637852d52f3f65c74fb71d69fc212d3b1783a19468a119c5541e3f20
gain or loss component of net periodic postretirement benefit cost,gain-or-loss-component-of-net-periodic-postretirement-benefit-cost,accumulated postretirement benefit obligation,accumulated-postretirement-benefit-obligation,does not include changes in the [accumulated postretirement benefit obligation] occurring during the period and deferred,662ac0ef637852d52f3f65c74fb71d69fc212d3b1783a19468a119c5541e3f20
gain or loss component of net periodic postretirement benefit cost,gain-or-loss-component-of-net-periodic-postretirement-benefit-cost,expected return on plan assets,expected-return-on-plan-assets,return on plan assets and the [expected return on plan assets] Any gain or loss immediately recognized,662ac0ef637852d52f3f65c74fb71d69fc212d3b1783a19468a119c5541e3f20
gain or loss component of net periodic postretirement benefit cost,gain-or-loss-component-of-net-periodic-postretirement-benefit-cost,actual return on plan assets,actual-return-on-plan-assets-component-of-net-periodic-postretirement-benefit-cost,the following: The difference between the [actual return on plan assets] and the expected return on plan,662ac0ef637852d52f3f65c74fb71d69fc212d3b1783a19468a119c5541e3f20
gains and losses included in comprehensive income but excluded from net income,gains-and-losses-included-in-comprehensive-income-but-excluded-from-net-income,fair value,fair-value,net income include certain changes in [fair values] of investments in marketable equity securities,368e5e628b40f034332baea72630fbd0834e45f9ba59a78de1124170f4e21b95
gains and losses included in comprehensive income but excluded from net income,gains-and-losses-included-in-comprehensive-income-but-excluded-from-net-income,other comprehensive income,other-comprehensive-income,"pension liabilities or assets recognized within [other comprehensive income] , and foreign currency translation adjustments.",368e5e628b40f034332baea72630fbd0834e45f9ba59a78de1124170f4e21b95
gains and losses included in comprehensive income but excluded from net income,gains-and-losses-included-in-comprehensive-income-but-excluded-from-net-income,foreign currency translation,foreign-currency-translation,"recognized within other comprehensive income, and [foreign currency translation] adjustments. Future changes to generally accepted",368e5e628b40f034332baea72630fbd0834e45f9ba59a78de1124170f4e21b95
goodwill,goodwill,acquisition by a not-for-profit entity,acquisition-by-a-not-for-profit-entity,"a business combination, acquired in an [acquisition by a not-for-profit entity] , or recognized by a joint",3a077762baa0057ab6a82994d8cf8c3bdabdc8ef30b19be4040291ea9be0653a
goodwill,goodwill,business combination,business-combination,"from other assets acquired in a [business combination] , acquired in an acquisition by",3a077762baa0057ab6a82994d8cf8c3bdabdc8ef30b19be4040291ea9be0653a
goodwill,goodwill,joint venture,joint-venture,"not-for-profit entity, or recognized by a [joint venture] upon formation that are not individually",3a077762baa0057ab6a82994d8cf8c3bdabdc8ef30b19be4040291ea9be0653a
government grant,government-grant,fair value,fair-value,"be at a significant discount to [fair value] ), from a government to an",b7530d254453ac5ebcceffea5bf85b5a14164c9eff71d654ffb91ee2b4a29eea
government grant,government-grant,not-for-profit entity,not-for-profit-entity,to an entity except for a [not-for-profit entity] and an employee benefit plan within,b7530d254453ac5ebcceffea5bf85b5a14164c9eff71d654ffb91ee2b4a29eea
mortgage-backed securities,mortgage-backed-securities,government national mortgage association,government-national-mortgage-association,"governmental agency or corporation (for example, [Government National Mortgage Association] [GNMA] or Federal Home Loan Mortgage",e3fe620dd17c35665e4edaeff7bafe7c97c74620b69db1649122e8a89e91ab69
mortgage-backed securities,mortgage-backed-securities,undivided interest,undivided-interest,certificates. A participation certificate represents an [undivided interest] in a pool of specific mortgage,e3fe620dd17c35665e4edaeff7bafe7c97c74620b69db1649122e8a89e91ab69
mortgage-backed securities,mortgage-backed-securities,federal home loan mortgage corporation,federal-home-loan-mortgage-corporation,Government National Mortgage Association [GNMA] or [Federal Home Loan Mortgage Corporation] [FHLMC]) or by private issuers (for,e3fe620dd17c35665e4edaeff7bafe7c97c74620b69db1649122e8a89e91ab69
mortgage-backed securities,mortgage-backed-securities,federal national mortgage association,federal-national-mortgage-association,"or by private issuers (for example, [Federal National Mortgage Association] [FNMA], banks, and mortgage banking entities).",e3fe620dd17c35665e4edaeff7bafe7c97c74620b69db1649122e8a89e91ab69
government national mortgage association gnma rolls,,mortgage-backed securities,mortgage-backed-securities,,
government national mortgage association gnma rolls,,government national mortgage association,government-national-mortgage-association,,
government national mortgage association gnma rolls,,forward commitment dollar rolls,forward-commitment-dollar-roll,,
government national mortgage association gnma rolls,,repurchase agreement,repurchase-agreement,,
grant related to an asset,grant-related-to-an-asset,government grant,government-grant,"16, 2028; (N) December 16, 2029832-10-65-2A [government grant] , or part of a government",cfbca7641b2117d619033b33ea7ea117e035e0ccca8728194336052106b71770
grant related to income,grant-related-to-income,grant related to an asset,grant-related-to-an-asset,"a government grant, other than a [grant related to an asset] (for example, a grant that reimburses",763d385c19222809e00e3dc68889f4c373ffb45fa9899a4965cf9abd68067086
grant related to income,grant-related-to-income,government grant,government-grant,"16, 2028; (N) December 16, 2029832-10-65-2A [government grant] , or part of a government",763d385c19222809e00e3dc68889f4c373ffb45fa9899a4965cf9abd68067086
gross premium,gross-premium,net premiums,net-premiums,for an insurance contract. See also [Net Premiums] .,79f9c01e135d3161feb65bc0dbe71f131e6ede225627221821aade73ec71a9aa
net premiums,net-premiums,present value,present-value,"calculated at issue, so that the [present value] of all guaranteed death and endowment",ff0fc2df3cd06007a3449bbe86a6869a0829450ca165a9e502683285e00798e7
net premiums,net-premiums,insurance contracts,insurance-contract,"For traditional and limited-payment long-duration [insurance contracts] , the net premium is that",ff0fc2df3cd06007a3449bbe86a6869a0829450ca165a9e502683285e00798e7
net premiums,net-premiums,gross premium,gross-premium,premium is that portion of the [gross premium] required to provide for all benefits,ff0fc2df3cd06007a3449bbe86a6869a0829450ca165a9e502683285e00798e7
net premiums,net-premiums,acquisition costs,acquisition-costs,"for all benefits and expenses, excluding [acquisition costs] or any costs that are required",ff0fc2df3cd06007a3449bbe86a6869a0829450ca165a9e502683285e00798e7
group insurance,group-insurance,contract period,contract-period,"insurance usually has an annual renewable [contract period] , although the insurer may guarantee",089a2dd08952a9295801a1a17d95086d54be579fc026e25b40615aebbc421687
group participating pension contracts,group-participating-pension-contracts,total return,total-return,that give the contract holder the [total return] based on a referenced pool of,6fcd3c14ff410c5b431128be2aebe96b322721ab4a7c76183d3d3ce6429c5675
guaranteed interest rate,guaranteed-interest-rate,cash surrender value,cash-surrender-value,interest rate guaranteed in a policy's [cash surrender value] or nonforfeiture value calculation.,8e32d5faee6a60f5ff296e40eb0e32072e94fa196bef35c8b5a12b35a303c8f4
guaranteed minimum accumulation benefit,guaranteed-minimum-accumulation-benefit,annuity contract,annuity-contract,that is available to a deferred [annuity contract] holder in cash.,e85d01bb7d0fc74f066375c4999793c0b397da224f92e44c0b2403da0f261c21
guaranteed minimum withdrawal benefit,guaranteed-minimum-withdrawal-benefit,contract value,contract-value,"a specific period. Regardless of the [contract value] , the contract holder is guaranteed",3ab241f6185ac4be95ae75947f32dcd2598f9cbacf354fe83ec88e2edf030b52
hazardous waste constituents,hazardous-waste-constituent,hazardous waste,hazardous-waste,waste to be listed as a [hazardous waste] under the Resource Conservation and Recovery,597ac6a67af8728d84618dac098b0ceeeb0ce4ee2070528f732330ddd7e74c5e
hedged layer,hedged-layer,financial asset,financial-asset,amounts of a closed portfolio of [financial assets] or one or more beneficial interests,55b9296412b7924d57c7b42ffdbb77e1043a56af7aa791c28f06d198596a9459
hedged layer,hedged-layer,financial instrument,financial-instrument,interests secured by a portfolio of [financial instruments] that is not expected to be,55b9296412b7924d57c7b42ffdbb77e1043a56af7aa791c28f06d198596a9459
hedged layer,hedged-layer,beneficial interests,beneficial-interests,financial assets or one or more [beneficial interests] secured by a portfolio of financial,55b9296412b7924d57c7b42ffdbb77e1043a56af7aa791c28f06d198596a9459
high-yield debt securities,high-yield-debt-securities,junk bonds,junk-bonds,obligations are frequently referred to as [junk bonds] .,beb9216d23935208f2e2b31c5690cc0e0b532925ffaf073f2ed8835cfe0ceb5d
junk bonds,junk-bonds,high-yield debt securities,high-yield-debt-securities,See [High-Yield Debt Securities] .,26273f7e0f92e477f964b18e8378555d4eb922e4bf573265d0c99bc4cff3382d
highest and best use,highest-and-best-use,nonfinancial asset,nonfinancial-asset,The use of a [nonfinancial asset] by market participants that would maximize,2bdcc3b5ac296f336946ea025e078194360c4ab38a77c57e78b292aa92306e52
highest and best use,highest-and-best-use,market participants,market-participants,use of a nonfinancial asset by [market participants] that would maximize the value of,2bdcc3b5ac296f336946ea025e078194360c4ab38a77c57e78b292aa92306e52
holding gain or loss,holding-gain-or-loss,fair value,fair-value,The net change in [fair value] of a security. The holding gain,d24ff3c3b5ebeda7f9baadd0bb8f8af310a55e0d30a51f4ae313fcc0be1b8235
hybrid instrument,hybrid-instrument,embedded derivative,embedded-derivative,A contract that embodies both an [embedded derivative] and a host contract.,adaa39246a57bad23a4879d62d5068bc8736d38716cb323d6c1a581396fc5f39
if-converted method,if-converted-method,time of issuance,time-of-issuance,"of the reporting period (or at [time of issuance] , if later).",739c299c1e7209ca244ff70d1087c1c3b607f8647b81dddd7345b3680e68e35f
impaired claims,impaired-claims,equity interests,equity-interests,"amount of the claim, or for [equity interests] , the greater of the fixed",2087613c62cd2c6029ee25306324742e8903552faf39c282c52d2d5ea01ff9f9
impairment,impairment,fair value,fair-value,long-lived asset (asset group) exceeds its [fair value] .,5b35f9c08785c6b054ae89cabf465a0b2437c8c622b383d9b15faf112e890f52
impairment,impairment,carrying amount,carrying-amount,the condition that exists when the [carrying amount] of a long-lived asset (asset group),5b35f9c08785c6b054ae89cabf465a0b2437c8c622b383d9b15faf112e890f52
impairment,impairment,asset group,asset-group,amount of a long-lived asset ( [asset group] ) exceeds its fair value.,5b35f9c08785c6b054ae89cabf465a0b2437c8c622b383d9b15faf112e890f52
implicit,implicit-service-period,share option,share-option,"For instance, if an award of [share options] vests upon the completion of a",97be53df03e85d90e8e50f9e0a8710e7ea4dcb60fc93b502da569aa05e1fe3de
implicit,implicit-service-period,requisite service period,requisite-service-period,"Service Period, Explicit Service Period, and [Requisite Service Period] .",97be53df03e85d90e8e50f9e0a8710e7ea4dcb60fc93b502da569aa05e1fe3de
implicit,implicit-service-period,product design,product-design,upon the completion of a new [product design] and it is probable that the,97be53df03e85d90e8e50f9e0a8710e7ea4dcb60fc93b502da569aa05e1fe3de
implicit,implicit-service-period,derived service period,derived-service-period,"service period is 18 months. See [Derived Service Period] , Explicit Service Period, and Requisite",97be53df03e85d90e8e50f9e0a8710e7ea4dcb60fc93b502da569aa05e1fe3de
implicit,implicit-service-period,terms of a share-based payment award,terms-of-a-share-based-payment-award,is not explicitly stated in the [terms of a share-based payment award] but that may be inferred from,97be53df03e85d90e8e50f9e0a8710e7ea4dcb60fc93b502da569aa05e1fe3de
imputed interest rate,imputed-interest-rate,present value,present-value,approximation (or imputation) required when the [present value] of a note must be estimated,16ca9e877e67eb7e0c97bfab35c6d80bd6b39850ab35c8e32e3b6c44da884c92
in-substance common stock,in-substance-common-stock,common stock,common-stock,are substantially similar to that entity's [common stock] .,6d190c08d645939fca5c9d45391beccef89db58359179197d25f3262ad27da91
incidental operations,incidental-operations,intended use,intended-use,"of developing the property for its [intended use] , as distinguished from activities designed",584769b7977dd2455b00080168d549bec3bb01f0e6e8d9e0577e80c733d6e5bd
income approach,income-approach,fair value,fair-value,"current (that is, discounted) amount. The [fair value] measurement is determined on the basis",fc2aed94cd4a22d46a508471a74e956bd79d8cb7021898ea6acd8e2b34a92f62
income available to common stockholders,income-available-to-common-stockholders,preferred stock,preferred-stock,income (or net loss) adjusted for [preferred stock] dividends.,6b52f29a2993f9d7ef204f98f4513a8b9f71271c3aacfda8f5d7753ec2badef5
income available to common stockholders,income-available-to-common-stockholders,net income,net-income,(or loss) from continuing operations or [net income] (or net loss) adjusted for preferred,6b52f29a2993f9d7ef204f98f4513a8b9f71271c3aacfda8f5d7753ec2badef5
income from continuing operations,income-from-continuing-operations,income taxes,income-taxes,Income after applicable [income taxes] but excluding the results of discontinued,a8f55ac58f70ff383148affcfb58ba995a3d84ecbfe1b621fe5ee4ac7dd93509
income from continuing operations,income-from-continuing-operations,accounting change,accounting-change,"discontinued operations, the cumulative effect of [accounting changes] , translation adjustments, purchasing power gains",a8f55ac58f70ff383148affcfb58ba995a3d84ecbfe1b621fe5ee4ac7dd93509
income from continuing operations,income-from-continuing-operations,recoverable amount,recoverable-amount,in the current cost or lower [recoverable amount] of nonmonetary assets and liabilities.,a8f55ac58f70ff383148affcfb58ba995a3d84ecbfe1b621fe5ee4ac7dd93509
income from continuing operations,income-from-continuing-operations,translation adjustment,translation-adjustments,"the cumulative effect of accounting changes, [translation adjustments] , purchasing power gains and losses",a8f55ac58f70ff383148affcfb58ba995a3d84ecbfe1b621fe5ee4ac7dd93509
translation adjustment,translation-adjustments,reporting currency,reporting-currency,the entity's functional currency into the [reporting currency] .,24faa07c61b7dac4eb56b97795f726453d410a1902caeaa740b8d7c654fce31f
translation adjustment,translation-adjustments,functional currency,functional-currency,translating financial statements from the entity's [functional currency] into the reporting currency.,24faa07c61b7dac4eb56b97795f726453d410a1902caeaa740b8d7c654fce31f
incremental costs from incidental operations,incremental-costs-of-incidental-operations,incidental operations,incidental-operations,"in relation to the conduct of [incidental operations] . Interest, taxes, insurance, security, and",5ba3ae117cb7462fdf917fc05c766d21203426348797913a845e78528cda12d1
incremental revenue from incidental operations,incremental-revenues-from-incidental-operations,incidental operations,incidental-operations,in relation to the conduct of [incidental operations] .,c60ddc79401edb7b9b8b4ae8031a6829435c7f86479bf9a2263c87898a6edc14
incurred claims cost,incurred-claims-cost-by-age,plan participant,plan-participant,"covered by the plan to a [plan participant] , after adjusting for reimbursements from",73ba8cda7c5e4abc60ae708d71ac06f4a42b5b6729ac410b2db864dbe07fc172
incurred claims cost,incurred-claims-cost-by-age,postretirement health care benefits,postretirement-health-care-benefits,The cost of providing the [postretirement health care benefits] covered by the plan to a,73ba8cda7c5e4abc60ae708d71ac06f4a42b5b6729ac410b2db864dbe07fc172
indirect effects of a change in accounting principle,indirect-effects-of-a-change-in-accounting-principle,net income,net-income,reported amount such as revenue or [net income] .,009b8fd97bd5e673aa06afc6ae5d0dc8a5c42efeb481a30b55fa9a9e2448ba2c
indirect effects of a change in accounting principle,indirect-effects-of-a-change-in-accounting-principle,change in accounting principle,change-in-accounting-principle,entity that result from making a [change in accounting principle] that is applied retrospectively. An example,009b8fd97bd5e673aa06afc6ae5d0dc8a5c42efeb481a30b55fa9a9e2448ba2c
indirect guarantee of indebtedness,indirect-guarantee-of-indebtedness,direct guarantee of indebtedness,direct-guarantee-of-indebtedness,"the agreement. In contrast, with a [direct guarantee of indebtedness] , if the debtor defaults, the",280e85c20da9c38116114adb84c768a718df3f95f0f612567c75d85006aaa1a0
indirect guarantee of indebtedness,indirect-guarantee-of-indebtedness,working capital,working-capital,"income, coverage of fixed charges, or [working capital] falls below a specified minimum.",280e85c20da9c38116114adb84c768a718df3f95f0f612567c75d85006aaa1a0
indirect guarantee of indebtedness,indirect-guarantee-of-indebtedness,net income,net-income,"to advance funds if a debtor's [net income] , coverage of fixed charges, or",280e85c20da9c38116114adb84c768a718df3f95f0f612567c75d85006aaa1a0
working capital,working-capital,current liabilities,current-liabilities,the excess of current assets over [current liabilities] and identifies the relatively liquid portion,2ae57bd4792ffd5c42ece2618950bb932ffd16f5a500e0523e9aafaaaa8a141d
working capital,working-capital,operating cycle,operating-cycle,for meeting obligations within the ordinary [operating cycle] of the entity.,2ae57bd4792ffd5c42ece2618950bb932ffd16f5a500e0523e9aafaaaa8a141d
working capital,working-capital,current assets,current-assets,is represented by the excess of [current assets] over current liabilities and identifies the,2ae57bd4792ffd5c42ece2618950bb932ffd16f5a500e0523e9aafaaaa8a141d
indirect loan,indirect-loan,employee stock ownership plan,employee-stock-ownership-plan,"made by the employer to the [employee stock ownership plan] , with a related outside loan",efbf56adf704cb1a4fc9aae36399ec0cdbf1d584a4bda2cd7e8265d9878fdd1f
inputs,inputs,fair value,fair-value,particular valuation technique used to measure [fair value] (such as a pricing model) The,e39a0d3609c60678f955dafda6a73ca03fc3657e2dbc650b038715d0bc49e707
inputs,inputs,market participants,market-participants,The assumptions that [market participants] would use when pricing the asset,e39a0d3609c60678f955dafda6a73ca03fc3657e2dbc650b038715d0bc49e707
intangible asset class,intangible-asset-class,intangible assets,intangible-assets,"A group of [intangible assets] that are similar, either by their",9c988d76ef2d30d4ed64e13d81e813514130d7ff98e2fd5016d1b77d176a98e1
intangible assets,intangible-assets,financial asset,financial-asset,Assets (not including [financial assets] ) that lack physical substance. (The,9ddbf56e47f017134acf2d7db061af2d97c626518414eb5916c2a8f69658cb26
integrated contract features,integrated-contract-feature,base contract,base-contract,determined only in conjunction with the [base contract] .,20edefe0feabd1f06d0afba4d515cade197d1638668dccde5b8b326c7176b0eb
interest method,interest-method,interest cost,interest-cost,used to arrive at a periodic [interest cost] (including amortization) that will represent a,efd39bb817e29ec634faea7dbbc0d0a62db85d912a1c8efdeea5eea28531fc79
interest method,interest-method,face amount,face-amount,rate on the sum of the [face amount] of the debt and (plus or,efd39bb817e29ec634faea7dbbc0d0a62db85d912a1c8efdeea5eea28531fc79
interest rate risk,interest-rate-risk,fair value,fair-value,of changes in the hedged item's [fair value] attributable to changes in the designated,d0dedff7aa773fe956dcb4b9a43c7a2a4c169aa13e249ca5ea828ff2b5ae5cb0
interest rate risk,interest-rate-risk,financial instrument,financial-instrument,For recognized variable-rate [financial instruments] and forecasted issuances or purchases of,d0dedff7aa773fe956dcb4b9a43c7a2a4c169aa13e249ca5ea828ff2b5ae5cb0
interest rate risk,interest-rate-risk,benchmark interest rate,benchmark-interest-rate,attributable to changes in the designated [benchmark interest rate] . For forecasted issuances or purchases,d0dedff7aa773fe956dcb4b9a43c7a2a4c169aa13e249ca5ea828ff2b5ae5cb0
interest-only strips,interest-only-strip,financial asset,financial-asset,"collateralized mortgage obligation, or other interest-bearing [financial asset] .",42a8c3b93749c07e229c89a8376ac750fc5ade1ec8d7e65b9fb92a48abe4edc0
interinsurance exchange,interinsurance-exchange,reciprocal exchange,reciprocal-exchange,See [Reciprocal Exchange] .,ecc17d7fa0c70a72fcb28bcbea1012255daa2e5822da4b19c9e5ec155d53112a
intermediary,intermediary,recipient entity,recipient-entity,refers to situations in which a [recipient entity] acts as a facilitator for the,defb8d664b30c8728082aee5872859bbe6878751a6cb3ce9972b4cb8e6f6ae57
internal derivative,internal-derivative,consolidated group,consolidated-group,into with another member of a [consolidated group] (such as a treasury center).,b991df4ae9de27a2d5bddcf0f1dd937ab5d673d9c7e2a503b00f06993d2ff254
internal derivative,internal-derivative,foreign currency,foreign-currency,A [foreign currency] derivative instrument that has been entered,b991df4ae9de27a2d5bddcf0f1dd937ab5d673d9c7e2a503b00f06993d2ff254
internal replacement,internal-replacement,contract exchange,contract-exchange,"or coverages that occurs by a [contract exchange] ; by amendment, endorsement, or rider",eb4cec326b59bcbfca14fc3620b83496b671863dab8b405370cb3f175678a1c2
internal reserve method,internal-reserve-method,government national mortgage association,government-national-mortgage-association,on mortgage loans by issuers of [Government National Mortgage Association] (GNMA) securities. An issuer electing the,ca3be7f009a0c16c717d3678de30e7113328fce4b766c53131d88ac74e51629c
intra-entity derivatives,intra-entity-derivative,consolidated group,consolidated-group,contract between two members of a [consolidated group] .,eea4c48d859036e5365d86d94774ffcd8abcc9baa24e5a432d225fe181dd10c0
intrinsic value,intrinsic-value,fair value,fair-value,The amount by which the [fair value] of the underlying stock exceeds the,0f81c914ef37392308c2f3537d0fba4ccbcbadffcc110cd8132672fad79fbb2f
intrinsic value,intrinsic-value,exercise price,exercise-price,"of the underlying stock exceeds the [exercise price] of an option. For example, an",0f81c914ef37392308c2f3537d0fba4ccbcbadffcc110cd8132672fad79fbb2f
inventory,inventory,ordinary course of business,ordinary-course-of-business,characteristics: Held for sale in the [ordinary course of business] In process of production for such,75d507e3a9674ebcf088c3b3b696738c566ef44980637d23b5323b8239a60f0e
investing activities,investing-activities,productive assets,productive-assets,"property, plant, and equipment and other [productive assets] , that is, assets held for",81ca436976c8b031871fe77fd49528e941cb2486f8c6a0ec59c61fed874808b9
investment fund options,investment-fund-option,separate account,separate-account,"funds of banks Insurance entity pooled [separate accounts] providing varying kinds of investments, for",2f6b634e937fc7e0bfb0ab0e0813220073b8ed8b6fbc676074662a3f1181778c
investment fund options,investment-fund-option,defined contribution plan,defined-contribution-plan,provided to a participant in a [defined contribution plan] . The alternatives are usually pooled,2f6b634e937fc7e0bfb0ab0e0813220073b8ed8b6fbc676074662a3f1181778c
issued issuance or issuing of an equity instrument,,financial instrument,financial-instrument,,
issuer,issuer,financial instrument,financial-instrument,The entity that issued a [financial instrument] or may be required under the,3c04436d835654437d608a1d0bba1d15ddeb3b13789e79299f0fd3a10711d369
issuer,issuer,equity shares,equity-shares,a financial instrument to issue its [equity shares] .,3c04436d835654437d608a1d0bba1d15ddeb3b13789e79299f0fd3a10711d369
issuer equity shares,,consolidated financial statements,consolidated-financial-statements,,
issuer equity shares,,equity shares,equity-shares,,
joint and several,joint-and-several-liability,hazardous substance,hazardous-substance,a small amount of the total [hazardous substances] or waste at the site and,820050d69f1493286d3a903b2d878d3e40a2fb81260a853beb6342bbe89b4335
kick-out rights vie definition,,without cause,without-cause,,
without cause,without-cause,limited partnership,limited-partnership,for the dissolution (liquidation) of the [limited partnership] or removal of the general partners.,89cf8880e5ee85afa473e83b88f11b4fa3600b47ef11179a308f3acec866085b
kick-out rights voting interest entity definition,,limited partnership,limited-partnership,,
kick-out rights voting interest entity definition,,without cause,without-cause,,
land development costs,land-development-costs,permanent land development costs,permanent-land-development-costs,"permanent and limited-life, described as follows: [Permanent land development costs] include the costs of initial land",bb3943ec56f7f476195367fa34ca574d08ba43d18d69fc45fab1309743959165
land development costs,land-development-costs,development costs,development-costs,"Land improvement and [development costs] generally fall within two broad classifications,",bb3943ec56f7f476195367fa34ca574d08ba43d18d69fc45fab1309743959165
permanent land development costs,permanent-land-development-costs,land development costs,land-development-costs,See [Land Development Costs] .,aebafb53ecf0b22ec48d427fb4e11f12132080dbbd4bffd3f284cd2b2c321585
lead interest,lead-interest,split-interest agreement,split-interest-agreement,"assets during the term of a [split-interest agreement] , which generally starts upon the",bd5e985854d06295a4f5cbadd7ace2a04b4f7308a1dae071f93e831706793a9b
lease liability,lease-liability,lease payments,lease-payments,"A lessee's obligation to make the [lease payments] arising from a lease, measured on",9071cb17007f53f6bd04e9fd330b0d1087316d782c0249b990ec1486d02e7883
lease receivable,lease-receivable,lease term,lease-term,asset following the end of the [lease term] to the extent that it is,e59943d4309db749507e9311701a31d653aeb4f3117b4e9b511f28b0a2190141
lease receivable,lease-receivable,sales-type lease,sales-type-lease,receive lease payments arising from a [sales-type lease] or a direct financing lease plus,e59943d4309db749507e9311701a31d653aeb4f3117b4e9b511f28b0a2190141
lease receivable,lease-receivable,direct financing lease,direct-financing-leases,from a sales-type lease or a [direct financing lease] plus any amount that a lessor,e59943d4309db749507e9311701a31d653aeb4f3117b4e9b511f28b0a2190141
lease receivable,lease-receivable,underlying asset,underlying-asset,lessor expects to derive from the [underlying asset] following the end of the lease,e59943d4309db749507e9311701a31d653aeb4f3117b4e9b511f28b0a2190141
lease receivable,lease-receivable,lease payments,lease-payments,A lessor's right to receive [lease payments] arising from a sales-type lease or,e59943d4309db749507e9311701a31d653aeb4f3117b4e9b511f28b0a2190141
sales-type lease,sales-type-lease,operating lease,operating-lease,paragraph 842-10-25-2 and is not an [operating lease] in accordance with paragraph 842-10-25-3A.,1f5b04f6fd55a16431a82de2c59b83ae77a5cdbf1bb53e94eab8cf11df8db101
legal obligations,legal-obligation,promissory estoppel,promissory-estoppel,a contract under the doctrine of [promissory estoppel] .,d02f3c9dbbcb493584e92532299e2e5b8f1c4cf0cc27a8fb511fe66a7eb913cf
standby letters of credit,standby-letter-of-credit,commercial letters of credit,commercial-letter-of-credit,credit would not include the following: [Commercial letters of credit] and similar instruments where the issuing,8c99c9374405cc3a3f49f8180f04cd70f167a33906ff854fdb8d8462745b1249
lessee,lessee,underlying asset,underlying-asset,obtain the right to use an [underlying asset] for a period of time in,ee00fdea5e012dfeb77e67afa6df87c61670aef520c5645bbd55f7b04d3eee4c
lessor,lessor,underlying asset,underlying-asset,provide the right to use an [underlying asset] for a period of time in,c097c0460c6e2814296608a2f984a26fcdf1d0cc71f32a7e4a5ead68470e3579
level 1 inputs,level-1-inputs,measurement date,measurement-date,reporting entity can access at the [measurement date] .,2c76e3c8393124bffff9863e78489c684c41a32a4e1868de19c4add5259ff91a
level 1 inputs,level-1-inputs,active market,active-market,Quoted prices (unadjusted) in [active markets] for identical assets or liabilities that,2c76e3c8393124bffff9863e78489c684c41a32a4e1868de19c4add5259ff91a
level 1 inputs,level-1-inputs,reporting entity,reporting-entity,identical assets or liabilities that the [reporting entity] can access at the measurement date.,2c76e3c8393124bffff9863e78489c684c41a32a4e1868de19c4add5259ff91a
level 3 inputs,level-3-inputs,unobservable inputs,unobservable-inputs,[Unobservable inputs] for the asset or liability.,0ce16797d22a4a5155e0e5ac80361276d668787eee5d41ac131a41c0d75aa679
unobservable inputs,unobservable-inputs,market participants,market-participants,information available about the assumptions that [market participants] would use when pricing the asset,7fb96760170d8fc5154bfedbce125cda6aa4d4b9b8348adea9a200d2b0bd2507
licensing agreement,license-agreements,license agreement,license-agreement,on sales of records or music. [License agreements] are modifications of the compulsory provisions,0d8a4f6ff1cb3f33663396f028c666715ad4463228666f920ec527684a1d0d8b
life settlement contract,life-settlement-contract,cash surrender value,cash-surrender-value,amount in excess of the current [cash surrender value] of the life insurance policy. The,3da65399e132b23333145af9fef25f8889b28670ba7c95fe2f6cac2723339482
life settlement contract,life-settlement-contract,insurance policy,insurance-policy,between the owner of a life [insurance policy] (the policy owner) and a third-party,3da65399e132b23333145af9fef25f8889b28670ba7c95fe2f6cac2723339482
life annuity and health insurance entities,,insurance contracts,insurance-contract,,
life annuity and health insurance entities,,mutual entities,mutual-entity,,
limited life land development costs,limited-life-land-development-costs,land development costs,land-development-costs,See [Land Development Costs] .,aebafb53ecf0b22ec48d427fb4e11f12132080dbbd4bffd3f284cd2b2c321585
limited-payment contracts,limited-payment-contracts,insurance contracts,insurance-contract,Long-duration [insurance contracts] with terms that are fixed and,f31e1b55047a840249702808d20ed0d8714e2dd0dfdb1aa05210c70b29622812
line of credit arrangement,line-of-credit-arrangement,loan commitment,loan-commitment,the debtor under predefined terms (a [loan commitment] ).,e1bf49b1f46d397660cafbf686457eb6e554014e54b6b6206316638b2dee667e
liquidity,liquidity,financial flexibility,financial-flexibility,"cash flow patterns or an entity's [financial flexibility] . For example, a gift of",671276ae79e63dfabd11f91aa1c7f60dbd9e3c8daa58f74c6efed786c0e7e971
liquidity,liquidity,donor-imposed restriction,donor-imposed-restriction,asset's or liability's nearness to cash. [Donor-imposed restrictions] may influence the liquidity or cash,671276ae79e63dfabd11f91aa1c7f60dbd9e3c8daa58f74c6efed786c0e7e971
livestock,livestock,agricultural producers,agricultural-producers,small animals bred and raised by [agricultural producers] .,a4bdd23b4f16d93f6a5d07dd58b595678972c65e27bef2f64d02f1b00ce19990
lock-box arrangement,lock-box-arrangement,ordinary course of business,ordinary-course-of-business,"loan arrangement require that, in the [ordinary course of business] and without another event occurring, the",385d5c4a9dfd8629df6569caa851fc8ba53af58c870abd1389da11f94dd1e818
lock-box arrangement,lock-box-arrangement,working capital,working-capital,have the ability to avoid using [working capital] to repay the amounts outstanding. That,385d5c4a9dfd8629df6569caa851fc8ba53af58c870abd1389da11f94dd1e818
lock-up options,lock-up-options,business combination,business-combination,"securities of another party to a [business combination] , at favorable prices, to encourage",94cb93a015d6d681f300ba155b8626e3780c5dc2ef5f811aadc8dc735ae17ff2
london interbank offered rate libor,,fair value,fair-value,,
london interbank offered rate libor,,present value,present-value,,
london interbank offered rate libor swap rate,,fair value,fair-value,,
london interbank offered rate libor swap rate,,present value,present-value,,
long-term care benefit,long-term-care-benefit,accumulation phase,accumulation-phase,"annuity in which, if during the [accumulation phase] , the contract holder has an",9164dec72545fd1844ed8546382d79cbd0ad63278d703223640806a8927b06c3
long-term obligations,long-term-obligations,operating cycle,operating-cycle,"mature beyond one year (or the [operating cycle] , if applicable) from the date",25ed63e6359ae31e4f61cc396063ba07fac4070c079bf2007b2ebfcc0683e44b
loss,loss,gain or loss,gain-or-loss-component-of-net-periodic-pension-cost,See [Gain or Loss] .,08ac6f1ffc8562e3b748250798feb3f7dc79de244b6912118e5d091404e2d393
maintenance costs,maintenance-costs,insurance contracts,insurance-contract,associated with maintaining records relating to [insurance contracts] and with the processing of premium,db89219fd3ba14c53473e1df6ad877fce63fed3bcfb3501c6be28b893c20084c
make-whole provision,make-whole-provision,fair value,fair-value,at a significant premium over the [fair value] of the debt at the date,9c7fd9174de9b17e3ba4ac9a8cb71909611af43b95ab04bc813f55c8bf3a5460
management and general activities,management-and-general-activities,supporting activities,supporting-activities,[Supporting activities] that are not directly identifiable with,2de2070783d3b15f9f55ad54b9441c02ceba0cce44a9a2b5c37a6e32b65f0eea
mandatorily redeemable financial instruments,mandatorily-redeemable-financial-instrument,financial instrument,financial-instrument,Any of various [financial instruments] issued in the form of shares,507b832a3230a93ffd726d21eb9b95511c63fc61a1472d4390123a25634bf7eb
market,market-condition,fair value,fair-value,pertinent factors used in determining the [fair value] of an award under a share-based,774dee3fa748395c6c4aa893e96727a47057cbb74b3ff54c4bb30fa8afb1bc7a
market,market-condition,equity security,equity-security,a similar (or index of similar) [equity security] (securities). The term similar as used,774dee3fa748395c6c4aa893e96727a47057cbb74b3ff54c4bb30fa8afb1bc7a
market,market-condition,common stock,common-stock,"type of residual rights. For example, [common stock] of one entity generally would be",774dee3fa748395c6c4aa893e96727a47057cbb74b3ff54c4bb30fa8afb1bc7a
market,market-condition,intrinsic value,intrinsic-value,shares or a specified amount of [intrinsic value] indexed solely to the issuer's shares,774dee3fa748395c6c4aa893e96727a47057cbb74b3ff54c4bb30fa8afb1bc7a
market,market-condition,exercise price,exercise-price,"A condition affecting the [exercise price] , exercisability, or other pertinent factors",774dee3fa748395c6c4aa893e96727a47057cbb74b3ff54c4bb30fa8afb1bc7a
market risk,market-risk,interest rate risk,interest-rate-risk,prices. Market risk comprises the following: [Interest rate risk] Currency risk Other price risk.,eb0b7f81014aedada22fe61881724e8b5cdde9c573c7193013de17179df34c4d
market risk,market-risk,fair value,fair-value,The risk that the [fair value] or future cash flows of a,eb0b7f81014aedada22fe61881724e8b5cdde9c573c7193013de17179df34c4d
market risk,market-risk,financial instrument,financial-instrument,or future cash flows of a [financial instrument] will fluctuate because of changes in,eb0b7f81014aedada22fe61881724e8b5cdde9c573c7193013de17179df34c4d
market risk,market-risk,other price risk,other-price-risk,following: Interest rate risk Currency risk [Other price risk] .,eb0b7f81014aedada22fe61881724e8b5cdde9c573c7193013de17179df34c4d
other price risk,other-price-risk,interest rate risk,interest-rate-risk,"prices (other than those arising from [interest rate risk] or currency risk), whether those changes",35ff5f6352bed8ad3350f9bbd4a2ca29c90fdbe87a6dcadab21199358e1c025e
other price risk,other-price-risk,fair value,fair-value,The risk that the [fair value] or future cash flows of a,35ff5f6352bed8ad3350f9bbd4a2ca29c90fdbe87a6dcadab21199358e1c025e
other price risk,other-price-risk,financial instrument,financial-instrument,or future cash flows of a [financial instrument] will fluctuate because of changes in,35ff5f6352bed8ad3350f9bbd4a2ca29c90fdbe87a6dcadab21199358e1c025e
other price risk,other-price-risk,currency risk,currency-risk,"arising from interest rate risk or [currency risk] ), whether those changes are caused",35ff5f6352bed8ad3350f9bbd4a2ca29c90fdbe87a6dcadab21199358e1c025e
market risk benefit,market-risk-benefit,market risk,market-risk,the contract holder from other-than-nominal capital [market risk] and exposes the insurance entity to,ec7b4020f62f998bda6375713db00dcaa6a3f79eb5e115f016144a0c0766c492
marketing cooperatives,marketing-cooperative,agricultural producers,agricultural-producers,patrons. Marketing cooperatives provide means for [agricultural producers] to process and sell their products.,f815dd81af9e491b26643de457fd7833d7980bbb8e4003ea1aef85cc76daf3bb
merger of not-for-profit entities,merger-of-not-for-profit-entities,not-for-profit entity,not-for-profit-entity,those entities to create a new [not-for-profit entity] .,74e967b2c170411b4ed31b592fcd044cc4b2c7ea0f48245edc134700feb078e1
mineral resource assets,mineral-resource-assets,mineral interests,mineral-interests,"and gravel. Mineral resource assets include [mineral interests] in properties, completed and uncompleted wells,",f2e9bba6308d1dc5e458d37d19b6f96871d6d47c111822bd702204a871cda847
minimum lease payments,minimum-lease-payments,lease term,lease-term,the minimum rental payments over the [lease term] and the payment called for by,785cc605717086a2e1bc6c9c7693031c7343faa40acc22ed8888270741b6ffac
minimum lease payments,minimum-lease-payments,fair value,fair-value,payments (but not included in the [fair value] of the leased property). Lease payments,785cc605717086a2e1bc6c9c7693031c7343faa40acc22ed8888270741b6ffac
minimum lease payments,minimum-lease-payments,special-purpose entity,time-sharing-special-purpose-entity,lessee to the owners of the [special-purpose entity] for structuring the lease transaction. Such,785cc605717086a2e1bc6c9c7693031c7343faa40acc22ed8888270741b6ffac
minimum lease payments,minimum-lease-payments,lease payments,lease-payments,Minimum [lease payments] comprise the payments that the lessee,785cc605717086a2e1bc6c9c7693031c7343faa40acc22ed8888270741b6ffac
minimum lease payments,minimum-lease-payments,lease inception,lease-inception,"amount such that renewal appears, at [lease inception] , to be reasonably assured. If",785cc605717086a2e1bc6c9c7693031c7343faa40acc22ed8888270741b6ffac
minimum lease payments,minimum-lease-payments,residual value,residual-value,lease term. Any guarantee of the [residual value] at the expiration of the lease,785cc605717086a2e1bc6c9c7693031c7343faa40acc22ed8888270741b6ffac
minimum lease payments,minimum-lease-payments,residual value guarantee,residual-value-guarantee,"realization of the residual value, the [residual value guarantee] to be included in the minimum",785cc605717086a2e1bc6c9c7693031c7343faa40acc22ed8888270741b6ffac
special-purpose entity,time-sharing-special-purpose-entity,beneficial interests,beneficial-interests,"the entity's stock, membership interests, or [beneficial interests] .",6385e28778cfb515cfbe8bf7fb80ef33924c49e651e248d4e918a0abae4bade3
residual value,residual-value,fair value,fair-value,The estimated [fair value] of an intangible asset at the,3563e779e4cccedf60383a5e0961d5dfa5336db9c4fd33858f4c2c93e96042c8
residual value,residual-value,useful life,useful-life,"asset at the end of its [useful life] to an entity, less any disposal",3563e779e4cccedf60383a5e0961d5dfa5336db9c4fd33858f4c2c93e96042c8
residual value guarantee,residual-value-guarantee,underlying asset,underlying-asset,lessor that the value of an [underlying asset] returned to the lessor at the,2c8379ee5ff29bb228e77ba4afbc455d6cc4cac3aee50e246b11be198a2adea1
minimum premium plan arrangements,minimum-premium-plan-arrangement,fully insured experience-rated arrangements,fully-insured-experience-rated-arrangement,have characteristics of both self-funded and [fully insured experience-rated arrangements] .,72cda43cf5e03070eaec307475cde8e2a9ecc87acf495efd4381a922cd5abcb2
mining entities,mining-entities,natural resources,natural-resources,involved in finding and removing wasting [natural resources] (other than oil- and gas-producing entities,22d77582eb644c3a97a43fda9eba576cd559223695a933db7f62abb153640c32
monetary assets or liabilities,monetary-assets-and-liabilities,monetary assets,monetary-assets,[Monetary assets] and liabilities are assets and liabilities,af0869bce2b5f151f86546e95f8a75ef23a7657f14026b901e9494f12efb3c84
monetary value,monetary-value,fair value,fair-value,"What the [fair value] of the cash, shares, or other",cacbccbbc2830ad481ad49ee86237a54e4395f1a7a78a872045a06b0bac0806d
monetary value,monetary-value,financial instrument,financial-instrument,"shares, or other instruments that a [financial instrument] obligates the issuer to convey to",cacbccbbc2830ad481ad49ee86237a54e4395f1a7a78a872045a06b0bac0806d
mortality,mortality-rate,pension benefits,pension-benefits,"age, in estimating the amount of [pension benefits] that will become payable.",0deeb50f0cbb88334efb49c56568c5926ce31a9ce97fba9c3dbbc13286c4fe16
mortgage guaranty insurance entities,mortgage-guaranty-insurance-entity,insurance contracts,insurance-contract,"An insurance entity that issues [insurance contracts] that guarantee lenders, such as savings",166921058cc12dde42b132517a44007a3315a9d210ad344dafeb163cd60b919b
most advantageous market,most-advantageous-market,transaction costs,transaction-costs,"the liability, after taking into account [transaction costs] and transportation costs.",364ba694f9471e9681fdf079ca4d4b645351db32dd464856ed36e826334e33d6
most advantageous market,most-advantageous-market,transportation costs,transportation-costs,taking into account transaction costs and [transportation costs] .,364ba694f9471e9681fdf079ca4d4b645351db32dd464856ed36e826334e33d6
multiple-employer plan,multiple-employer-plan,separate account,separate-account,plan administration. A multiple-employer plan maintains [separate accounts] for each employer so that contributions,777ac581ae315b18a64bf0e86539d22acef5147bec989c7dc10c88bdccbfa925
multiple-employer plan,multiple-employer-plan,multiemployer plan,multiemployer-plan,employer but not treated as a [multiemployer plan] . Multiple-employer plans are generally not,777ac581ae315b18a64bf0e86539d22acef5147bec989c7dc10c88bdccbfa925
multiple-employer plan,multiple-employer-plan,benefit formula,benefit-formula,"allow participating employers to have different [benefit formulas] , with the employer's contributions to",777ac581ae315b18a64bf0e86539d22acef5147bec989c7dc10c88bdccbfa925
multiple-employer plan,multiple-employer-plan,plan assets,plan-assets,"the same industry, to pool their [plan assets] for investment purposes and to reduce",777ac581ae315b18a64bf0e86539d22acef5147bec989c7dc10c88bdccbfa925
multiple-employer plan,multiple-employer-plan,postretirement benefit plan,postretirement-benefit-plan,A pension plan or other [postretirement benefit plan] maintained by more than one employer,777ac581ae315b18a64bf0e86539d22acef5147bec989c7dc10c88bdccbfa925
net amount at risk relating to variable annuity contracts,,present value,present-value,,
net asset information,net-asset-information,net assets available for benefits,net-assets-available-for-benefits,Information regarding the [net assets available for benefits] .,5a64533ba0738fe9f8b855f7358af0bbbd9e404ae7df231f7b7d61d5e9532351
net assets available for benefits,net-assets-available-for-benefits,accumulated plan benefits,accumulated-plan-benefits,plan's liabilities do not include participants' [accumulated plan benefits] .,15222c999555f4aee82eff502f5cd6d48f22439e5e4100cf46665081cf597eab
net asset value per share,net-asset-value-per-share,preferred stock,preferred-stock,"than senior equity securities, that is, [preferred stock] ) outstanding at the close of",23e94f9d35b95b4854497c391ce330d309e4326adb6af858ebfd1772a1f178af
net asset value per share,net-asset-value-per-share,net assets,net-assets,per share is the amount of [net assets] attributable to each share of capital,23e94f9d35b95b4854497c391ce330d309e4326adb6af858ebfd1772a1f178af
net carrying amount of the extinguished debt,net-carrying-amount-of-debt,carrying amount,carrying-amount,Net [carrying amount] of debt is the amount due,ebff14969aefb913631629b2f7539a8512383e1b821335fe633f1637181e9a5c
net cash settlement,net-cash-settlement,financial instrument,financial-instrument,A form of settling a [financial instrument] under which the entity with a,bebd3ef0858ab32718d95f7eba44ab07efb44ce639a164defdecb9e4fd758017
net income unitrust,net-income-unitrust,fair value,fair-value,"or a fixed percentage of the [fair value] of the trust's assets, with or",6dfe5a7258c4d135157653f37e43390db7d3d976bbdddf4804e3367f5f036eb0
net income unitrust,net-income-unitrust,split-interest agreement,split-interest-agreement,"trust established in connection with a [split-interest agreement] , in which the donor or",6dfe5a7258c4d135157653f37e43390db7d3d976bbdddf4804e3367f5f036eb0
net income unitrust,net-income-unitrust,not-for-profit entity,not-for-profit-entity,"Upon termination of the trust, a [not-for-profit entity] (NFP) receives the assets remaining in",6dfe5a7258c4d135157653f37e43390db7d3d976bbdddf4804e3367f5f036eb0
net income unitrust,net-income-unitrust,net income,net-income,term of the lesser of the [net income] earned by the trust or a,6dfe5a7258c4d135157653f37e43390db7d3d976bbdddf4804e3367f5f036eb0
net incurred claims costs,net-incurred-claims-cost-by-age,incurred claims cost,incurred-claims-cost-by-age,the plan to a plan participant; [incurred claims cost] net of retiree contributions. See Incurred,ab9c6b8fa46cf878e6ee4098e460c21b5e7273f326f4a3f1c96347e67c959f6d
net incurred claims costs,net-incurred-claims-cost-by-age,plan participant,plan-participant,covered by the plan to a [plan participant] ; incurred claims cost net of,ab9c6b8fa46cf878e6ee4098e460c21b5e7273f326f4a3f1c96347e67c959f6d
net incurred claims costs,net-incurred-claims-cost-by-age,postretirement health care benefits,postretirement-health-care-benefits,of the cost of providing the [postretirement health care benefits] covered by the plan to a,ab9c6b8fa46cf878e6ee4098e460c21b5e7273f326f4a3f1c96347e67c959f6d
net investment in the lease,net-investment-in-the-lease,direct financing lease,direct-financing-leases,"the unguaranteed residual asset. For a [direct financing lease] , the sum of the lease",e5aacd7327a6b2a77805c85251351c20695e159a7069c4e7d9948fca6c4b13c5
net investment in the lease,net-investment-in-the-lease,unguaranteed residual asset,unguaranteed-residual-asset,"of the lease receivable and the [unguaranteed residual asset] . For a direct financing lease,",e5aacd7327a6b2a77805c85251351c20695e159a7069c4e7d9948fca6c4b13c5
net investment in the lease,net-investment-in-the-lease,lease receivable,lease-receivable,"sales-type lease, the sum of the [lease receivable] and the unguaranteed residual asset. For",e5aacd7327a6b2a77805c85251351c20695e159a7069c4e7d9948fca6c4b13c5
net investment in the lease,net-investment-in-the-lease,sales-type lease,sales-type-lease,"For a [sales-type lease] , the sum of the lease",e5aacd7327a6b2a77805c85251351c20695e159a7069c4e7d9948fca6c4b13c5
unguaranteed residual asset,unguaranteed-residual-asset,underlying asset,underlying-asset,lessor expects to derive from the [underlying asset] following the end of the lease,1513abd66b0def0b9b446a7ded31c518cdc4c6f2f7b0ba0d807dded56346d311
unguaranteed residual asset,unguaranteed-residual-asset,lease term,lease-term,asset following the end of the [lease term] that is not guaranteed by the,1513abd66b0def0b9b446a7ded31c518cdc4c6f2f7b0ba0d807dded56346d311
net level premium reserve,net-level-premium-reserve,net premiums,net-premiums,over the present value of future [net premiums] .,6ee4a04c0ec888326c7a01c06f7d454917083a1ee30c6bd4c96666dcc8f2d624
net level premium reserve,net-level-premium-reserve,present value,present-value,"The excess, if any, of the [present value] of future guaranteed death and endowment",6ee4a04c0ec888326c7a01c06f7d454917083a1ee30c6bd4c96666dcc8f2d624
transition asset,transition-asset,fair value,fair-value,"715-60 was initially applied, of the [fair value] of plan assets plus any recognized",a3fb1d74d02dedaeb04ae493a8d12304bcead15530bd593e461592a0eb30a996
transition asset,transition-asset,plan assets,plan-assets,"applied, of the fair value of [plan assets] plus any recognized accrued postretirement benefit",a3fb1d74d02dedaeb04ae493a8d12304bcead15530bd593e461592a0eb30a996
transition asset,transition-asset,accumulated postretirement benefit obligation,accumulated-postretirement-benefit-obligation,benefit cost in excess of the [accumulated postretirement benefit obligation] .,a3fb1d74d02dedaeb04ae493a8d12304bcead15530bd593e461592a0eb30a996
net realizable value,net-realizable-value,ordinary course of business,ordinary-course-of-business,"Estimated selling prices in the [ordinary course of business] , less reasonably predictable costs of",73987096479d15aef8b393ddd43f92cb26221071c40ecc5d729d1c80bfdcf73b
net worth,net-worth,income taxes,income-taxes,"and total liabilities, after deducting estimated [income taxes] on the differences between the estimated",956b0a8fd97d82484dc19a06b0854740536c9df84f006870d3003d9c9916a938
net worth,net-worth,estimated current value,estimated-current-value,taxes on the differences between the [estimated current values] of assets and the estimated current,956b0a8fd97d82484dc19a06b0854740536c9df84f006870d3003d9c9916a938
new basis event,new-basis-event,remeasurement event,remeasurement-event,See [Remeasurement Event] .,761416693c59e8066085c88b902546c9fe2955287451fabf7c9d6b411d7bbb43
remeasurement event,remeasurement-event,fair value,fair-value,instrument to be remeasured to its [fair value] at the time of the event,ea17f3c8917a8dfad5b55d37ff8e4e4c4ec8951dc632df07ab042a09f251a1e8
remeasurement event,remeasurement-event,financial instrument,financial-instrument,"under Topic 326, that requires a [financial instrument] to be remeasured to its fair",ea17f3c8917a8dfad5b55d37ff8e4e4c4ec8951dc632df07ab042a09f251a1e8
remeasurement event,remeasurement-event,business combination,business-combination,earnings. Examples of remeasurement events are [business combinations] and significant modifications of debt as,ea17f3c8917a8dfad5b55d37ff8e4e4c4ec8951dc632df07ab042a09f251a1e8
nominee shareholder,nominee-shareholder,without cause,without-cause,practice management entity has sole discretion [without cause] to establish or change the nominee,c831766fe9cf27498f4182b41ff32d7d839507c88ae82aa1d0c9bbe711317411
noncompliance environmental credit,noncompliance-environmental-credit,compliance environmental credit,compliance-environmental-credit,Topic 818 that is not a [compliance environmental credit] .,c3a299b0a6fc7fa4613a2dd99c22dc5d51b8827a953a35ea2542750113208dff
noncompliance environmental credit,noncompliance-environmental-credit,environmental credit,environmental-credit,"16, 2027; (N) December 16, 2028818-10-65-1An [environmental credit] recognized as an asset in accordance",c3a299b0a6fc7fa4613a2dd99c22dc5d51b8827a953a35ea2542750113208dff
noncontributory plan,noncontributory-plan,postretirement benefit plan,postretirement-benefit-plan,A pension or other [postretirement benefit plan] under which participants do not make,61759a372207ff25613549169ff9e374d47c016ae82dd7cf6f61d097f0b9b065
nonmanaging investors,nonmanaging-investors,financial highlights,nonregistered-investment-partnerships-financial-highlights,See Nonregistered Investment Partnerships— [Financial Highlights] .,d9494c52f108f3cf9913cf9c700ae86a437dbab288170509cd3bd674ebffb801
nonmember of an agricultural cooperative,nonmember-of-an-agricultural-cooperative,agricultural cooperative,agricultural-cooperative,the articles and bylaws of the [agricultural cooperative] or on other agreements.,f14d8e3f57053104ea7dadbdfc8ad1d5e7f1ec0e8a9f07c4a4b6555281f34198
nonmonetary assets or liabilities,nonmonetary-assets-and-liabilities,common stock,common-stock,"ones. Examples are inventories; investments in [common stocks] ; property, plant, and equipment; and",79eb1e9f1c0fa87464705bacd3245713c1988bde83df67d4c31a5d541b973128
nonparticipating annuity contract,nonparticipating-annuity-contract,annuity contract,annuity-contract,An [annuity contract] that does not provide for the,cf0aabf55b3037446aa9981e330924f4710dc52fe53f4eb9337ccddb79107ba0
nonperformance risk,nonperformance-risk,credit risk,credit-risk,"limited to, the reporting entity's own [credit risk] .",f2bc04239d2b0a12823325d87636651b7417b1bd2cf7946c85a1243e3d1376bd
nonperformance risk,nonperformance-risk,reporting entity,reporting-entity,"may not be limited to, the [reporting entity] 's own credit risk.",f2bc04239d2b0a12823325d87636651b7417b1bd2cf7946c85a1243e3d1376bd
nonvested benefit information,nonvested-benefit-information,accumulated plan benefits,accumulated-plan-benefits,The actuarial present value of nonvested [accumulated plan benefits] .,b1bea40b1e8686f77c137c573331c771d5da93b677485bd3348b70ef031f35a9
nonvested benefit information,nonvested-benefit-information,actuarial present value,actuarial-present-value,The [actuarial present value] of nonvested accumulated plan benefits.,b1bea40b1e8686f77c137c573331c771d5da93b677485bd3348b70ef031f35a9
obligation,obligation,financial instrument,financial-instrument,Because Topic 480 relates only to [financial instruments] and not to contracts to provide,81fd2a533c7835f1d9b95b043bb7840afd9e2716abc5f40c9e4ea75c34faba1a
obligation,obligation,equity shares,equity-shares,to transfer assets or to issue [equity shares] . Because Topic 480 relates only,81fd2a533c7835f1d9b95b043bb7840afd9e2716abc5f40c9e4ea75c34faba1a
obligations subject to compromise,obligations-subject-to-compromise,prepetition liabilities,prepetition-liabilities,Includes all [prepetition liabilities] (claims) except those that will not,4d61c664b58a08d39ab8e1d107ac3d4084cba57b8708ebcdb37a23061bc97c39
obligations subject to compromise,obligations-subject-to-compromise,security interest,security-interest,in which the value of the [security interest] is greater than the claim.,4d61c664b58a08d39ab8e1d107ac3d4084cba57b8708ebcdb37a23061bc97c39
prepetition liabilities,prepetition-liabilities,bankruptcy code,bankruptcy-code,a petition for protection under the [Bankruptcy Code] including those considered by the Bankruptcy,9573d09ea2ea015f454dca6fd5898b188e000dd6d71b03415ae80fb9c1373590
prepetition liabilities,prepetition-liabilities,bankruptcy court,bankruptcy-court,"Code including those considered by the [Bankruptcy Court] to be prepetition claims, such as",9573d09ea2ea015f454dca6fd5898b188e000dd6d71b03415ae80fb9c1373590
observable inputs,observable-inputs,market participants,market-participants,and that reflect the assumptions that [market participants] would use when pricing the asset,0cf4120402231440f88d8617cb679a176c423e0c12252d6d7ee35cf01555581e
offering costs,offering-costs,preferred stock,preferred-stock,securing the rating for bonds or [preferred stock] issued by closed-end funds.,ddc29e0e45a57e6fef0a37b7f74accdbf4feb5770ae1ede28e6a809471450c85
offering costs,offering-costs,closed-end funds,closed-end-funds,bonds or preferred stock issued by [closed-end funds] .,ddc29e0e45a57e6fef0a37b7f74accdbf4feb5770ae1ede28e6a809471450c85
operating activities,operating-activities,net income,net-income,that enter into the determination of [net income] .,0dec68d766415856d8082170377a10d9ba4ba32d4afe41dad58a9f3eb19c1161
operating activities,operating-activities,financing activities,financing-activities,are not defined as investing or [financing activities] (see paragraphs 230-10-45-12230-10-45-13230-10-45-14230-10-45-15). Operating activities generally,0dec68d766415856d8082170377a10d9ba4ba32d4afe41dad58a9f3eb19c1161
public entity,public-entity,not-for-profit entity,not-for-profit-entity,A business entity or a [not-for-profit entity] that meets any of the following,494a2dd34c6951c9acdd97a57547dc53a528af0f6099994d36e270dc02aa8922
option,option,common stock,common-stock,the right to purchase shares of [common stock] from the reporting entity in accordance,ea756da13de843cc55256c321e91c0df8fc98bb90d02f4715f805a10fc85bd5c
option,option,reporting entity,reporting-entity,shares of common stock from the [reporting entity] in accordance with an agreement upon,ea756da13de843cc55256c321e91c0df8fc98bb90d02f4715f805a10fc85bd5c
option,option,call option,call-option,"Unless otherwise stated, a [call option] that gives the holder the right",ea756da13de843cc55256c321e91c0df8fc98bb90d02f4715f805a10fc85bd5c
ordinary income or loss,,income taxes,income-taxes,,
ordinary income or loss,,infrequency of occurrence,infrequency-of-occurrence,,
ordinary income or loss,,unusual nature,unusual-nature,,
original contract,original-contract,internal replacement,internal-replacement,the contract holder before any potential [internal replacement] activity.,ceb69be48374207fd87a72427c87b4244d9179f94831e74221f8a93821089b77
originator acquisition cost,,mortgage banking entity,mortgage-banking-entity,,
orphan share potentially responsible party,orphan-share-potentially-responsible-party,potentially responsible party,potentially-responsible-party,An identified [potentially responsible party] that cannot be located or that,2937c04c30fece4ca04971641375f2948450ccb874f36a40af4fb405e12ec13c
potentially responsible party,potentially-responsible-party,legal entity,legal-entity,"Any individual, [legal entity] , or government—including owners, operators, transporters,",7483ecb4508d39c2f60fc0003072b3dfd2747a40d17434195243cf9623acde26
potentially responsible party,potentially-responsible-party,participating potentially responsible party,participating-potentially-responsible-party,from this category to either the [participating potentially responsible party] or recalcitrant potentially responsible party category.,7483ecb4508d39c2f60fc0003072b3dfd2747a40d17434195243cf9623acde26
potentially responsible party,potentially-responsible-party,recalcitrant potentially responsible party,recalcitrant-potentially-responsible-party,the participating potentially responsible party or [recalcitrant potentially responsible party] category. The total number of parties,7483ecb4508d39c2f60fc0003072b3dfd2747a40d17434195243cf9623acde26
owners,owners,net assets,net-assets,owner and member interests in the [net assets] of not-for-profit entities.,d3e6d747b964585a421df77a458f6cf5424402da749020f2a594fc541595afb5
owners,owners,equity interests,equity-interests,"include holders of ownership interests ( [equity interests] ) of investor-owned entities, mutual entities,",d3e6d747b964585a421df77a458f6cf5424402da749020f2a594fc541595afb5
owners,owners,mutual entities,mutual-entity,"interests (equity interests) of investor-owned entities, [mutual entities] , or not-for-profit entities. Owners include",d3e6d747b964585a421df77a458f6cf5424402da749020f2a594fc541595afb5
owners association,owners-association,homeowners association,homeowners-association,"of a time-sharing project. Also denoted [homeowners association] , interval owners association, property owners",ec2488c82325b6869ea5e5df93b8bccafd4680121bdb90fecfd8de83c94811d4
parent,parent,primary beneficiary,primary-beneficiary,"(Also, an entity that is the [primary beneficiary] of a variable interest entity.)",1eab5f3114acc8ac5a9be5acfbcb54f63894e0c0876fe5c2891b70cd7376419f
parent,parent,variable interest entity,variable-interest-entity,is the primary beneficiary of a [variable interest entity] .),1eab5f3114acc8ac5a9be5acfbcb54f63894e0c0876fe5c2891b70cd7376419f
parity adjustment,parity-adjustment,net assets,net-assets,"U.S. inflation for the year on [net assets] (that is, shareholders' equity) measured in",45a637d84b2c1b81ed5a37d32b81d6e585f4a3750d7e0bd078cd85cfe8c86a3f
parity adjustment,parity-adjustment,exchange rate,exchange-rate,"local inflation are reflected in the [exchange rates] (parity), the parity adjustment and the",45a637d84b2c1b81ed5a37d32b81d6e585f4a3750d7e0bd078cd85cfe8c86a3f
parity adjustment,parity-adjustment,translation adjustment,translation-adjustments,"(parity), the parity adjustment and the [translation adjustment] net to zero. Therefore, the sum",45a637d84b2c1b81ed5a37d32b81d6e585f4a3750d7e0bd078cd85cfe8c86a3f
parity adjustment,parity-adjustment,functional currency,functional-currency,maintain purchasing power parity between the [functional currency] and the dollar.,45a637d84b2c1b81ed5a37d32b81d6e585f4a3750d7e0bd078cd85cfe8c86a3f
participant,participant,accumulated plan benefits,accumulated-plan-benefits,are pension plan benefits or other [accumulated plan benefits] .,0009567cba4751dc6c08beeb3dda9d61b99e9d68f45786e052e7ca25d45b2575
participating annuity contract,participating-annuity-contract,annuity contract,annuity-contract,An [annuity contract] that provides for the purchaser to,6d5f555428c5e500110e01f5ddf984f5a628eef9b705125f8b9f9411d3fe1655
participating rights voting interest entity definition,,limited partnership,limited-partnership,,
participating rights voting interest entity definition,,ordinary course of business,ordinary-course-of-business,,
participating security,participating-security,common stock,common-stock,"may participate in undistributed earnings with [common stock] , whether that participation is conditioned",616039a2d3f29d8681ec5f690ebdfabe3f3ad6a69da8cb6a7a51f2c788da55d1
participation right,participation-right,participating insurance,participating-insurance,A purchaser's right under a [participating insurance] contract to receive future dividends or,ad5f0b1746a2b5fe001c0d679d20855da8181d9867c54e8593176d0618357cf0
patronage allocation,patronage-allocation,patronage earnings,patronage-earnings,"[Patronage earnings] distributed, or allocated, to individual patrons",c41419000121009453bfafff680fe7c4313a07e342bc46feb108d4d7a9d67319
patrons,patrons,agricultural cooperative,agricultural-cooperative,"individual, trust, estate, partnership, corporation, or [agricultural cooperative] with or for whom a cooperative",0a4a1a5cdbb3f9d286b200e723613c8ee548ce74634efd7d3b8a9c4287826e58
patrons,patrons,member of an agricultural cooperative,member-of-an-agricultural-cooperative,"on a cooperative basis, whether a [member of an agricultural cooperative] or nonmember of an agricultural cooperative.",0a4a1a5cdbb3f9d286b200e723613c8ee548ce74634efd7d3b8a9c4287826e58
patrons,patrons,nonmember of an agricultural cooperative,nonmember-of-an-agricultural-cooperative,member of an agricultural cooperative or [nonmember of an agricultural cooperative] .,0a4a1a5cdbb3f9d286b200e723613c8ee548ce74634efd7d3b8a9c4287826e58
pay-related plan,pay-related-plan,benefit formula,benefit-formula,A plan that has a [benefit formula] that bases benefits or benefit coverage,49a84596b0d6b26655c5be06df02d0d7bbc14f5fc87c8178550fb1a2e8936f46
penalty,penalty,tax consequences,tax-consequences,use of the underlying asset Adverse [tax consequences] The ability or willingness of the,facff27341a44389111229677021592c1c585add7d31271f3672c13a0b3bd4e8
penalty,penalty,underlying asset,underlying-asset,of purpose or location of the [underlying asset] The availability of a comparable replacement,facff27341a44389111229677021592c1c585add7d31271f3672c13a0b3bd4e8
tax consequences,tax-consequences,income taxes,income-taxes,The effects on [income taxes] —current or deferred—of an event.,8089b9a3e74ffce01d670ae383fc70f909d7e989b3249448feea40da4fda7de9
pension fund,pension-fund,funding agency,funding-agency,a pension plan held by a [funding agency] .,130ffaa2f72b7c23a93328b4b733cb4bf8c8bc302897aed9bd26fe7c59e39c4f
performance condition,performance-condition,fair value,fair-value,pertinent factors used in determining the [fair value] of an award that relates to,0c7e0c0a4f8b0698e2039efe695f3946a8c3a2ec9459ed34a8e9e2547db1d62a
performance condition,performance-condition,earnings per share,earnings-per-share,"example, attaining a growth rate in [earnings per share] (EPS) that exceeds the average growth",0c7e0c0a4f8b0698e2039efe695f3946a8c3a2ec9459ed34a8e9e2547db1d62a
performance condition,performance-condition,transaction price,transaction-price,"result in a reduction of the [transaction price] in accordance with Topic 606, a",0c7e0c0a4f8b0698e2039efe695f3946a8c3a2ec9459ed34a8e9e2547db1d62a
performance condition,performance-condition,exercise price,exercise-price,"A condition affecting the vesting, exercisability, [exercise price] , or other pertinent factors used",0c7e0c0a4f8b0698e2039efe695f3946a8c3a2ec9459ed34a8e9e2547db1d62a
performance indicator,performance-indicator,income from continuing operations,income-from-continuing-operations,operations. A performance indicator and the [income from continuing operations] reported by for-profit health care entities,56fd92f30cff618b7de3a1a9e6704680283b051fb51e8d4f538dda3a7d2fdb72
periodic ratchet design,periodic-ratchet-design,equity-indexed annuity,equity-indexed-annuity,A type of [equity-indexed annuity] . See paragraph 815-15-55-63(a).,2d43a4b404c422f0e7eee8909d3c24ec843671241354f4caff1ab9a3833f0371
permanent investor,permanent-investor,federal national mortgage association,federal-national-mortgage-association,"plan, real estate investment trust, or [Federal National Mortgage Association] (FNMA).",cf0b39a102802415971f8f1312b5d9ba261d42ba696f1957627d4710c25be799
perpetual trust held by a third party,perpetual-trust-held-by-a-third-party,not-for-profit entity,not-for-profit-entity,individual or entity other than the [not-for-profit entity] (NFP) that is the beneficiary. Under,59cd73481f3fea14934b3831d4c7397be88b24542223377ac86bc287df51f5bf
persistency,persistency,insurance contracts,insurance-contract,"persistency is the renewal quality of [insurance contracts] , that is, the number of",68628e4158a8ca68b783a4112bc607bb86ae4bd66aa4e933383c57e35d85fb5d
persistency,persistency,in force,in-force,of insureds that keep their insurance [in force] during a period. Persistency varies by,68628e4158a8ca68b783a4112bc607bb86ae4bd66aa4e933383c57e35d85fb5d
persistency bonus,persistency-bonus,in force,in-force,"specified period if the contract remains [in force] at that date, thus increasing the",dc378e8eb27b5042fee44a0b426e98cc0ee19cde892b263cd33b1d99543186ab
petition,petition,bankruptcy code,bankruptcy-code,"of bankruptcy, initiating proceedings under the [Bankruptcy Code] .",5bb060cb7306adf574090132ae082883e6f487376126dac851f8a61abaf1b1de
phase,phase,owners association,owners-association,for sale Units linked to an [owners association] Units to be constructed during a,78339e520b8677cf4d46096c52fb3292ad9aac05e7ca87d5d63fbcffe8635ffd
phase-in plans,phase-in-plan,allowable costs,allowable-costs,Any method of recognition of [allowable costs] in rates that meets all of,d1b388602a26f4652fc18dfa1bbd5f16b3b06026c05b7253296dde9f4ad0a18c
physical settlement,physical-settlement,financial instrument,financial-instrument,A form of settling a [financial instrument] under which both of the following,b7179b939cc5d16864a64fd113ee44d1e1d7ce2eef62e16a3dfd25fe1f69c4e3
plan of demutualization,plan-of-demutualization,plan of reorganization,plan-of-reorganization,"The [plan of reorganization] , including all exhibits and schedules",6422bd7a0a07f243d45dc33a28c2f8938d1a7d826127d721840bf2f56538c6e8
plan benefit formula,,benefit formula,benefit-formula,,
plans,plan,substantive plan,substantive-plan,to current or former employees. See [Substantive Plan] .,2674cd6fc038b711d46d5b971a7ea9740daa5785f3e9cda5d8d655cae6c795b6
plans,plan,postretirement benefits,postretirement-benefits,"although perhaps unwritten, practice of paying [postretirement benefits] or from oral representations made to",2674cd6fc038b711d46d5b971a7ea9740daa5785f3e9cda5d8d655cae6c795b6
point-to-point design,point-to-point-design,equity-indexed annuity,equity-indexed-annuity,A type of [equity-indexed annuity] . See paragraph 815-15-55-63(b).,e87ca572fa0dec0b5f46228fdb771efd95608de71b57c918033f65f98775793c
pooled income funds,pooled-income-fund,fair value,fair-value,based on the proportion of the [fair value] of their contributions to the total,b34850d3ef20c1f33634d051db2b0e75f65ec825ebc44241205b5769d79fe3e0
pools,pools,marketing cooperatives,marketing-cooperative,Open pools are sometimes used by [marketing cooperatives] for crops that may not be,8604d3fb7928558b204122dc1e8d03e2a11d37d698e040bc4f652753ead1a502
postpetition liabilities,postpetition-liabilities,prepetition liabilities,prepetition-liabilities,"Thus, these liabilities are not considered [prepetition liabilities] .",53d3ab6912df4bf34779048d3c988ded5f697a03ba23ac54621096a11efba848
postretirement benefits other than pensions,postretirement-benefits-other-than-pensions,postretirement benefits,postretirement-benefits,See [Postretirement Benefits] .,bfe5882113021c72faf7b0eee92280908c73cffbd3e1cbc7efe67ff6c5967eac
potential common stock,potential-common-stock,common stock,common-stock,may entitle its holder to obtain [common stock] during the reporting period or after,095c176d5de6c86d265ad8e04968cd7022cc91622802d79daf1376da910e2a72
preliminary project stage,preliminary-project-stage,performance requirements,performance-requirements,"an operating payroll system? Determine the [performance requirements] (that is, what it is that",df3f73b4adaa7c2c2e3713535c6116feefbf59389fd8fe985da2d0229a8a0d22
prematurity period,prematurity-period,cable television plant,cable-television-plant,will be required for other than [cable television plant] . The construction period of a,cf3a220740961c08fbe03955d04e7230d94dd62f462e7d8aa8204e1f69592252
prepaid interest rate swap,prepaid-interest-rate-swap,effective notional amount,effective-notional-amount,variable interest rate applied to an [effective notional amount] . It is characterized as an,6ede3492f8cb38064593e05575b92a3b3518858b6f8b67c9b8cff3dab4f7762d
prepaid interest rate swap,prepaid-interest-rate-swap,fair value,fair-value,"the swap. Under that characterization, the [fair value] of the fixed leg and the",6ede3492f8cb38064593e05575b92a3b3518858b6f8b67c9b8cff3dab4f7762d
preset participation method,preset-participation-method,liquidation method,liquidation-method,[Liquidation method] used to allocate principal payments on,15cfc6cda00a597ec67c4ba7cd69d59c7003ad1ae4a3e1ba2cb8b410bb82f7f0
preset participation method,preset-participation-method,fixed participation method,fixed-participation-method,participation method is similar to the [fixed participation method] except that the percentage used to,15cfc6cda00a597ec67c4ba7cd69d59c7003ad1ae4a3e1ba2cb8b410bb82f7f0
prior service costs,prior-service-costs,supplemental actuarial value,supplemental-actuarial-value,See [Supplemental Actuarial Value] .,f523d330bf53acaede22e886e6c5ef18cae014aefbedec69afd6f088c5116fdc
supplemental actuarial value,supplemental-actuarial-value,actuarial cost method,actuarial-cost-method,The amount assigned under the [actuarial cost method] in use to years before a,9f6b9e1b66e3256b3503691fe7d03ef8c83a54c1fccd8a407ad06f5986cc9340
private company,private-company,public business entity,public-business-entity,"An entity other than a [public business entity] , a not-for-profit entity, or an",76a54b4021ce345ebb7e5aae120dd1e5937208556d0c941005f88bddab9f02f4
private company,private-company,not-for-profit entity,not-for-profit-entity,"than a public business entity, a [not-for-profit entity] , or an employee benefit plan",76a54b4021ce345ebb7e5aae120dd1e5937208556d0c941005f88bddab9f02f4
public business entity,public-business-entity,not-for-profit entity,not-for-profit-entity,of the criteria below. Neither a [not-for-profit entity] nor an employee benefit plan is,61b9c11c2e6d5eb863a15fba76303502a7f32b1bcf3ab407299d00fcac1c868a
proceeds,proceeds,servicing assets,servicing-assets,"Cash, beneficial interests, [servicing assets] , derivative instruments, or other assets",f67f5fe6ec7dd0b4ce4122c144a8fc1883b4a04f26d2b79c4277ce48129ddea1
proceeds,proceeds,derivative instruments,derivative-instrument,"Cash, beneficial interests, servicing assets, [derivative instruments] , or other assets that are",f67f5fe6ec7dd0b4ce4122c144a8fc1883b4a04f26d2b79c4277ce48129ddea1
proceeds,proceeds,beneficial interests,beneficial-interests,"Cash, [beneficial interests] , servicing assets, derivative instruments, or",f67f5fe6ec7dd0b4ce4122c144a8fc1883b4a04f26d2b79c4277ce48129ddea1
proceeds,proceeds,financial asset,financial-asset,"are obtained in a transfer of [financial assets] , less any liabilities incurred.",f67f5fe6ec7dd0b4ce4122c144a8fc1883b4a04f26d2b79c4277ce48129ddea1
servicing assets,servicing-assets,financial asset,financial-asset,A contract to service [financial assets] under which the benefits of servicing,0b10d4e2f57688d6d445de7db64b9db502322236338ec909545069455ab0d334
servicing assets,servicing-assets,benefits of servicing,benefits-of-servicing,service financial assets under which the [benefits of servicing] are expected to more than adequately,0b10d4e2f57688d6d445de7db64b9db502322236338ec909545069455ab0d334
product enhancement,product-enhancement,product design,product-design,original product. Enhancements normally require a [product design] and may require a redesign of,546e2b16fffe9f0657bad6344c6681b10ff6d656c8cf37c9b0b39fe6b3ff1136
production,production,saleable hydrocarbons,saleable-hydrocarbons,"natural gas to the surface, extracting [saleable hydrocarbons] , in the solid, liquid, or",76aeb797b0c788778ca8db73ef50452590b63f4d6bd91dc77c3f310f22b116d1
production,production,natural resources,natural-resources,"sands, shale, coalbeds, or other nonrenewable [natural resources] that are intended to be upgraded",76aeb797b0c788778ca8db73ef50452590b63f4d6bd91dc77c3f310f22b116d1
programmatic investing,programmatic-investing,total return,total-return,"appreciation of an asset (for example, [total return] investing). An example of programmatic investing",0fdb6e91b331bd4f91fc9af3225a9bc71358963addcd44c6e58dd1854b809379
programmatic investing,programmatic-investing,not-for-profit entity,not-for-profit-entity,are directed at carrying out a [not-for-profit entity] 's purpose for existence rather than,0fdb6e91b331bd4f91fc9af3225a9bc71358963addcd44c6e58dd1854b809379
properties,properties,unproved properties,unproved-properties,are classified as proved properties or [unproved properties] .,6ad6bd13a1e71754fff7b4616c761f4fba8ed917de456928f03f699efc44f35e
properties,properties,mineral interests,mineral-interests,[Mineral interests] in properties (hereinafter referred to as,6ad6bd13a1e71754fff7b4616c761f4fba8ed917de456928f03f699efc44f35e
properties,properties,proved properties,proved-properties,and gas. Properties are classified as [proved properties] or unproved properties.,6ad6bd13a1e71754fff7b4616c761f4fba8ed917de456928f03f699efc44f35e
property and casualty insurance entities,property-and-casualty-insurance-entity,insurance contracts,insurance-contract,An entity that issues [insurance contracts] providing protection against either of the,0eb57e4451b5410caf8ad891093548a06e58959fae254e9726b5f5031568ed6d
property and casualty insurance entities,property-and-casualty-insurance-entity,property and liability insurance entities,property-and-liability-insurance-entity,persons or damage to their property. [Property and liability insurance entities] may be either stock or mutual,0eb57e4451b5410caf8ad891093548a06e58959fae254e9726b5f5031568ed6d
property and casualty insurance entities,property-and-casualty-insurance-entity,mutual entities,mutual-entity,entities may be either stock or [mutual entities] .,0eb57e4451b5410caf8ad891093548a06e58959fae254e9726b5f5031568ed6d
property and liability insurance entities,property-and-liability-insurance-entity,insurance contracts,insurance-contract,An entity that issues [insurance contracts] providing protection against either of the,72265c051d0f3f716ff17b12207c37f97817249cbe70232650c469418e70525f
property and liability insurance entities,property-and-liability-insurance-entity,mutual entities,mutual-entity,entities may be either stock or [mutual entities] .,72265c051d0f3f716ff17b12207c37f97817249cbe70232650c469418e70525f
proprietary transactions,proprietary-transactions,financial instrument,financial-instrument,Transactions in [financial instruments] that broker-dealers execute for their own,b672e0700f90819a508ecc5a12191018de15bb3dcaa67bc60252cbff9493316d
prospective reinsurance,prospective-reinsurance,ceding entity,ceding-entity,assuming entity agrees to reimburse a [ceding entity] for losses that may be incurred,4b6a035b39d977bd3c279d6ef565dd8fcfb5ed4c5e53a76520c3d3f26c2317a2
prospective reinsurance,prospective-reinsurance,retroactive reinsurance,retroactive-reinsurance,contract may include both prospective and [retroactive reinsurance] provisions.,4b6a035b39d977bd3c279d6ef565dd8fcfb5ed4c5e53a76520c3d3f26c2317a2
prospective reinsurance,prospective-reinsurance,assuming entity,assuming-entity,Reinsurance in which an [assuming entity] agrees to reimburse a ceding entity,4b6a035b39d977bd3c279d6ef565dd8fcfb5ed4c5e53a76520c3d3f26c2317a2
retroactive reinsurance,retroactive-reinsurance,ceding entity,ceding-entity,assuming entity agrees to reimburse a [ceding entity] for liabilities incurred as a result,af1ffb6b875fbab524cd7f5b23835b69cd5e86d7cf5195a471244a53627fe36f
retroactive reinsurance,retroactive-reinsurance,assuming entity,assuming-entity,Reinsurance in which an [assuming entity] agrees to reimburse a ceding entity,af1ffb6b875fbab524cd7f5b23835b69cd5e86d7cf5195a471244a53627fe36f
protective rights vie definition,,franchise agreement,franchise-agreement,,
protective rights vie definition,,credit risk,credit-risk,,
protective rights vie definition,,operating activities,operating-activities,,
protective rights vie definition,,reporting entity,reporting-entity,,
protective rights voting interest entity definition,,limited partnership,limited-partnership,,
protective rights voting interest entity definition,,ordinary course of business,ordinary-course-of-business,,
providers of prepaid health care services,prepaid-health-care-services-providers,stop-loss insurance,stop-loss-insurance,providers (affiliated entities) or by purchasing [stop-loss insurance] . Other providers of prepaid health,9e4a7907ed21bd17e0a9d5a421eb8af6b6b02db903d9b7dd7609a3bacd7831c2
publicly traded companies,publicly-traded-company,reporting entity,reporting-entity,the state or local government's financial [reporting entity] . Although conduit debt securities bear,eebbafe8284233e8147497f053ac51c5bc992619da10ef7e5191b6c50f179f2b
publicly traded entity,publicly-traded-entity-or-public-entity,nonpublic entity,nonpublic-entity,not meet the definition of a [nonpublic entity] .,d941a4d4eb1a3306783eb1a74b6a2cc80b61ec26f9efce207ad8f5ede370d35f
purchased call options,purchased-call-option,call option,call-option,price for a given period. See [Call Option] .,baacac1be8596e49152c44a65f38eed2e3293ec15c4ae763b52b12b33b5c2725
purchased call options,purchased-call-option,reporting entity,reporting-entity,A contract that allows the [reporting entity] to buy a specified quantity of,baacac1be8596e49152c44a65f38eed2e3293ec15c4ae763b52b12b33b5c2725
purchasing power gain or loss,purchasing-power-gain-or-loss,monetary assets,monetary-assets,"closing balances of, and transactions in, [monetary assets] and liabilities.",6c083b29c5dd4e33027d79319186523e452c34cc396d0466366cfefecfa29405
purchasing power gain or loss,purchasing-power-gain-or-loss,gain or loss,gain-or-loss-component-of-net-periodic-pension-cost,The net [gain or loss] determined by restating in units of,6c083b29c5dd4e33027d79319186523e452c34cc396d0466366cfefecfa29405
reacquisition price of debt,reacquisition-price-of-debt,present value,present-value,the reacquisition price is the total [present value] of the new securities.,95d2123355fb925d6d1281380e8f6cfbe1f983eecbf974a4c521e67c5d1462fa
readily convertible to cash,readily-convertible-to-cash,active market,active-market,units Quoted prices available in an [active market] that can rapidly absorb the quantity,25993f84cc288b69671d6cde098cd79a5b4843ae77530530a483cf78146356cc
readily determinable fair value,readily-determinable-fair-value,fair value,fair-value,equity security has a readily determinable [fair value] if it meets any of the,716ab778488d490a4da847b0e27c0c5f9db92e2c0577cbef460d7aa26c8da669
readily determinable fair value,readily-determinable-fair-value,limited partnership,limited-partnership,"a mutual fund (that is, a [limited partnership] or a venture capital entity) is",716ab778488d490a4da847b0e27c0c5f9db92e2c0577cbef460d7aa26c8da669
readily determinable fair value,readily-determinable-fair-value,equity security,equity-security,An [equity security] has a readily determinable fair value,716ab778488d490a4da847b0e27c0c5f9db92e2c0577cbef460d7aa26c8da669
real estate investment trusts,real-estate-investment-trust,taxable income,taxable-income,must distribute substantially all of their [taxable income] to their shareholders annually in order,9af75b8ca1e3765da31869ff2a6ae46035dc4d900d61e6f4bb91f5c26bb8d354
real estate venture,real-estate-venture,joint venture,joint-venture,"Any of the following: a [joint venture] , a general partnership, a limited",e7d125995f289d77522820836be973154759505bb56d74378bd289fdc17e64e3
real estate venture,real-estate-venture,limited partnership,limited-partnership,"joint venture, a general partnership, a [limited partnership] , and an undivided interest.",e7d125995f289d77522820836be973154759505bb56d74378bd289fdc17e64e3
real estate venture,real-estate-venture,general partnership,general-partnership,"the following: a joint venture, a [general partnership] , a limited partnership, and an",e7d125995f289d77522820836be973154759505bb56d74378bd289fdc17e64e3
real estate venture,real-estate-venture,undivided interest,undivided-interest,"partnership, a limited partnership, and an [undivided interest] .",e7d125995f289d77522820836be973154759505bb56d74378bd289fdc17e64e3
reclassification adjustments,reclassification-adjustments,other comprehensive income,other-comprehensive-income,had been displayed as part of [other comprehensive income] in that period or earlier periods.,0d88b2be6874864753e639ccd13d7d00c339329d7e184f319eb2dddd2b6b6550
reclassification adjustments,reclassification-adjustments,net income,net-income,that are displayed as part of [net income] for a period that also had,0d88b2be6874864753e639ccd13d7d00c339329d7e184f319eb2dddd2b6b6550
reclassification adjustments,reclassification-adjustments,comprehensive income,comprehensive-income,made to avoid double counting in [comprehensive income] items that are displayed as part,0d88b2be6874864753e639ccd13d7d00c339329d7e184f319eb2dddd2b6b6550
reclassification of net assets,reclassification-of-net-assets,donor-imposed restriction,donor-imposed-restriction,"net assets usually results from a [donor-imposed restriction] (donors include other types of contributors,",a860c394934ea5d37f7ea2470890840cede09a786076400552facf0e2732e410
reclassification of net assets,reclassification-of-net-assets,net assets,net-assets,Simultaneous increase of one class of [net assets] and decrease of another. A reclassification,a860c394934ea5d37f7ea2470890840cede09a786076400552facf0e2732e410
recorded investment,recorded-investment,valuation allowance,valuation-allowance,"which is not net of a [valuation allowance] , but which does reflect any",ea71a1f55e936fe87d293c7e8c0bbc500bdd6c84742f4d233a5b5e8784288e20
recorded investment,recorded-investment,fair value hedge,fair-value-hedge,"is a hedged item in a [fair value hedge] , the amount of that loan's",ea71a1f55e936fe87d293c7e8c0bbc500bdd6c84742f4d233a5b5e8784288e20
registration payment arrangement,registration-payment-arrangement,financial instrument,financial-instrument,statement for the resale of specified [financial instruments] and/or for the resale of equity,0f8a401e8f3d0b9d930baa6f509a3747cf2ff892a852d67796f1218aaef99565
registration payment arrangement,registration-payment-arrangement,equity shares,equity-shares,instruments and/or for the resale of [equity shares] that are issuable upon exercise or,0f8a401e8f3d0b9d930baa6f509a3747cf2ff892a852d67796f1218aaef99565
regular-way trades,regular-way-trades,financial instrument,financial-instrument,the following: All transactions in exchange-traded [financial instruments] that are expected to settle within,c28305534cc09773d6030dd1a590e1edfa5a070d1cb2dea2daee506e04d38ed7
reimbursement plan,reimbursement-plan,net assets,net-assets,annual percentage of the fund's average [net assets] or actual costs incurred by the,9e2081a5d16c17f65bc2f8a6a560d766df8c7b5c686ddfc73f5827598852d367
reimbursement plan,reimbursement-plan,contingent-deferred sales load,contingent-deferred-sales-load,incurred by the distributor net of [contingent-deferred sales load] received by the distributor.,9e2081a5d16c17f65bc2f8a6a560d766df8c7b5c686ddfc73f5827598852d367
reinsurance,reinsurance,ceding entity,ceding-entity,"undertaken originally by another insurer ( [ceding entity] ). For indemnity reinsurance, the legal",130077b20269fa7c458e830c2a090240ebb31085d74ff67d491f2983972d786b
reinsurance,reinsurance,assuming entity,assuming-entity,"transaction in which a reinsurer ( [assuming entity] ), for a consideration (premium), assumes",130077b20269fa7c458e830c2a090240ebb31085d74ff67d491f2983972d786b
reinsurer,reinsurer,assuming entity,assuming-entity,The [assuming entity] in a reinsurance transaction.,189e2bc79787ca7810dbd38f341bf8ad0ff666a23067cb7a176a29b03783c104
related-party,related-parties,fair value,fair-value,"required, absent the election of the [fair value] option under the Fair Value Option",71a468b605d984bca6c22d39c0c96ea58738136d75ad6323719270943d58bcaf
relative fair value before construction,relative-fair-value-before-construction,fair value,fair-value,The [fair value] of each land parcel in a,090a61a48ad1601a2a591cc87a7ef73bfe7079d4873dead13c1db27ee982f4d4
release,release,hazardous substance,hazardous-substance,"and other closed receptacles containing any [hazardous substance] , pollutant, or contaminant. The law",c2275f29e8e98338f8b930dfc7e4285f252a51affea7c4bf3179e0f4778da15f
reload feature and reload option,reload-feature-and-reload-option,exercise price,exercise-price,"rather than cash, to satisfy the [exercise price] . At the time of exercise",b3b1ff4aec9c837cefa067f9e4908163d601a2497bb802748f9ddb545d603ac1
remainder interest,remainder-interest,split-interest agreement,split-interest-agreement,portion of the assets of a [split-interest agreement] remaining at the end of the,d693d8f83daa28d0f30c9e5b221138386c1d4a79353bf4537d30ad1f800ced65
removal actions,removal-action,hazardous substance,hazardous-substance,The cleanup or removal of released [hazardous substances] from the environment; actions in response,986ab91fc8dc2deb5405a29e93dda3757e85ebed7135f62f97d766ede112cd0d
reorganization,reorganization,limited partnership,limited-partnership,A way to create a master [limited partnership] in which all of the assets,1c23d3d55834e303c6a6742cccd0db32695b35e9af103655f713314418ec9a8a
reorganization proceeding,reorganization-proceeding,chapter 11,chapter-11,A [Chapter 11] case from the time at which,3d6ea31fec06a9f8e4dc8499ea3459899b67230492da3c1023fab10786ed51e5
reorganization value,reorganization-value,net realizable value,net-realizable-value,"entity, as well as the expected [net realizable value] of those assets that will be",62620d197e6801e18a8ea81b8585fd54dba3faca57bcf8ba64082d226a2796ab
replaced contract,replaced-contract,internal replacement,internal-replacement,is exchanged or modified in an [internal replacement] transaction.,bc6f6bd5292dd0f18cdd5be980bc45335deae5e940971d9a296ebbe7a984ce12
replacement contract,replacement-contract,internal replacement,internal-replacement,new or modified contract in an [internal replacement] transaction.,2bd66ba275f6dfe6b87c09a40301ae2756a0fc375d4681d48c0da1c766a98e32
reporting date,reporting-date,net assets available for benefits,net-assets-available-for-benefits,as of which information regarding the [net assets available for benefits] is presented.,62733037ce83701447d6a7373d9fb362cc497e115d83cd430966eb4f916f40a7
repurchase agreement accounted for as a collateralized borrowing,repurchase-agreement-accounted-for-as-a-collateralized-borrowing,repurchase agreement,repurchase-agreement,A [repurchase agreement] (repo) refers to a transaction in,2c2e6eced58a7460830ebd8edaefc7a6aab7548417a70a39ecf042eeb2157bf7
repurchase financing,repurchase-financing,financial asset,financial-asset,that relates to a previously transferred [financial asset] between the same counterparties (or consolidated,5dbeaceab301cec3f248159b23993e0c286a8a5d1cd2dee3971f8cd95d88c445
repurchase financing,repurchase-financing,repurchase agreement,repurchase-agreement,A [repurchase agreement] that relates to a previously transferred,5dbeaceab301cec3f248159b23993e0c286a8a5d1cd2dee3971f8cd95d88c445
repurchase-to-maturity transaction,repurchase-to-maturity-transaction,financial asset,financial-asset,the agreement to repurchase a transferred [financial asset] is at the maturity date of,2dffc2583f87ae2229ecf7c30d6e0a98cb0956cbc0907c58c588e850efa63fda
repurchase-to-maturity transaction,repurchase-to-maturity-transaction,repurchase agreement,repurchase-agreement,A [repurchase agreement] in which the settlement date of,2dffc2583f87ae2229ecf7c30d6e0a98cb0956cbc0907c58c588e850efa63fda
service condition,service-condition,fair value,fair-value,pertinent factors used in determining the [fair value] of an award that depends solely,2fc071ac6dc2903c9ee2af76ea4cdee0543f6108c47fbbc447a5726560226eb0
service condition,service-condition,requisite service period,requisite-service-period,service to the employer for the [requisite service period] or a nonemployee delivering goods or,2fc071ac6dc2903c9ee2af76ea4cdee0543f6108c47fbbc447a5726560226eb0
service condition,service-condition,exercise price,exercise-price,"A condition affecting the vesting, exercisability, [exercise price] , or other pertinent factors used",2fc071ac6dc2903c9ee2af76ea4cdee0543f6108c47fbbc447a5726560226eb0
restate-translate,restate-translate,parity adjustment,parity-adjustment,dollars. This approach often necessitates a [parity adjustment] .,982de55692747a5d99af27a3465d3a895af9f5ec4e336b805b257cc0844a0fa3
restate-translate,restate-translate,foreign currency,foreign-currency,a general price index for the [foreign currency] . After restatement into units of,982de55692747a5d99af27a3465d3a895af9f5ec4e336b805b257cc0844a0fa3
restate-translate,restate-translate,functional currency,functional-currency,An approach to converting current cost-nominal [functional currency] data of a foreign operation into,982de55692747a5d99af27a3465d3a895af9f5ec4e336b805b257cc0844a0fa3
restricted share,restricted-share,requisite service period,requisite-service-period,no period analogous to an employee's [requisite service period] or a nonemployee's vesting period during,c781da0c236d8113317e6bacfad07e4abc6853f28bccbec67ffeaefaad49b662
restricted share,restricted-share,immediate family,immediate-family,that are transferable to a grantee's [immediate family] members or to a trust that,c781da0c236d8113317e6bacfad07e4abc6853f28bccbec67ffeaefaad49b662
restricted share,restricted-share,nonvested shares,nonvested-shares,shares to grantees are better termed [nonvested shares] because the limitation on sale stems,c781da0c236d8113317e6bacfad07e4abc6853f28bccbec67ffeaefaad49b662
retains,retains,patronage earnings,patronage-earnings,basis or as a percentage of [patronage earnings] that are withheld by cooperatives from,2de15e0bb53e3c901d17265d965d5bbff2117723575cd5ac1c8ecd7740dd59b0
retirees,retirees,plan participant,plan-participant,"Collectively, that group of [plan participants] that includes retired employees, their beneficiaries,",058f7c66b9c411a956751b0268d9dbfd733ba6e9ba59bb58046953ba89026e49
retrospective application,retrospective-application,reporting entity,reporting-entity,the financial statements of a new [reporting entity] as if it had existed in,8d73db32b70a40be4b439ccf413dec67f282aea598be53bc62c82a6a21082727
reunderwriting,reunderwriting,insurance risk,insurance-risk,The reexamination of the [insurance risk] of the entire contract for purposes,378afe8d8e96324407be11c0d4c53cd7e69d2eba9d7ff285b502b71b8fd95922
reverse acquisitions,reverse-acquisition,equity interests,equity-interests,in paragraphs 805-10-55-11805-10-55-12805-10-55-13805-10-55-14805-10-55-15. The entity whose [equity interests] are acquired (the legal acquiree) must,d5433a316d5518084ab5d00fa67c4c4ff2b6dcb85bd548c31fd8ea9427de7738
reverse treasury stock method,reverse-treasury-stock-method,put option,put-option,(pursuant to the terms of a [put option] ) will be raised from issuing,1555c846949e1a1180729e3a936ceeef2fc8fc2e75f7746f852d7d4adf21e947
reverse treasury stock method,reverse-treasury-stock-method,common stock,common-stock,the proceeds used to buy back [common stock] (pursuant to the terms of a,1555c846949e1a1180729e3a936ceeef2fc8fc2e75f7746f852d7d4adf21e947
revised financial statements,revised-financial-statements,retrospective application,retrospective-application,following conditions: Correction of an error [Retrospective application] of U.S. GAAP.,53a6cc3dec44fb0546cc494fe8afd375e5330c7dfd4e36bcf960a113e4d6af4d
revolving-period securitizations,revolving-period-securitizations,special-purpose entity,time-sharing-special-purpose-entity,"period. During the revolving period, the [special-purpose entity] uses most of the cash collections",f0c3c746c8b55a5f6b2e0923da42217fb8d8b1d12e2795900bada605feefadfb
right-of-use asset,right-of-use-asset,underlying asset,underlying-asset,a lessee's right to use an [underlying asset] for the lease term.,c1bfd6f91db1c4c1196f383443d25011fa4a56ddf3db7d02bd63f96746418770
right-of-use asset,right-of-use-asset,lease term,lease-term,use an underlying asset for the [lease term] .,c1bfd6f91db1c4c1196f383443d25011fa4a56ddf3db7d02bd63f96746418770
rights issue,rights-issue,fair value,fair-value,is generally substantially less than the [fair value] of the shares) for a given,921ec890200fe9cae238833254094ae1d85405793d48442668c5fea349d14dd1
rights issue,rights-issue,common stock,common-stock,shareholders to purchase additional shares of [common stock] in accordance with an agreement for,921ec890200fe9cae238833254094ae1d85405793d48442668c5fea349d14dd1
risk premium,risk-premium,market participants,market-participants,Compensation sought by risk-averse [market participants] for bearing the uncertainty inherent in,02fb0c3086b30c167a0c87663d2e59ccdc6e22feabd2002f69ff9a6ca89714bd
rollout,rollout,limited partnership,limited-partnership,A way to create a master [limited partnership] in which certain assets of a,e7459a9e03ed6693d374320c0b873cf624f369f5018f7dabae797b8b24decd12
rollup,rollup,limited partnership,limited-partnership,A way to create a master [limited partnership] in which two or more legally,138e0ebe92326b09201a1da4783db55707d7da3f86e5a30b628576ea11575411
rotable parts,rotable-parts,expendable parts,expendable-parts,are consumed in the operations ( [expendable parts] ).,b15a64cb44a3418588a573b79034dbd961ca7924b9d9942625a06851310eae74
row crop,row-crops,field and row crops,field-and-row-crops,See [Field and Row Crops] .,19bf247e4df0925d3e11bea64cbc7431e27a4d202fba73a7bdbcf76ef6ec08f0
sales inducements,sales-inducements,immediate bonus,immediate-bonus,"types of sales inducements are an [immediate bonus] , a persistency bonus, and an",3bea6081e6972715b298486b46c83e08264c110e35e088d98d20053d62b1ae1d
sales inducements,sales-inducements,investment yield,investment-yield,to a contract holder enhances the [investment yield] to the contract holder. The three,3bea6081e6972715b298486b46c83e08264c110e35e088d98d20053d62b1ae1d
sales inducements,sales-inducements,enhanced-crediting-rate bonus,enhanced-crediting-rate-bonus,"bonus, a persistency bonus, and an [enhanced-crediting-rate bonus] .",3bea6081e6972715b298486b46c83e08264c110e35e088d98d20053d62b1ae1d
sales inducements,sales-inducements,persistency bonus,persistency-bonus,"inducements are an immediate bonus, a [persistency bonus] , and an enhanced-crediting-rate bonus.",3bea6081e6972715b298486b46c83e08264c110e35e088d98d20053d62b1ae1d
secured overnight financing rate sofr overnight index swap rate,,fair value,fair-value,,
secured overnight financing rate sofr overnight index swap rate,,present value,present-value,,
securities industry and financial markets association sifma municipal swap rate,,fair value,fair-value,,
securities industry and financial markets association sifma municipal swap rate,,present value,present-value,,
securitizations,securitization,financial asset,financial-asset,The process by which [financial assets] are transformed into securities.,1e6ca81cc1c10f880295f43dd106fe5432791ad97a65bd0880c25fb3751e81c1
seed money,seed-money,separate account,separate-account,"funds by an insurer in a [separate account] when it is established, to support",4551589906f889a1accb84c65490d43d4f3d1529600443492c8c47dd68c29269
seller,seller,financial asset,financial-asset,A transferor that relinquishes control over [financial assets] by transferring them to a transferee,caf20be8b0e73740959db2eea53aecd08d2494c462e12c7ab40b4edd5e98598d
seller subsidies,seller-subsidy,owners association,owners-association,that a seller pays to an [owners association] to cover net losses that may,ca612a65f43f7585197ce8dcdf28a4a2727bd3c692b69beecf1053bbb039c898
selling profit or selling loss,selling-profit-or-selling-loss,fair value,fair-value,profit or selling loss equals: The [fair value] of the underlying asset or the,f21d688a9749474169156dd4362ad315d84decdee8eb379f35f3b3624fd96fc5
selling profit or selling loss,selling-profit-or-selling-loss,initial direct costs,initial-direct-costs,unguaranteed residual asset; minus Any deferred [initial direct costs] of the lessor.,f21d688a9749474169156dd4362ad315d84decdee8eb379f35f3b3624fd96fc5
selling profit or selling loss,selling-profit-or-selling-loss,carrying amount,carrying-amount,"the lessee, if lower; minus The [carrying amount] of the underlying asset net of",f21d688a9749474169156dd4362ad315d84decdee8eb379f35f3b3624fd96fc5
selling profit or selling loss,selling-profit-or-selling-loss,underlying asset,underlying-asset,equals: The fair value of the [underlying asset] or the sum of (1) the,f21d688a9749474169156dd4362ad315d84decdee8eb379f35f3b3624fd96fc5
selling profit or selling loss,selling-profit-or-selling-loss,lease receivable,lease-receivable,or the sum of (1) the [lease receivable] and (2) any lease payments prepaid,f21d688a9749474169156dd4362ad315d84decdee8eb379f35f3b3624fd96fc5
selling profit or selling loss,selling-profit-or-selling-loss,unguaranteed residual asset,unguaranteed-residual-asset,the underlying asset net of any [unguaranteed residual asset] ; minus Any deferred initial direct,f21d688a9749474169156dd4362ad315d84decdee8eb379f35f3b3624fd96fc5
selling profit or selling loss,selling-profit-or-selling-loss,lease payments,lease-payments,"the lease receivable and (2) any [lease payments] prepaid by the lessee, if lower;",f21d688a9749474169156dd4362ad315d84decdee8eb379f35f3b3624fd96fc5
separate account arrangement,separate-account-arrangement,separate account,separate-account,funds is allocated to a specific [separate account] maintained by the insurance entity.,2655bffddfa3e10315841db4b208a47dd2cd16b8d0d7fba703fbce9351bc14dd
separately priced contracts,separately-priced-contracts,extended warranty,extended-warranty,has the option to purchase an [extended warranty] or a product maintenance contract for,71f8f53e1f8ba65ddc9bf28bdb9cdd60d1dfb62146a0e5c439b741bc8d30ba2c
servicing liabilities,servicing-liabilities,benefits of servicing,benefits-of-servicing,"charges, and other ancillary revenues ( [benefits of servicing] ) are not expected to adequately",6c20b0607673a407266ae363d0eaa401ecdf005b709b8a1ecaa96d92be9aff9c
servicing liabilities,servicing-liabilities,contractually specified servicing fees,contractually-specified-servicing-fees,"which the estimated future revenues from [contractually specified servicing fees] , late charges, and other ancillary",6c20b0607673a407266ae363d0eaa401ecdf005b709b8a1ecaa96d92be9aff9c
settlement,settlement-of-an-award,share option,share-option,include the following: Exercise of a [share option] or lapse of an option at,89c0addb7136e46c32a73400826dc798ec01eaaf515694a4bc219bf958545146
settlement period,settlement-period,ceding entity,ceding-entity,The estimated period over which a [ceding entity] expects to recover substantially all amounts,32aaa4c90cc5468f1c7978013caccde18aeb63a6c9472adce566db43ea8e3d7b
share-based payment transactions,share-based-payment-transactions,economic interest,economic-interest,related parties or other holders of [economic interests] in that entity awards a share-based,435165fc7b9c6ed8872bfada97d7d04efa898a6cd4a10794b191e2e888cb196a
short-term lease,short-term-lease,lease term,lease-term,"at the commencement date, has a [lease term] of 12 months or less and",629e3a72976791a195640e6e7a78556a4ae688259f78854d2b3489687a695fc7
short-term lease,short-term-lease,underlying asset,underlying-asset,include an option to purchase the [underlying asset] that the lessee is reasonably certain,629e3a72976791a195640e6e7a78556a4ae688259f78854d2b3489687a695fc7
short-term obligations,short-term-obligations,working capital,working-capital,"use the operating cycle concept of [working capital] described in paragraphs 210-10-45-3 and 210-10-45-7,",941be92f1d1c9bf51410140bda2d2ffb388155b6c6265d75ef26004909db1023
short-term obligations,short-term-obligations,operating cycle,operating-cycle,for those entities that use the [operating cycle] concept of working capital described in,941be92f1d1c9bf51410140bda2d2ffb388155b6c6265d75ef26004909db1023
significant activities,significant-oil-and-gas-producing-activities,income taxes,income-taxes,"investees and excluding the effect of [income taxes] , are 10 percent or more",a151a19a6338039d403a39d7a41a655b43a5e25dbd3231d10e1dd33b471814d0
significant activities,significant-oil-and-gas-producing-activities,component of an entity,component-of-an-entity,segments. An industry segment is a [component of an entity] engaged in providing a product or,a151a19a6338039d403a39d7a41a655b43a5e25dbd3231d10e1dd33b471814d0
significant activities,significant-oil-and-gas-producing-activities,oil- and gas-producing activities,oil-and-gas-producing-activities,entity is regarded as having significant [oil- and gas-producing activities] if it satisfies any of the,a151a19a6338039d403a39d7a41a655b43a5e25dbd3231d10e1dd33b471814d0
single premium deferred annuity,single-premium-deferred-annuity,general account,general-account,A [general account] fixed deferred annuity with a single,863a44f59db81980fce52f45c7496fffc5af8fe2bd8005afc538d93ce07ee22b
single-employer plan,single-employer-plan,postretirement benefit plan,postretirement-benefit-plan,A pension plan or other [postretirement benefit plan] that is maintained by one employer.,1e764f5e9943a24595b34cecf27858c6d32b08b9e9d9f2f89e58c7c365f6da8e
spending rate,spending-rate,total return,total-return,The portion of [total return] on investments used for fiscal needs,9d7d61847172b3cea348ddd7027a04d796dd35a83c95b4aa54b992330264bb37
spot rate,spot-rate,exchange rate,exchange-rate,The [exchange rate] for immediate delivery of currencies exchanged.,c4011c6f56410e86f2f3ff04e135f0fde7c5a8631e2e58e58f948507f99f7f3c
springing lock-box arrangement,springing-lock-box-arrangement,subjective acceleration clause,subjective-acceleration-clause,revolving credit agreement include both a [subjective acceleration clause] and a requirement to maintain a,89be1712e636540b7b723336947e81c28bee19a91c2693edb2108201889bf748
standard antidilution provisions,standard-antidilution-provisions,equity restructuring,equity-restructuring,ratio in the event of an [equity restructuring] transaction that are designed to maintain,d33fd8e9835b38f1070332f4202f7e199810fb0b03c6834471387a1392071270
standard representations and warranties,standard-representations-and-warranties,financial asset,financial-asset,Representations and warranties that assert the [financial asset] being transferred is what it is,22c4d9f36c9e6a2c6002e115a554443fbae66ae441cb956a918c44284cf5dbed
statement of changes in net assets in liquidation,statement-of-changes-in-net-assets-in-liquidation,net assets,net-assets,the changes during the period in [net assets] available for distribution to investors and,a21418a2395d36935e5c9d3607727c984646920887199587881ff745c5f3d78f
statement of net assets in liquidation,statement-of-net-assets-in-liquidation,net assets,net-assets,statement that presents a liquidating entity's [net assets] available for distribution to investors and,7ca91357b16eba3977be528cfd4260a58d70c0b8d2cf655058d8ad99476b137b
stock appreciation right,stock-appreciation-right,fair value,fair-value,equivalent to any excess of the [fair value] of a stated number of shares,7f2c394dcebaaae8c84dbe2229ce08e0d9bb9bedb5cc444c593f0758db1ddf0d
stop-loss arrangements,stop-loss-arrangement,administrative service arrangements,administrative-service-arrangement,These arrangements are commonly used with [administrative service arrangements] . The insurance entity assumes the,0f36b3cda519db77a5b007955e2d0b268c74130016346b46d315c4ea0aaeb56b
stop-loss arrangements,stop-loss-arrangement,plan participant,plan-participant,"arrangement, a plan's obligation for any [plan participant] 's claims may be limited to",0f36b3cda519db77a5b007955e2d0b268c74130016346b46d315c4ea0aaeb56b
stop-loss arrangements,stop-loss-arrangement,stop-loss insurance,stop-loss-insurance,"In a [stop-loss insurance] arrangement, a plan's obligation for any",0f36b3cda519db77a5b007955e2d0b268c74130016346b46d315c4ea0aaeb56b
structured note,structured-note,exchange rate,exchange-rate,"or more indexes, interest rates, foreign [exchange rates] , commodities prices, prepayment rates, or",51aa1e76d74c05c216ce6979b5662092739a8ebb94f771e9e3c7fe71006798b9
stub period,stub-period,reset date,reset-date,do not correspond to a swap [reset date] . Calendar dates that are swap,9dad62533455b5d83437c2348f81794370f6e6ec0a6376fcd3d835d2d256a274
stub rate,stub-rate,stub period,stub-period,corresponds to the length of a [stub period] .,6e21461223c1484866aafa094c363d66715970bf15de00109c44858a4eb9e01a
sublease,sublease,underlying asset,underlying-asset,A transaction in which an [underlying asset] is re-leased by the lessee (or,8907b5beadb7418350464a0e20a81b67da4eff1fdd67181b4c5aefc4b9a48040
subordinated financial support,subordinated-financial-support,variable interest entity,variable-interest-entity,absorb some or all of a [variable interest entity] 's (VIE's) expected losses.,6c1608d502ace1564083a87cd4695fa4fab8bd8af721dc59f97c0cba808cd641
subordinated financial support,subordinated-financial-support,expected losses,expected-losses,of a variable interest entity's (VIE's) [expected losses] .,6c1608d502ace1564083a87cd4695fa4fab8bd8af721dc59f97c0cba808cd641
subordinated financial support,subordinated-financial-support,variable interests,variable-interests,[Variable interests] that will absorb some or all,6c1608d502ace1564083a87cd4695fa4fab8bd8af721dc59f97c0cba808cd641
subsequent events,subsequent-events,financial statements are issued,financial-statements-are-issued,the balance sheet date but before [financial statements are issued] or are available to be issued.,17eed2d5d7c11bcdff227a7083a72a3e43dbc9ca682b2247b1a8a8e5cbe362ef
subsidiary,subsidiary,primary beneficiary,primary-beneficiary,entity that is consolidated by a [primary beneficiary] .),1a074fc2ebc963e1abb3ec244128a40773e47eff1ab756d92a22940e1cb3a797
subsidiary,subsidiary,variable interest entity,variable-interest-entity,"a controlling financial interest. (Also, a [variable interest entity] that is consolidated by a primary",1a074fc2ebc963e1abb3ec244128a40773e47eff1ab756d92a22940e1cb3a797
substantial doubt about an entity ability to continue as a going concern,,financial statements are issued,financial-statements-are-issued,,
substantial doubt about an entity ability to continue as a going concern,,financial statements are available to be issued,financial-statements-are-available-to-be-issued,,
substantive conversion feature,substantive-conversion-feature,call option,call-option,absent the issuer's exercise of a [call option] .,967ae5026b96c829e2f808bde32997b9923f9de53707472f625196e2ccb6b371
substantive conversion feature,substantive-conversion-feature,reasonably possible,reasonably-possible,conversion feature that is at least [reasonably possible] of being exercisable in the future,967ae5026b96c829e2f808bde32997b9923f9de53707472f625196e2ccb6b371
supply,supply-cooperative,purchasing cooperative,purchasing-cooperative,in producing their products. Supply or [purchasing cooperatives] obtain or produce such items as,620b550671fba72b6520bd55bc55c3f1fd65cd979e629a051578250f53be2fd7
support equipment and facilities,support-equipment-and-facilities,oil- and gas-producing activities,oil-and-gas-producing-activities,"Support equipment and facilities used in [oil- and gas-producing activities] , such as seismic equipment, drilling",ff30395cd6cbe0b184567b28b7a8475980a2174be3cb4ed86dc658352b9fb321
surplus notes,surplus-notes,financial instrument,financial-instrument,Surplus notes are [financial instruments] issued by insurance entities that are,e031b811061b1917c9663efd0af3f929da0177aa89a72fe9ed32c322f2b33bc6
suspense shares,suspense-shares,committed to be released,committed-to-be-released-shares,"shares that have not been released, [committed to be released] , or allocated to participant accounts.",d47c40eb58583159a7061f0218d51a6d65e20a8542c81fbc1be955a9129bacf6
suspense shares,suspense-shares,employee stock ownership plan,employee-stock-ownership-plan,The shares initially held by the [employee stock ownership plan] in a suspense account are called,d47c40eb58583159a7061f0218d51a6d65e20a8542c81fbc1be955a9129bacf6
synthetic instrument accounting,synthetic-instrument-accounting,financial instrument,financial-instrument,accounting views two or more distinct [financial instruments] (generally a cash instrument and a,9c07d5eff0c42c6c81865ede373509817bf490a44409d2d3250f746732ce6b76
systematic risk,systematic-risk,market participants,market-participants,"that in a market in equilibrium, [market participants] will be compensated only for bearing",3c6576fdc44c389b91023893216239b670f9172235817fdd47a703e6cd0bd3c7
tail coverage,tail-coverage,insurance policy,insurance-policy,cancellation or expiration of a claims-made [insurance policy] .,439d0aa344c1db5544871434242366fd1777d0f53de6738b572cf1c85eaa4c4a
tax or benefit,,income taxes,income-taxes,,
tax position,tax-position,income taxes,income-taxes,"result in a permanent reduction of [income taxes] payable, a deferral of income taxes",852fb3d4336c982c07b7532bcd20f842b817cdfebde79c2ea4fbc234d454997b
tax position,tax-position,taxable income,taxable-income,or a decision to exclude reporting [taxable income] in a tax return A decision,852fb3d4336c982c07b7532bcd20f842b817cdfebde79c2ea4fbc234d454997b
tax position,tax-position,not-for-profit entity,not-for-profit-entity,a pass-through entity or a tax-exempt [not-for-profit entity] .,852fb3d4336c982c07b7532bcd20f842b817cdfebde79c2ea4fbc234d454997b
tax position,tax-position,deferred tax asset,deferred-tax-asset,change in the expected realizability of [deferred tax assets] . The term tax position also,852fb3d4336c982c07b7532bcd20f842b817cdfebde79c2ea4fbc234d454997b
tax-planning strategy,tax-planning-strategy,valuation allowance,valuation-allowance,need for and amount of a [valuation allowance] for deferred tax assets.,1058207a5ebd1d4b27ad964be399a5681329ec30fe30eb884001342b4460aa9b
tax-planning strategy,tax-planning-strategy,deferred tax asset,deferred-tax-asset,amount of a valuation allowance for [deferred tax assets] .,1058207a5ebd1d4b27ad964be399a5681329ec30fe30eb884001342b4460aa9b
taxable,taxable-temporary-difference,temporary difference,temporary-difference,[Temporary differences] that result in taxable amounts in,489f66c1d5c4391b15e0e5aa246627de8d057bb5b1b3c3959ec40594a4aba086
tentative minimum tax,tentative-minimum-tax,alternative minimum tax,alternative-minimum-tax,federal income tax liability under the [alternative minimum tax] system in the United States. See,edd0f41f6a2ca54b5d89b7b247fb25c39a46bdd4de02feec5b61b8b66f0ee0bd
term endowment,term-endowment,endowment fund,endowment-fund,An [endowment fund] established to provide income for a,fb265be082779fe7b39ef3a242cf9d141e08b2051d952fcc221330e672fe37ba
terminal value,terminal-value,present value,present-value,Terminal or residual value represents the [present value] of the business attributable to the,6c1059b9f3fe9a318a20dd3e5e6b5438e20483bead0f6edb1691b84e9cf050fc
terminal value,terminal-value,working capital,working-capital,the current value of any excess [working capital] or other assets that are not,6c1059b9f3fe9a318a20dd3e5e6b5438e20483bead0f6edb1691b84e9cf050fc
terminal value,terminal-value,residual value,residual-value,"determined for the forecast period, the [residual value] or terminal value, and the current",6c1059b9f3fe9a318a20dd3e5e6b5438e20483bead0f6edb1691b84e9cf050fc
terminal value,terminal-value,reorganization value,reorganization-value,A component of [reorganization value] .Reorganization value calculated based on the,6c1059b9f3fe9a318a20dd3e5e6b5438e20483bead0f6edb1691b84e9cf050fc
termination,termination,insurance contracts,insurance-contract,of contracts. Voluntary terminations of life [insurance contracts] include lapses with or without cash,f56fae7a6ad085bc28815a07d0ee76deb0a9ee4205517504e546b7a8c1984ba1
termination,termination,cash surrender value,cash-surrender-value,contracts include lapses with or without [cash surrender value] and contract modifications that reduce paid-up,f56fae7a6ad085bc28815a07d0ee76deb0a9ee4205517504e546b7a8c1984ba1
termination rates,termination-rate,insurance contracts,insurance-contract,The rate at which [insurance contracts] fail to renew. Termination rates usually,662ad22efa2f252603710f8bf11e37858bf595eedc0b6b0cb2efafe655b2244a
testing,testing,product design,product-design,performance requirements set forth in the [product design] .,4301b8d1f32043ad6da6fbe8312679049d27b14e8d1c12505c7d0ba60f974eb3
testing,testing,performance requirements,performance-requirements,"product meets function, feature, and technical [performance requirements] set forth in the product design.",4301b8d1f32043ad6da6fbe8312679049d27b14e8d1c12505c7d0ba60f974eb3
time of the restructuring,time-of-restructuring,troubled debt restructuring,troubled-debt-restructuring,"[Troubled debt restructurings] may occur before, at, or after",7e357a5547e0bf4ee969147fbec81716c105ff64e97af5a6736303501c9dbd99
time value of an option,time-value-of-an-option,fair value,fair-value,an option is equal to the [fair value] of an option less its intrinsic,7765eab3ebcf1dbcb3d1df34450f06cd70d8ec726864e2a0049cca745203e104
time value of an option,time-value-of-an-option,intrinsic value,intrinsic-value,value of an option less its [intrinsic value] .,7765eab3ebcf1dbcb3d1df34450f06cd70d8ec726864e2a0049cca745203e104
time-sharing,time-sharing,floating time,floating-time,"are not limited to fixed and [floating time] , interval ownership, undivided interests, points",ae23458db4f2e0a7c241ee18e62f97e8e7b380f2d298ac0ec292889251d4dcec
time-sharing,time-sharing,undivided interest,undivided-interest,"fixed and floating time, interval ownership, [undivided interests] , points programs, vacation clubs, right-to-use",ae23458db4f2e0a7c241ee18e62f97e8e7b380f2d298ac0ec292889251d4dcec
title insurance entities,title-insurance-entity,insurance contracts,insurance-contract,"An entity that issues title [insurance contracts] to real estate owners, purchasers, and",473a22bab2f4625153ffd37d78a98d197d9eb30880b8154fa82750f6f6f3438e
top-off,top-off-provision,make-whole provision,make-whole-provision,See [Make-Whole Provision] .,bcf6e6a07dc0db4406700ce9e7f73b8f1f7cb004417d0ed985bf19e3fdfe4adb
top-up shares,top-up-shares,fair value,fair-value,employee stock ownership plan because the [fair value] of the shares released is less,4cf86fe03e150815358dcf65235b616b3089f92ae51f883e7654984a02e16edc
top-up shares,top-up-shares,employee stock ownership plan,employee-stock-ownership-plan,that an employer contributes to an [employee stock ownership plan] because the fair value of the,4cf86fe03e150815358dcf65235b616b3089f92ae51f883e7654984a02e16edc
trading,trading,holding period,holding-period,time. The term trading contemplates a [holding period] generally measured in hours and days,3a15f9bc55bbf8d8601bfe22e123478e32daa31a45683cdda131ebfba68da308
trading,trading,mortgage banking entity,mortgage-banking-entity,of the term trading for a [mortgage banking entity] .,3a15f9bc55bbf8d8601bfe22e123478e32daa31a45683cdda131ebfba68da308
trading,trading,near term,near-term,activity involving securities sold in the [near term] and held for only a short,3a15f9bc55bbf8d8601bfe22e123478e32daa31a45683cdda131ebfba68da308
traditional 12b-1 plan,traditional-12b-1-plan,board-contingent plan,board-contingent-plan,paid after plan termination under a [board-contingent plan] .,78afdff1fac7bbaf064c453140b7a2ca6be7616beb75efc689db9b2cd57cf3b4
traditional 12b-1 plan,traditional-12b-1-plan,plan termination,plan-termination,"12b-1 plans are normally discontinued upon [plan termination] , but may continue to be",78afdff1fac7bbaf064c453140b7a2ca6be7616beb75efc689db9b2cd57cf3b4
traditional 12b-1 plan,traditional-12b-1-plan,reimbursement plan,reimbursement-plan,A compensation or [reimbursement plan] pursuant to Rule 12b-1 that permits,78afdff1fac7bbaf064c453140b7a2ca6be7616beb75efc689db9b2cd57cf3b4
traditional variable annuity,traditional-variable-annuity,separate account,separate-account,used to purchase units of a [separate account] .,084acaa4fd2859ce04cde56dd02dedd559d621c202b859d154eb29ca8f990eb2
transaction gain or loss,transaction-gain-or-loss,foreign currency transactions,foreign-currency-transactions,cash flows realized upon settlement of [foreign currency transactions] The expected functional currency cash flows,dc4b4eb8261d9e9984001679542f8a725a0dad07e7554d3d71a6a153398e3c51
transaction gain or loss,transaction-gain-or-loss,exchange rate,exchange-rate,losses result from a change in [exchange rates] between the functional currency and the,dc4b4eb8261d9e9984001679542f8a725a0dad07e7554d3d71a6a153398e3c51
transaction gain or loss,transaction-gain-or-loss,foreign currency,foreign-currency,and the currency in which a [foreign currency] transaction is denominated. They represent an,dc4b4eb8261d9e9984001679542f8a725a0dad07e7554d3d71a6a153398e3c51
transaction gain or loss,transaction-gain-or-loss,functional currency,functional-currency,change in exchange rates between the [functional currency] and the currency in which a,dc4b4eb8261d9e9984001679542f8a725a0dad07e7554d3d71a6a153398e3c51
transferee,transferee,financial asset,financial-asset,"An entity that receives a [financial asset] , an interest in a financial",2b5aaa81ff721e34da79d4cc49c693c44b7881647e0e824314f2714376f8276e
transferor,transferor,financial asset,financial-asset,"An entity that transfers a [financial asset] , an interest in a financial",10186286238836b9393dc69985debb8de3cb249bf1b0b49f2864a468a7bf6b48
translate-restate,translate-restate,consumer price index for all urban consumers,consumer-price-index-for-all-urban-consumers,of constant purchasing power using the [Consumer Price Index for All Urban Consumers] .,57803f70cbd9e5ac8f8415a2a025b0261568b3279f9246d5860795a4bc24ca69
translate-restate,translate-restate,functional currency,functional-currency,An approach to converting current cost-nominal [functional currency] data of a foreign operation into,57803f70cbd9e5ac8f8415a2a025b0261568b3279f9246d5860795a4bc24ca69
translation,translation,foreign currency translation,foreign-currency-translation,See [Foreign Currency Translation] .,2083605e89aa7f5358937ef1d0b7f605ddabdaed573fc6810ec29b0eea0eb155
treasury stock method,treasury-stock-method,common stock,common-stock,proceeds would be used to purchase [common stock] at the average market price during,8b9e777a537e762ba8ca29ac53ecca67406bb0aae4a8bd2bd21d2ed0953d1083
unconditional purchase obligations,unconditional-purchase-obligation,throughput contracts,throughput-contract,"example, as in take-or-pay contracts or [throughput contracts] ).",43f1e7ebc266184fee674e7fb00c50c08961e8fe1e4a485dd9a62b6a4976058f
underlying,underlying,exchange rate,exchange-rate,"rate, security price, commodity price, foreign [exchange rate] , index of prices or rates,",ec43c7b290603f1b208687d789fc82fbcc8e88ac03765f5221655c721d776eec
underlying,underlying,payment provision,payment-provision,"either a notional amount or a [payment provision] , determines the settlement of a",ec43c7b290603f1b208687d789fc82fbcc8e88ac03765f5221655c721d776eec
underlying,underlying,notional amount,notional-amount,"variable that, along with either a [notional amount] or a payment provision, determines the",ec43c7b290603f1b208687d789fc82fbcc8e88ac03765f5221655c721d776eec
undersecured claim,undersecured-claim,secured claim,secured-claim,A [secured claim] whose collateral is worth less than,2dd56f7428265e2ab38208945aac1be0ee7af9c26fd3af5934417253952a373b
underwater endowment fund,underwater-endowment-fund,fair value,fair-value,donor-restricted endowment fund for which the [fair value] of the fund at the reporting,97f4df19e61a235720353e98fde6dc3a55830071d64411e1124a27c4027ecfd9
underwater endowment fund,underwater-endowment-fund,donor-restricted endowment fund,donor-restricted-endowment-fund,A [donor-restricted endowment fund] for which the fair value of,97f4df19e61a235720353e98fde6dc3a55830071d64411e1124a27c4027ecfd9
underwater endowment fund,underwater-endowment-fund,reporting date,reporting-date,value of the fund at the [reporting date] is less than either the original,97f4df19e61a235720353e98fde6dc3a55830071d64411e1124a27c4027ecfd9
unfunded accumulated postretirement benefit obligation,unfunded-accumulated-postretirement-benefit-obligation,fair value,fair-value,benefit obligation in excess of the [fair value] of plan assets.,22a4626e15aaac1d52a78717287278173907dc258c22a37e07216a718a829a2d
unfunded accumulated postretirement benefit obligation,unfunded-accumulated-postretirement-benefit-obligation,plan assets,plan-assets,excess of the fair value of [plan assets] .,22a4626e15aaac1d52a78717287278173907dc258c22a37e07216a718a829a2d
unfunded accumulated postretirement benefit obligation,unfunded-accumulated-postretirement-benefit-obligation,accumulated postretirement benefit obligation,accumulated-postretirement-benefit-obligation,The [accumulated postretirement benefit obligation] in excess of the fair value,22a4626e15aaac1d52a78717287278173907dc258c22a37e07216a718a829a2d
unfunded projected benefit obligation,unfunded-projected-benefit-obligation,projected benefit obligation,projected-benefit-obligation,The excess of the [projected benefit obligation] over plan assets.,261aacddfaca84c9f92a4285606fc4de271656177bde3df6d136141604334964
unfunded projected benefit obligation,unfunded-projected-benefit-obligation,plan assets,plan-assets,of the projected benefit obligation over [plan assets] .,261aacddfaca84c9f92a4285606fc4de271656177bde3df6d136141604334964
unguaranteed residual value,unguaranteed-residual-value,estimated residual value,estimated-residual-value,The [estimated residual value] of the leased property exclusive of,9f799ebd41f7417d6e4414eb03fa444c4a91a260fc302e8537d94713c2aba0a3
unguaranteed residual value,unguaranteed-residual-value,residual value,residual-value,The estimated [residual value] of the leased property exclusive of,9f799ebd41f7417d6e4414eb03fa444c4a91a260fc302e8537d94713c2aba0a3
unitized,unitized,financial highlights,nonregistered-investment-partnerships-financial-highlights,See Nonregistered Investment Partnerships— [Financial Highlights] .,d9494c52f108f3cf9913cf9c700ae86a437dbab288170509cd3bd674ebffb801
unknown potentially responsible party,unknown-potentially-responsible-party,potentially responsible party,potentially-responsible-party,not yet been identified as a [potentially responsible party] by the Environmental Protection Agency or,5bbb40de379a10ac9b0d497456674852b9db71c05b61ad54c0f496fc703f5b71
unproven potentially responsible party,unproven-potentially-responsible-party,potentially responsible party,potentially-responsible-party,that has been identified as a [potentially responsible party] for a Superfund site by the,cf2098d7e3831bf0241980480cc5089fdfac79cc64e7b9004c7d67f334c43ff0
unrecognized tax benefit,unrecognized-tax-benefit,tax position,tax-position,The difference between a [tax position] taken or expected to be taken,ac54cd57eb451d2aee7138894f2e244daf0dcc5d8ac784e16f9f0d5a061bc49b
variable lease payments,variable-lease-payments,underlying asset,underlying-asset,for the right to use an [underlying asset] that vary because of changes in,42d1b9be64d02e6b8ea8e7119244b475b9b6b07153e58ba17240b9f70cf02fa0
variance power,variance-power,recipient entity,recipient-entity,explicitly grants variance power if the [recipient entity] 's unilateral power to redirect the,87b602dc08cb6fe54900c6dcc4dcc8e5417f81fbab2c98bf948c843d49925bea
vest,vest,requisite service period,requisite-service-period,"an award often establish the employee's [requisite service period] or the nonemployee's vesting period, and",e2f238b259b789967161e1414a423120492bdb31f61eb7ef6a6dbc8f006ace19
vest,vest,performance condition,performance-condition,either a service condition or a [performance condition] . Market conditions are not vesting,e2f238b259b789967161e1414a423120492bdb31f61eb7ef6a6dbc8f006ace19
vest,vest,service condition,service-condition,contingent on satisfaction of either a [service condition] or a performance condition. Market conditions,e2f238b259b789967161e1414a423120492bdb31f61eb7ef6a6dbc8f006ace19
vested benefit information,vested-benefit-information,accumulated plan benefits,accumulated-plan-benefits,The actuarial present value of vested [accumulated plan benefits] .,a600f3264714b9d0c269d2729652500fbc90446f7d22d892618c015af001d80e
vested benefit information,vested-benefit-information,actuarial present value,actuarial-present-value,The [actuarial present value] of vested accumulated plan benefits.,a600f3264714b9d0c269d2729652500fbc90446f7d22d892618c015af001d80e
vested benefit obligation,vested-benefit-obligation,vested benefits,vested-benefits,The actuarial present value of [vested benefits] .,701e1f4e5fc6ae375dbc1efb58b812368d6436ddd030003f26ae1c6300a959ba
vested benefit obligation,vested-benefit-obligation,actuarial present value,actuarial-present-value,The [actuarial present value] of vested benefits.,701e1f4e5fc6ae375dbc1efb58b812368d6436ddd030003f26ae1c6300a959ba
vested benefits,vested-benefits,pension fund,pension-fund,"conditions, such as inadequacy of the [pension fund] , may prevent the employee from",c4aee3ba6fa4b7051a63360e67c8e05047a4af437c6ebfacf1e0ee33667ef7a8
voluntary health and welfare entity,voluntary-health-and-welfare-entity,not-for-profit entity,not-for-profit-entity,A [not-for-profit entity] (NFP) that is formed for the,f5c72f79c538f73b2637a19f43423e9f76fd238518b982eb5d89cd3da3da44b1
warrant,warrant,common stock,common-stock,the right to purchase shares of [common stock] in accordance with the terms of,5c0a53e5d5f70c56891027dc65902edf7966197add5da29d5654819d2fadbc57
warranty,warranty,nonfinancial asset,nonfinancial-asset,"performance (regarding function, not price) of [nonfinancial assets] that are owned by the guaranteed",bdfc4a632f8dec1659603dac635ed86d5cf3f1c5c3bf26b1a353f41ec29b4fdc
wells and related equipment and facilities,wells-and-related-equipment-and-facilities,development wells,development-well,including the drilling and equipping of [development wells] and development-type stratigraphic test wells (whether,816e42142ba89849536720f2034808000920f88fb3a5a27bc0b7f2411aa38464
wells and related equipment and facilities,wells-and-related-equipment-and-facilities,stratigraphic test well,stratigraphic-test-well,equip those exploratory wells and exploratory-type [stratigraphic test wells] that have found proved reserves Obtain,816e42142ba89849536720f2034808000920f88fb3a5a27bc0b7f2411aa38464
wells and related equipment and facilities,wells-and-related-equipment-and-facilities,service wells,service-well,wells are successful or unsuccessful) and [service wells] .,816e42142ba89849536720f2034808000920f88fb3a5a27bc0b7f2411aa38464
wells and related equipment and facilities,wells-and-related-equipment-and-facilities,exploratory well,exploratory-well,incurred to: Drill and equip those [exploratory wells] and exploratory-type stratigraphic test wells that,816e42142ba89849536720f2034808000920f88fb3a5a27bc0b7f2411aa38464
whole-life contracts,whole-life-contract,insurance contracts,insurance-contract,the death of the insured. Whole-life [insurance contracts] also build up nonforfeiture benefits.,7fa2e666ae8c2ba9f78c5f3580c1399349ddcb0935fc5d54014e1dc21f7dc92e
whole-life contracts,whole-life-contract,nonforfeiture benefits,nonforfeiture-benefits,Whole-life insurance contracts also build up [nonforfeiture benefits] .,7fa2e666ae8c2ba9f78c5f3580c1399349ddcb0935fc5d54014e1dc21f7dc92e
whole-life contracts,whole-life-contract,in force,in-force,Insurance that may be kept [in force] for a person's entire life by,7fa2e666ae8c2ba9f78c5f3580c1399349ddcb0935fc5d54014e1dc21f7dc92e
with cause,with-cause,limited partnership,limited-partnership,partners' ability to dissolve (liquidate) the [limited partnership] or remove the general partners in,0d63135daeec251efe8e98010a071dd48db598bfd7a7673af9397b67e6a99f9d
workout expenditures,workout-expenditures,capital infusions,capital-infusions,connection with any of the following: [Capital infusions] Restructurings or plans of reorganization Ongoing,52f6e90fbb934ce018020e4630adfb3d23b31d0876d447a9d8709a67f36c4776
zero-coupon method,zero-coupon-method,present value,present-value,that involves computing and summing the [present value] of each future net settlement that,40d9c484c039ed5bd45af9a7c1824ab3106aefc1c4f2d13da2a83ace1af8993b
zero-coupon method,zero-coupon-method,discount rate,discount-rate,by the current yield curve. The [discount rates] used are the spot interest rates,40d9c484c039ed5bd45af9a7c1824ab3106aefc1c4f2d13da2a83ace1af8993b
