definition_key,defining_subtopic,slug,sha256,links
205-20 ComponentofanEntity,205-20,component-of-an-entity,0f18c00b61d8a3b0fae6b9fb12b8b42dc2fc70e81a9aeed03fc36d4392c19238,10
205-20 DisposalGroup,205-20,disposal-group,557d7fdbc7dacb62740a9a1d73c66e1962dbf2919e637e1e453c92a563690c6f,17
205-20 Settlement,205-20,settlement-of-a-pension-or-postretirement-benefit-obligation,2c23471e3265df60aaae237ca9f85b091b3cbc5813d72523f4c19183345c122d,15
210-10 CurrentAssets,210-10,current-assets,bcc5bcc614dfba44490dd4527dddd0f1a2e765bcd3b808f203aa99a7e6735b5b,6
210-10 CurrentLiabilities,210-10,current-liabilities,518710db250cac9f647a95d1ad4d7ea839c293afc5142a8678a703db058993df,2
210-10 OperatingCycle,210-10,operating-cycle,be7f99dfb9d29db4bfd5108ff791a50b9fb7a0bd6b19bf64d2cc161c458f2126,9
210-10 Short-termObligations,210-10,short-term-obligations,941be92f1d1c9bf51410140bda2d2ffb388155b6c6265d75ef26004909db1023,1
210-10 WorkingCapital,210-10,working-capital,2ae57bd4792ffd5c42ece2618950bb932ffd16f5a500e0523e9aafaaaa8a141d,3
210-20 DaylightOverdraft,210-20,daylight-overdraft,0aa40ecf62278e9cef17e031c0b61b60a158725b68579f52e013b8d88b33d82b,1
210-20 RepurchaseAgreement,210-20,repurchase-agreement-accounted-for-as-a-collateralized-borrowing,2c2e6eced58a7460830ebd8edaefc7a6aab7548417a70a39ecf042eeb2157bf7,10
210-20 ReverseRepurchaseAgreement,210-20,reverse-repurchase-agreement-accounted-for-as-a-collateralized-borrowing,43ba3b43e9320767c32cbb0780f1d3378f8dfeb15c1887c4624bddf4cdd8ec90,6
210-20 RightofSetoff,210-20,right-of-setoff,4a6031c1c9fc129ca22a001276c749b86c0f1926e5568638deb32a285397c801,6
210-20 SecuritiesCustodian,210-20,securities-custodian,e31136ca87bfb54680ee2107c8708c6fc9af3b11f07e66bef8138d54c049d9eb,1
220-10 ComprehensiveIncome,220-10,comprehensive-income,993b6af30511f45c66064de9067da175672050f0c032ae6767506d9441c96e48,15
220-10 NetIncome,220-10,net-income,df8be220503640584801a22bb1b7d03b6bd22c4285405b534aaf2d1c2b367de4,4
220-10 OtherComprehensiveIncome,220-10,other-comprehensive-income,33d009f118d90259a65a7bf3508c37224f0cc3848caad1b0149647215a42bbc0,16
220-10 ReclassificationAdjustments,220-10,reclassification-adjustments,0d88b2be6874864753e639ccd13d7d00c339329d7e184f319eb2dddd2b6b6550,4
225-20 InfrequencyofOccurrence,225-20,infrequency-of-occurrence,85334b0990c5798a78b2679aea655befd80f4e2f7c63bdf87719776cabea8337,3
225-20 UnusualNature,225-20,unusual-nature,02440c84e4f025925940df0ccd3e5eb364b5406cb77362e101e670260c56c95a,4
225-30 BusinessInterruptionInsurance,225-30,business-interruption-insurance,b2ac9b7950990e3ae88de38de72a8c66c7bb03c401c436e47b2336abfbb7efcb,4
225-30 GrossMargin,225-30,gross-margin,448450770bbe69f959b5da4b36395e69b55792c7e97f7648468b0899e97182c9,2
230-10 Cash,230-10,cash,c00fc10250156c2aa2751f2cecd87aa5231a45289849db935ca2ae84b4eebdbb,14
230-10 CashEquivalents,230-10,cash-equivalents,02f4f7575a77c9a1cd1dea237e895c91559ec79aefe298d4464d3f3f571483c2,14
230-10 FinancingActivities,230-10,financing-activities,65b6022fd2b5c646a9fb01a7a608b4e578efc2f1f6b4c2f74ae2d8c3685e7e64,5
230-10 InvestingActivities,230-10,investing-activities,81ca436976c8b031871fe77fd49528e941cb2486f8c6a0ec59c61fed874808b9,6
230-10 OperatingActivities,230-10,operating-activities,0dec68d766415856d8082170377a10d9ba4ba32d4afe41dad58a9f3eb19c1161,3
250-10 AccountingChange,250-10,accounting-change,893dd6d290513b660fb984fb4ba64253201b087480ac50b9f876c9297fa34a7b,9
250-10 ChangeinAccountingEstimate,250-10,change-in-accounting-estimate,23197ed2de752cec0486ed9ef79ca44601263b1e97d84585ef2b59df139d7e8c,8
250-10 ChangeinAccountingEstimateEffectedbyaChangeinAccountingPrinciple,250-10,change-in-accounting-estimate-effected-by-a-change-in-accounting-principle,6889b7752d732cca5f55955cd5f200b89673dd2c8a7ce8ea0ff804d0648c8b21,1
250-10 ChangeinAccountingPrinciple,250-10,change-in-accounting-principle,de7de0425ac21da899cb2fe4aee42b1b4b92e91db3c1eff1b97628ff2d1c7e44,13
250-10 ChangeintheReportingEntity,250-10,change-in-the-reporting-entity,f3cdf2d70c96e3144967d98e0c756c8b3860f7e6cb76f3fdb25fa3ed8dd19318,7
250-10 DirectEffectsofaChangeinAccountingPrinciple,250-10,direct-effects-of-a-change-in-accounting-principle,b468aed51f6464bfe926ea95cdde670dd2a1e14ca7783ce7b47262479f013408,4
250-10 ErrorinPreviouslyIssuedFinancialStatements,250-10,error-in-previously-issued-financial-statements,6426437e8a29391c1adb894e16b6a7e3d12e50bed06511265d9c86282c012146,1
250-10 IndirectEffectsofaChangeinAccountingPrinciple,250-10,indirect-effects-of-a-change-in-accounting-principle,009b8fd97bd5e673aa06afc6ae5d0dc8a5c42efeb481a30b55fa9a9e2448ba2c,3
250-10 Restatement,250-10,restatement,391a4c5a784172ecc8940eb5f196eb651f987a3e6154e2a7c67f33b81147d1f2,5
250-10 RetrospectiveApplication,250-10,retrospective-application,8d73db32b70a40be4b439ccf413dec67f282aea598be53bc62c82a6a21082727,5
255-10 ConsumerPriceIndexforAllUrbanConsumers,255-10,consumer-price-index-for-all-urban-consumers,d608d8154cbcff61ceabfbb8096aa5faadd5d7e09beb71a7b501c82e84a56164,2
255-10 CurrentCost-ConstantPurchasingPowerAccounting,255-10,current-cost-constant-purchasing-power-accounting,439dbbb6c653a5efac98071ff04f7020d8ca385abd379e81c0eacfb65567480f,2
255-10 HistoricalCost-ConstantPurchasingPowerAccounting,255-10,historical-cost-constant-purchasing-power-accounting,9c6de50f7b4713139c1a6a3bd58f2e4550b5420a5d716b7b3b2cc2b8b1a81943,2
255-10 HistoricalCostAccounting,255-10,historical-cost,1de5b65fde125e867889ff241eb5b64ac3ed4fe8de2fff86f83ed9b79971b6c3,2
255-10 Income-ProducingRealEstate,255-10,income-producing-real-estate,6a74a1b4c877270170e773ab71a969b90603b465cea90f201c9956aad5b1c248,1
255-10 IncomefromContinuingOperations,255-10,income-from-continuing-operations,a8f55ac58f70ff383148affcfb58ba995a3d84ecbfe1b621fe5ee4ac7dd93509,6
255-10 MineralResourceAssets,255-10,mineral-resource-assets,f2e9bba6308d1dc5e458d37d19b6f96871d6d47c111822bd702204a871cda847,1
255-10 MonetaryAssets,255-10,monetary-assets,7588ed432e89b81778775778151e2170b8201837c04773100c1562c0f06edd1c,8
255-10 MonetaryLiability,255-10,monetary-liability,61f194abd64ecf777274c0d61b5b959955fd6e67832a97717bef9ca54f5bf2ba,4
255-10 MotionPictureFilms,255-10,motion-picture-films,4200da9d8a1c9219fca3babcd6f9cc877f00d2da05e47304410354adc910297c,1
255-10 ParityAdjustment,255-10,parity-adjustment,45a637d84b2c1b81ed5a37d32b81d6e585f4a3750d7e0bd078cd85cfe8c86a3f,2
255-10 PurchasingPowerGainorLoss,255-10,purchasing-power-gain-or-loss,6c083b29c5dd4e33027d79319186523e452c34cc396d0466366cfefecfa29405,5
255-10 RecoverableAmount,255-10,recoverable-amount,1351b2b6998302a10d14c6e9583fa51902dfb06ea296595b7b3faee6cd8328cb,3
255-10 Restate-translate,255-10,restate-translate,982de55692747a5d99af27a3465d3a895af9f5ec4e336b805b257cc0844a0fa3,3
255-10 Translate-restate,255-10,translate-restate,57803f70cbd9e5ac8f8415a2a025b0261568b3279f9246d5860795a4bc24ca69,2
255-10 ValueinUse,255-10,value-in-use,131493b566a86e507cb3638a45aa323e2d120ac34706812fed306444ea1338f3,1
260-10 Antidilution_Antidilutive_,260-10,antidilution,a6d65f5aea93c247db4e2104099ccf4b3dd2fb1d7aed533677109e2f557cff8b,1
260-10 BasicEarningsPerShare_basicEPS_,260-10,basic-earnings-per-share,de8ae3961937016ace252c8db8296c56698dadf4b5f799fbbbf4ea7d51fd637f,5
260-10 CallOption,260-10,call-option,f28682997135fcb024c0f2ebb4714ef9ca4b0d674fbfb183b8872e4d9a85183f,2
260-10 CommonStock_CommonShares_,260-10,common-stock,f2f37596db6ed2199961a380ae9532853a2a2e3d89eaf102b81353ebc7d7ba5f,13
260-10 ContingentIssuance,260-10,contingent-issuance,1ec4c07d82e6c0ac4b19832f8a61330a6574fe7a31cd3d9502cdccb083010dba,1
260-10 ContingentStockAgreement,260-10,contingent-stock-agreement,2c5b3208ef4e120519b6afdbc8ca3bb9159660ed65712b51bb788915ab3bbde9,4
260-10 ContingentlyConvertibleInstruments,260-10,contingently-convertible-instruments,b372efb560a84d48f40f8ccbeffbfc51074181669fc9f08328a1c8c2298ffb46,6
260-10 ContingentlyIssuableShares_ContingentlyIssuableStock_,260-10,contingently-issuable-shares,a63d0f0c595c7850d1d092036ba4cd436c7db03837f778aa29f42ae19fb762a5,3
260-10 ConversionRate_ConversionRatio_,260-10,conversion-rate,161b4fd02f3d52dea3b06792b2f7bb89e39dafa52535935799d5df36d63046e3,2
260-10 ConvertibleSecurity,260-10,convertible-security,a5a20f66ecfb013359fe4ec23dd73e8dc430c1f1498c2623173760859c457b6f,9
260-10 DilutedEarningsPerShare_DilutedEPS_,260-10,diluted-earnings-per-share,328c82e9d22b03c59f2064820f1b8dc269f369b2222f469867f9f717f949bfda,1
260-10 Dilution_Dilutive_,260-10,dilution,70201c7a4aadc55fee8527c99fea2a1eea44ebbae8025ee1bf3a5e8a9c64fa83,1
260-10 EarningsPerShare_EPS_,260-10,earnings-per-share,490167c104b0e119d6f1a9a2a28201c48c8bc37df8ab7446e22a2461e6f8ff74,8
260-10 ExercisePrice,260-10,exercise-price,635aed48eb6100414a41fcdf563dc972129fafc79e349186006035b155ff9485,2
260-10 If-ConvertedMethod,260-10,if-converted-method,739c299c1e7209ca244ff70d1087c1c3b607f8647b81dddd7345b3680e68e35f,4
260-10 IncomeAvailabletoCommonStockholders,260-10,income-available-to-common-stockholders,6b52f29a2993f9d7ef204f98f4513a8b9f71271c3aacfda8f5d7753ec2badef5,5
260-10 Option,260-10,option,ea756da13de843cc55256c321e91c0df8fc98bb90d02f4715f805a10fc85bd5c,9
260-10 PotentialCommonStock,260-10,potential-common-stock,095c176d5de6c86d265ad8e04968cd7022cc91622802d79daf1376da910e2a72,2
260-10 PreferredStock,260-10,preferred-stock,a899f9457ca5742c70e2bc72b5ade5db41f83de5aebf3ed01e1a2dd0a86142e2,7
260-10 PurchasedCallOption,260-10,purchased-call-option,baacac1be8596e49152c44a65f38eed2e3293ec15c4ae763b52b12b33b5c2725,1
260-10 PutOption,260-10,put-option,b5d6ab67acbeab922a786f843c7d0705e78a0822a9cf3a54241388dced2d72b9,1
260-10 ReverseTreasuryStockMethod,260-10,reverse-treasury-stock-method,1555c846949e1a1180729e3a936ceeef2fc8fc2e75f7746f852d7d4adf21e947,3
260-10 RightsIssue,260-10,rights-issue,921ec890200fe9cae238833254094ae1d85405793d48442668c5fea349d14dd1,1
260-10 Security,260-10,security,e6183c55acea21da164e97e1522fcf1e5a563eecbaf2e17109da1aaae9f3b78f,5
260-10 TreasuryStockMethod,260-10,treasury-stock-method,8b9e777a537e762ba8ca29ac53ecca67406bb0aae4a8bd2bd21d2ed0953d1083,4
260-10 Warrant,260-10,warrant,5c0a53e5d5f70c56891027dc65902edf7966197add5da29d5654819d2fadbc57,2
260-10 Weighted-AverageNumberofCommonSharesOutstanding,260-10,weighted-average-number-of-common-shares-outstanding,4533d164fbb2e2ccb57e342f7c97eed99f4c406c5508cd8cbd98e477616daa2e,1
270-10 PubliclyTradedCompany,270-10,publicly-traded-company,eebbafe8284233e8147497f053ac51c5bc992619da10ef7e5191b6c50f179f2b,7
275-10 NearTerm,275-10,near-term,10a537cae7df615668617c6da8fc979d8d67e355d6531f7ec48729dccb4e1520,3
275-10 SevereImpact,275-10,severe-impact,73a7e91185a2d7ac516284e5903b9df018a154a3b5537c30b8f8b31c8b52ef12,2
280-10 OperatingSegment,280-10,operating-segment,d1961c760b5eb9c8e47f8f95e812f6138c9ee9bc3be4b74d57673a69f4e7d98c,5
280-10 PublicBusinessEntity_PublicEntity_,280-10,public-entity,494a2dd34c6951c9acdd97a57547dc53a528af0f6099994d36e270dc02aa8922,26
310-10 EffectiveInterestRate,310-10,effective-interest-rate,e72ef81e653536d3700993fc12eb3db58f1f8d3704b3a9b7d14ef442f4995771,27
310-10 ExpectedResidualProfit,310-10,expected-residual-profit,74c06b3dc70a270fc97cbafe577172bf11a05c10bf52768134235ac45a470659,6
310-10 Loan,310-10,loan,2b6883c3815c54ada9f3c9dc98cf9f45e780658f3c7e489a4c627124a293ad20,22
310-10 RecordedInvestment,310-10,recorded-investment,ea71a1f55e936fe87d293c7e8c0bbc500bdd6c84742f4d233a5b5e8784288e20,7
310-10 StandbyLetterofCredit,310-10,standby-letter-of-credit,8c99c9374405cc3a3f49f8180f04cd70f167a33906ff854fdb8d8462745b1249,3
310-20 Blended-RateLoans,310-20,blended-rate-loans,c772b214192270713973c4b44eec11067ab84d12d1bda1122eb99fb72c0c7832,1
310-20 CommitmentFees,310-20,commitment-fees,a154b562db3e9686be23b554916c2ae85489872121ac5678f658f9f414a54636,6
310-20 CreditCardFees,310-20,credit-card-fees,0643bd54dd1b37e8ca11801c30f9dd3caebf5cf7e168c874dd7ceb7ae49214d7,4
310-20 DirectLoanOriginationCosts,310-20,direct-loan-origination-costs,840c7bafb8d34293caac17d49d6a41b57b20f0cea864bc434017ee7b5b76de4f,4
310-20 IdleTime,310-20,idle-time,e5006e3f94e3e8537ce0e8b2dbb3b191792e3f68b1099e28dad81726d1fabadb,1
310-20 IncrementalDirectCosts,310-20,incremental-direct-costs,28e51267c0ae2642f4c546e36adfd742086a693a53e9aeb7c5a6abc8becb8e54,1
310-20 LendingActivities,310-20,lending-activities,f45a8b3f32f2438f08cb7ed1d1d88cc89768518e843f4392f73e3d832ab78a41,3
310-20 LoanOriginationFees,310-20,loan-origination-fees,824106e8d59c56c5b599a1c51d8afd13a87228c4273e39585b09737a77e0a10c,6
310-20 NetInvestmentinanOriginalLoan,310-20,net-investment-in-an-original-loan,331537b05b594ff9460854b81d5949c9b6fa0fd1b91321ea11767486b9b6f4ae,1
310-20 PrivateLabelCreditCards,310-20,private-label-credit-cards,d725a35084e5dfc39366f58ae4b61d65dda53a3beb34741f992521a60e2312b1,2
310-30 CashFlowsExpectedAtAcquisition,310-30,cash-flows-expected-at-acquisition,f7f2b23a380947d5ae5536dc6e6a57fb1fcae07067fb673d2f099eabde277655,1
310-30 Loan,310-30,loan,7e066234f7c4b17c93aa0deb38e903e11aa1be474abff3a606403139cb6fccdb,9
310-40 TimeofRestructuring,310-40,time-of-restructuring,7e357a5547e0bf4ee969147fbec81716c105ff64e97af5a6736303501c9dbd99,3
310-40 TroubledDebtRestructuring,310-40,troubled-debt-restructuring,33cbab63ef484a0ca884f53cb87ae003009a081fe3e5b94aaeaa8a342d8b7467,16
320-10 Available-for-SaleSecurities,320-10,available-for-sale-securities,902ea8ec286e9b61e02e5d38def6e91ea75a0142a88224714c9d624c3efd7ff8,19
320-10 DebtSecurity,320-10,debt-security,f39450bb11d26928a5b61088e82a3f91e45d94f2cb6adc1ca4c40f2b66fe6368,51
320-10 EquitySecurity,320-10,equity-security,aa5c0a794cc84cfc325539e75d423edce4571a1476673e8021204224c7a6cbb0,23
320-10 HoldingGainorLoss,320-10,holding-gain-or-loss,d24ff3c3b5ebeda7f9baadd0bb8f8af310a55e0d30a51f4ae313fcc0be1b8235,13
320-10 ReadilyDeterminableFairValue,320-10,readily-determinable-fair-value,716ab778488d490a4da847b0e27c0c5f9db92e2c0577cbef460d7aa26c8da669,21
320-10 RetrospectiveInterestMethod,320-10,retrospective-interest-method,470387bcd1422d9e4ec94511aca41cfc73dad4c24527b39ee7df032903769cb3,2
320-10 Security,320-10,security,528f43ef4d61de3442c80f104fc60c6bae57e0ab8bd72457836a55b83ac7114a,18
320-10 StructuredNote,320-10,structured-note,51aa1e76d74c05c216ce6979b5662092739a8ebb94f771e9e3c7fe71006798b9,4
320-10 Trading,320-10,trading,3a15f9bc55bbf8d8601bfe22e123478e32daa31a45683cdda131ebfba68da308,13
320-10 TradingSecurities,320-10,trading-securities,a27126b7b83accf96588d9170de0e5c9c0f1c70e60af8f2dbc0b805fad544bd6,8
323-10 CorporateJointVenture,323-10,corporate-joint-venture,9291a24aee757163b761553221e69eef9aeb34a574bfbe16e465ea6df1eea048,40
323-10 Dividends,323-10,dividends,c5b1ab858c3d5c4cecba68e1c84d55be475707f81e64c3ba799b7408cd3fca86,3
323-10 EarningsorLossesofanInvestee,323-10,earnings-or-losses-of-an-investee,259e9cebdb6012bda2adea192950ae54d6f0a7459fbb521ca53b11f37da1654a,1
323-10 In-substanceCommonStock,323-10,in-substance-common-stock,6d190c08d645939fca5c9d45391beccef89db58359179197d25f3262ad27da91,6
323-10 Investee,323-10,investee,b3d733e3256e81acd61f9c7a6d6ac99488dd67f3489c5271aeb650035141f84f,9
323-10 Investor,323-10,investor,15537a913473d42ed16dd366bb7d66759ad9a9d8cb803932fc4d4750ec669298,9
323-10 SignificantInfluence,323-10,significant-influence,e45e458b37b258c865968254c87d672874b72d4a72094fc8b90619c855635f47,8
323-10 StandstillAgreement,323-10,standstill-agreement,8d86a13eb3ebc4765d9fe7d7ad66efc9ac155177dbc8bef77a5cc14221e5e38a,1
325-30 CashSurrenderValue,325-30,cash-surrender-value,c3ef93abe05c62d2b287181bd574b12c0b8c79d353d24cea0dfb833a5c0eb3b2,9
325-30 Certificates,325-30,certificates,e6b8b2a2e79e51c184d18d2a542cd2676acbd16dd4745fc7b3e66c422948fdaf,3
325-30 ClaimsStabilizationReserve,325-30,claims-stabilization-reserve,d378a39b2fe5e5e5ed407fc5555c07f247fbb26bdb848b3a175e98ec585438c4,1
325-30 DeferredAcquisitionCostsTax,325-30,deferred-acquisition-costs-tax,e91741026ef98898d753d8085349af40e8492cbe02e5ea1e0100d2fc91904120,1
325-30 InsurancePolicy,325-30,insurance-policy,142c15d30621a0a18a8be97057e2e1cbb9fe22f84b780c0d5c3cc39a6bc86e13,3
325-30 LifeSettlementContract,325-30,life-settlement-contract,3da65399e132b23333145af9fef25f8889b28670ba7c95fe2f6cac2723339482,7
325-30 PolicyAccountBalance,325-30,policy-account-balance,0a388256ea37ae931090961d4f57af57fcd1a74455282669505131be999c09b3,3
325-30 SurrenderCharge,325-30,surrender-charge,2f03be79258555fd8053fb7d5f177b3a1eba8182ff8008d049e80a3680291f2e,3
330-10 Inventory,330-10,inventory,75d507e3a9674ebcf088c3b3b696738c566ef44980637d23b5323b8239a60f0e,17
330-10 Market,330-10,market,5d0236254fc859d2c5de7eb12470c12da9659066fb96c9eb2d36b2161fc4bd6d,4
340-30 AssumingEntity,340-30,assuming-entity,e8b0b3988dde9ec3c0826bb46e04c2c430e4dc8a39b579a37164a54c611978fe,2
340-30 CedingEntity,340-30,ceding-entity,01b8d91c4e38f514247367bfcaa560e661b28f710a95345a94f5af046dd20b00,4
340-30 ExperienceAdjustment,340-30,experience-adjustment,657c90cbeeef049d8749e1222f0f213c6d4eadb0b74f84694b477ef009316ae8,1
340-30 InsuranceRisk,340-30,insurance-risk,1d30c9af9bd083522fd567c0b184df6e1c14d6d19201a63c0efa8ef1c12e3b31,10
340-30 TimingRisk,340-30,timing-risk,750b8bdcce2ac8ed21c44e14c704cf66f4a15bc0f2a5a9dd3155a01708161aac,4
340-30 UnderwritingRisk,340-30,underwriting-risk,a3cb7222ed8a774d9fb78d7ee8e6a85fad3f41a78907eb5e38946312a6eeb306,10
350-10 IntangibleAssetClass,350-10,intangible-asset-class,9c988d76ef2d30d4ed64e13d81e813514130d7ff98e2fd5016d1b77d176a98e1,5
350-10 IntangibleAssets,350-10,intangible-assets,9ddbf56e47f017134acf2d7db061af2d97c626518414eb5916c2a8f69658cb26,32
350-10 MutualEntity,350-10,mutual-entity,50170c35b184de6755aed123b6efccd25e1573b2312b419ffd189cec957fc86e,3
350-10 Not-for-profitEntity_NFP_,350-10,not-for-profit-entity,1a58d765edec8fc89e2645a1bf53c0f0fc57fc7c6ab8d7cac1ce545ca3d04daa,207
350-10 ReportingUnit,350-10,reporting-unit,0caffe42ff9e7e8b1023e84942deeb81105d289bfd1412266684f75edf657c96,6
350-10 ResidualValue,350-10,residual-value,3563e779e4cccedf60383a5e0961d5dfa5336db9c4fd33858f4c2c93e96042c8,4
350-10 UsefulLife,350-10,useful-life,07a7b25c567acc410ef0cc1ba6f45889ba10633006a2a460322170b6659fc78e,10
350-40 PreliminaryProjectStage,350-40,preliminary-project-stage,df3f73b4adaa7c2c2e3713535c6116feefbf59389fd8fe985da2d0229a8a0d22,2
360-10 AssetGroup,360-10,asset-group,a8dbc0ce8871d81d32239b85b229ebd9b01db842435ec8d033006659d2ef39a9,7
360-10 FirmPurchaseCommitment,360-10,firm-purchase-commitment,6c96b88e1001029276fb8c9570e56f54bad3655ed692c5207d4dc73daa4158ad,4
360-10 Impairment,360-10,impairment,5b35f9c08785c6b054ae89cabf465a0b2437c8c622b383d9b15faf112e890f52,14
360-20 IntegralEquipment,360-20,integral-equipment,8b79ff0989afc9b09af35962d0185a9aba6595d6b2611681e5659653e5684010,2
405-30 In-ForcePolicies,405-30,in-force-policies,9229ca7e67fdab39c928ebbc86a780434f85ef54966f573be8053a3c44384655,2
405-30 IncurredLosses,405-30,incurred-losses,3f15486c78d41b6f9b20958d4d1c7fd83fbc207601f5675a813d6f7f49ffdbd3,2
405-30 InvoluntaryPools,405-30,involuntary-pools,40a41abaf31365f24f0ffc88eda4fdff07c4e00b1009dfefb8cc4b972ff9e3a9,1
405-30 Life_Annuity_andHealthInsuranceEntities,405-30,life-annuity-and-health-insurance-entities,c2f552b926f4b8806744d5eccb113a8c6e4301f31392ab47ac0eaa77a5dc297a,1
405-30 ObligatedtoWrite,405-30,obligated-to-write,f3495c0695e364aedf125e3e19442ac323c7e2d46bbb2ff815b9bfa1aa3291c3,3
405-30 PremiumTaxOffsets,405-30,premium-tax-offsets,7b8662fa8a5974fd369828801abeceabfb838c1ad8ee04ff063f9c56ed623010,5
405-30 PremiumsWritten,405-30,premiums-written,fa110f4baaa000d7a429ee5052e58a07ea743351e6a3e82bfebc99f699d152e7,2
405-30 PropertyandCasualtyInsuranceEntity,405-30,property-and-casualty-insurance-entity,0eb57e4451b5410caf8ad891093548a06e58959fae254e9726b5f5031568ed6d,1
410-20 AccretionExpense,410-20,accretion-expense,d3007d4ce1f69cad75b163da02dbb279aea6e9e6f3b65bf2296dab2bce516fa4,7
410-20 AssetRetirementCost,410-20,asset-retirement-cost,b37ad6e28c2ba069e36ddf7e7e5b9348abe5ccba4db8cdad7c45896be36f8e26,6
410-20 AssetRetirementObligation,410-20,asset-retirement-obligation,39e8873ceb9d65b24c7a5566554ac8f05c988c158913f748eb38eb11b7a63568,12
410-20 ConditionalAssetRetirementObligation,410-20,conditional-asset-retirement-obligation,6ba1b611a034b39d381c94910445aac00e92ccb144149906ba6ab71937b75031,2
410-20 LegalObligation,410-20,legal-obligation,d02f3c9dbbcb493584e92532299e2e5b8f1c4cf0cc27a8fb511fe66a7eb913cf,6
410-20 Promissoryestoppel,410-20,promissory-estoppel,05ffeea9158b3bffb0b9230dac15d4ec321bde946b05c9b545be2ae8c2a39876,1
410-20 Retirement,410-20,retirement,9295b67d449615d8da4d3719c903f1bc8a2ddef9c00be9c64d99d10bd334c3b5,5
410-30 Closure,410-30,closure,21c0064eee29984a871c77c52f1c5b61ee775bce90490b40f7c771da15602c0c,3
410-30 ConsentDecree,410-30,consent-decree,1e2e540926836570efb473bac7592fbb1415f6800e4878994f038c4ea796a296,1
410-30 CorrectiveAction,410-30,corrective-action,830045d440341234a0e4bd46f3daa6ec244d8b3556eb1137fa79be3e041bbd88,1
410-30 Disposal,410-30,disposal,6b66e46e54fcae6f528f3ae272d239f9f0ed7f94af98485fcbeab0de7412b4c8,5
410-30 Hazardoussubstance,410-30,hazardous-substance,d146e8afefbe12032f20fba40df441fe125cda910c81acbe1a9633c8e18b1350,1
410-30 Hazardouswaste,410-30,hazardous-waste,988a0e3075937a33a0d1543c3a2669e2830801555304d5fb8ccbe56ee7779594,2
410-30 Hazardouswasteconstituent,410-30,hazardous-waste-constituent,597ac6a67af8728d84618dac098b0ceeeb0ce4ee2070528f732330ddd7e74c5e,1
410-30 JointandSeveralLiability,410-30,joint-and-several-liability,820050d69f1493286d3a903b2d878d3e40a2fb81260a853beb6342bbe89b4335,2
410-30 NaturalResources,410-30,natural-resources,5255d485aeac66a2359dd520f0b7a2f3e02fbdca9ad3b21d75652570522b03a7,1
410-30 OrphanSharepotentiallyresponsibleparty,410-30,orphan-share-potentially-responsible-party,2937c04c30fece4ca04971641375f2948450ccb874f36a40af4fb405e12ec13c,2
410-30 Orphanshare,410-30,orphan-share,7e7c69efc2c2b8cadfa4cb783bb28dfe7cca85ccd70b2f7271a8c3c0c2e0ed06,1
410-30 Participatingpotentiallyresponsibleparty,410-30,participating-potentially-responsible-party,1b45cd9698bcc21847c7ab6db2dafb43ca98e79673452eec12c2f0eef91a3e09,2
410-30 Potentiallyresponsibleparty,410-30,potentially-responsible-party,7483ecb4508d39c2f60fc0003072b3dfd2747a40d17434195243cf9623acde26,2
410-30 Recalcitrantpotentiallyresponsibleparty,410-30,recalcitrant-potentially-responsible-party,f76148d9df29b014343d2b3389c90f8243478027048815d03c58fea095f66100,2
410-30 Release,410-30,release,c2275f29e8e98338f8b930dfc7e4285f252a51affea7c4bf3179e0f4778da15f,3
410-30 RemedialAction_Remediation_,410-30,remedial-action,79e6c5b1827f7641c7c11ca410f82b54e5b97a2ec076053886a6aac48b6a3619,5
410-30 RemedialInvestigation-FeasibilityStudy,410-30,remedial-investigation-feasibility-study,1d2829487d8e5321f1a5be95007a3ecd7144b35237577142bd6c5a34b61a1102,2
410-30 RemovalAction_Removal_,410-30,removal-action,986ab91fc8dc2deb5405a29e93dda3757e85ebed7135f62f97d766ede112cd0d,2
410-30 Strictliability,410-30,strict-liability,679c01c4b482fa945339574ae389fb9ce2277ea79023fb85fb1353bcf42cf9f7,1
410-30 Unilateraladministrativeorder,410-30,unilateral-administrative-order,29cce61c322469dc36f6e67ce12e574b56f10435f0b5aa47cb482080b3c6213e,2
410-30 UnknownPotentiallyresponsibleparty,410-30,unknown-potentially-responsible-party,5bbb40de379a10ac9b0d497456674852b9db71c05b61ad54c0f496fc703f5b71,2
410-30 UnprovenPotentiallyresponsibleparty,410-30,unproven-potentially-responsible-party,cf2098d7e3831bf0241980480cc5089fdfac79cc64e7b9004c7d67f334c43ff0,2
420-10 Cease-usedate,420-10,cease-use-date,9361ab00d924fadcda9076a64ce5894c94275d0183c05df4c73948dd2f91678f,2
420-10 Communicationdate,420-10,communication-date,eb1cbe3c7f967b367bb4a76a75c1fcc8ec541fc513d7931922ab3eb75532c702,4
420-10 Legalnotificationperiod,420-10,legal-notification-period,bc5d1ac2d980dbaf48e213a543d7a86d469788f04c840454714b3a5b326f1f5f,1
420-10 One-timeemployeeterminationbenefits,420-10,one-time-employee-termination-benefits,cb689ce8b27357585625cf1526356f5e33ee3c3489e3f3e5c21ee46206310484,11
420-10 Restructuring,420-10,restructuring,98e91beffc1924d3834f80a5933ff1ffca9ffee450a19d3774b42ccaacb1dd31,2
440-10 Purchaser_sIncrementalBorrowingRate,440-10,purchaser-s-incremental-borrowing-rate,896027c3618a146a23337ade6fbebcac831ee19b7677a012404aca3523a20e98,1
440-10 Take-or-payContract,440-10,take-or-pay-contract,7573fb4b2514ce7c8f0a69cfecd3ca5814979d86b7cadddd1f72aa6ddf94cf14,5
440-10 ThroughputContract,440-10,throughput-contract,1234313179c7651f1a50c4ceec08778776bfce2f789372dce28a9c9c426f48f3,3
440-10 UnconditionalPurchaseObligation,440-10,unconditional-purchase-obligation,43f1e7ebc266184fee674e7fb00c50c08961e8fe1e4a485dd9a62b6a4976058f,9
450-10 GainContingency,450-10,gain-contingency,7387bb760c734e4b6acc423c3b9a6851fe62ac79630126b67b18a972127017c4,2
450-10 LossContingency,450-10,loss-contingency,87b13e0656b41e521bf8a9eefbaa4f017548e086dc376370b6d9a594c71e3ecc,13
450-20 Probable,450-20,probable,c68e9c28290dbfde1463d4f7f06b35759b0675762984c78e4f3d53f6b72ae16c,82
450-20 Reasonablypossible,450-20,reasonably-possible,dde159f0e9120300af7c84ca29e316660ce84645a000324588dd6fea2e0ab9f3,9
450-20 Remote,450-20,remote,65ca05647dd843cc4b98d75a1f6a7626ced2c5340fe5ce071c89619fa0038c16,10
460-10 CommercialLetterofCredit,460-10,commercial-letter-of-credit,0a99a51e7da55828cdea0df0c54fb14717a87b624c06bc05abcdbef774e34750,1
460-10 DirectGuaranteeofIndebtedness,460-10,direct-guarantee-of-indebtedness,90cd44f14738b0a1035085f26b4b8ca196b03eb87de6e8893c4c4f6da755a9c4,1
460-10 FinancialStandbyLetterofCredit,460-10,financial-standby-letter-of-credit,a81e3dcf20eb9c95ced96a7bf5cdf8384b6d2686e4d6b7b0a4be43ded7f902a1,2
460-10 IndirectGuaranteeofIndebtedness,460-10,indirect-guarantee-of-indebtedness,280e85c20da9c38116114adb84c768a718df3f95f0f612567c75d85006aaa1a0,5
460-10 MinimumRevenueGuarantee,460-10,minimum-revenue-guarantee,ada31380b57f8db862aa00845dd75fc9f594b4598581f8efa66c07a2a986a897,1
460-10 PerformanceStandbyLetterofCredit,460-10,performance-standby-letter-of-credit,6cc8f2dd7e59456eb5cf340af41f7d7f6077a9c661a066ff805e8158cf63c333,1
460-10 Underlying,460-10,underlying,ec43c7b290603f1b208687d789fc82fbcc8e88ac03765f5221655c721d776eec,20
460-10 Warranty,460-10,warranty,bdfc4a632f8dec1659603dac635ed86d5cf3f1c5c3bf26b1a353f41ec29b4fdc,13
460-10 WeatherDerivative,460-10,weather-derivative,e325d948f61363b226c5c53f18f38fb76ae5e349079900fa47c4183ed739615a,9
470-10 CallableObligation,470-10,callable-obligation,5b29245e4478ef2b5a32e98072fc163a3ae8b7734fdbef09c20f10bc25c3d132,1
470-10 Lock-boxArrangement,470-10,lock-box-arrangement,385d5c4a9dfd8629df6569caa851fc8ba53af58c870abd1389da11f94dd1e818,1
470-10 Long-termObligations,470-10,long-term-obligations,25ed63e6359ae31e4f61cc396063ba07fac4070c079bf2007b2ebfcc0683e44b,1
470-10 SpringingLock-boxArrangement,470-10,springing-lock-box-arrangement,89be1712e636540b7b723336947e81c28bee19a91c2693edb2108201889bf748,1
470-10 SubjectiveAccelerationClause,470-10,subjective-acceleration-clause,8c5154467f32b7989350fc6673838ee5b2d7c2b9b6e2776372e64689e633e4bb,2
470-10 Units-of-RevenueMethod,470-10,units-of-revenue-method,9df7bed9024a6d59cda0eaef864a078c0aaead226358d1bf140eb90cd157595c,1
470-10 ViolationofaProvision,470-10,violation-of-a-provision,2db7c76df91a6cae9dc4d6028e07761d4743ea2dc48c7c7c6e0a6a4afd0fc164,1
470-20 SubstantiveConversionFeature,470-20,substantive-conversion-feature,967ae5026b96c829e2f808bde32997b9923f9de53707472f625196e2ccb6b371,1
470-20 TimeofIssuance,470-20,time-of-issuance,b74ea6e0034e11f05cf718796d661124ee94b8488daf9f329de78f6691dcea6e,5
470-40 ProductFinancingArrangement,470-40,product-financing-arrangement,958b7532f229c72044534e69ef309c496983c34b0ed8e4b3d7fc988f8cdd92c7,4
470-50 In-substanceDefeasance,470-50,in-substance-defeasance,ca1fa6f71463bb64ad50f4467cd79eceb40bdd2e599a5e34a658cf5ee46f09ad,2
470-50 Line-of-CreditArrangement,470-50,line-of-credit-arrangement,e1bf49b1f46d397660cafbf686457eb6e554014e54b6b6206316638b2dee667e,8
470-50 NetCarryingAmountofDebt,470-50,net-carrying-amount-of-debt,ebff14969aefb913631629b2f7539a8512383e1b821335fe633f1637181e9a5c,1
470-50 PublicDebtIssuance,470-50,public-debt-issuance,3b3a4074200e6492a0cead68b9ffdf85f44a246509cea17be1265c7a887b8080,1
470-50 ReacquistionPriceofDebt,470-50,reacquisition-price-of-debt,95d2123355fb925d6d1281380e8f6cfbe1f983eecbf974a4c521e67c5d1462fa,2
470-60 CarryingAmount,470-60,carrying-amount,3cae3f0b82f718131d374aab60417dce471db3c0a821be689839012acba4bb93,5
480-10 EquityShares,480-10,equity-shares,7342fd8cbd8f1dc6bb22e5c037a854e6e796f672fb63e1eef0e600fb0fbc3438,3
480-10 FreestandingFinancialInstrument,480-10,freestanding-financial-instrument,5ea6c843d70d14597e1e087528c4e3ec7faba7d5b29234ae71d68adbfb80f746,9
480-10 Issuer,480-10,issuer,3c04436d835654437d608a1d0bba1d15ddeb3b13789e79299f0fd3a10711d369,6
480-10 Issuer_sEquityShares,480-10,issuer-s-equity-shares,7e9565dcb04cf05f1cfd4aa47ac1d17a564debe141ab03f843aa392b0e27e259,8
480-10 MandatorilyRedeemableFinancialInstrument,480-10,mandatorily-redeemable-financial-instrument,507b832a3230a93ffd726d21eb9b95511c63fc61a1472d4390123a25634bf7eb,7
480-10 MonetaryValue,480-10,monetary-value,cacbccbbc2830ad481ad49ee86237a54e4395f1a7a78a872045a06b0bac0806d,3
480-10 NetCashSettlement,480-10,net-cash-settlement,bebd3ef0858ab32718d95f7eba44ab07efb44ce639a164defdecb9e4fd758017,2
480-10 NetShareSettlement,480-10,net-share-settlement,34795adb1379841430f368d6589c008e01ac8cc59bd6bc1948d6da7baa04f1d8,2
480-10 Obligation,480-10,obligation,81fd2a533c7835f1d9b95b043bb7840afd9e2716abc5f40c9e4ea75c34faba1a,6
480-10 SecuritiesandExchangeCommissionRegistrant,480-10,securities-and-exchange-commission-registrant,67bbfda3336761997ad64c4fc67e4c298ec024b312f6183641f27458a6aaf95a,4
480-10 Shares,480-10,shares,e7b24ea7990a795039b7996703481d60f48d520b9deb4d5a7da420633a0f0b92,6
480-10 Transfer,480-10,transfer,22fe00249b9f6f88f56fe27494741e61cb4706cd2f66df8e5e260684a776dbdb,5
480-10 Variable-RateForwardContracts,480-10,variable-rate-forward-contracts,a1cff76d21a814f35b980a1b75d01444f6c8709496cf2b9898c3ff706307becf,1
505-10 Participationrights,505-10,participation-rights,d9abacd285beeb73363c2606b098962b25bff59794ddeb7e3e6bf1e714c196c5,1
505-20 StockDividend,505-20,stock-dividend,f57f2b18a646cc4e6d3133d4c0cd1ac67a7c7779d66a80839d9726fad22db36c,7
505-20 StockSplit,505-20,stock-split,a4c48b395ec9d21fc9bc0b74f6677dd2d84383d05253f88020daba2e7f6404bd,4
505-60 ReverseSpinoff,505-60,reverse-spinoff,80bc7d95684f48564ef2458faa1efa73b54516ace9a786a0e12c76200a4de0b5,3
505-60 Spinoff,505-60,spinoff,fac24a5f12dff2d96b8ee328f7ee91dd3ec7fb1aa7ba70b117ff7d54cf5c322c,3
605-20 ExtendedWarranty,605-20,extended-warranty,41bfc76aeabbadb4c6334767e3e79e60b7683cebe0aefe0487cd442ecbbda87a,3
605-20 ProductMaintenanceContract,605-20,product-maintenance-contracts,52d33c9c94204955e46f068b76f510871e3353dceb688451724ea3cbc03fef86,3
605-20 SeparatelyPricedContract,605-20,separately-priced-contracts,71f8f53e1f8ba65ddc9bf28bdb9cdd60d1dfb62146a0e5c439b741bc8d30ba2c,1
605-35 Contractor,605-35,contractor,3b344a4b6b96db89fe886b62477fef7912845999a8c8abad2df16589298dbf01,1
605-35 Cost-TypeContracts,605-35,cost-type-contracts,ffcb981def3eac7415d79ceb8394324e2896e8ab4749d2ea384f2809463047ae,3
605-35 Fixed-PriceContracts,605-35,fixed-price-contracts,a2db68ff3169ad7c31c233d6b7c26a38e84b15f5c6b717901171bf0fe2114e0b,2
605-35 Lump-SumContract,605-35,lump-sum-contract,4338533c42dd5cdcdfcc244ac0fccd02cba06cddddf9089ae93244bd8ed23fea,2
605-35 Time-and-MaterialContracts,605-35,time-and-material-contracts,2d33fbadf99ad93d51fa7de36384d56612bedbe7c9fbf44a1ad17fdfc4f4b4f5,3
605-35 Unit-PriceContracts,605-35,unit-price-contracts,1b5d37d7efaa511b3dcdf761dfad2f58edca2be71ac61dca063a3e634bd3f991,3
605-50 Cashconsideration,605-50,cash-consideration,c4bbf09663fa3bf90d69efb480eb960bb138c2feced6f50eb995f0010229f606,3
605-50 Reseller,605-50,reseller,4310ee4df031bbc5f89d2e222dea0990e3371bf2e685ae5434e8e6509b3cfbde,4
605-50 Vendor,605-50,vendor,3e672007529eb144c3248becc1441256e4a5b421fe0aef2e5f350f6523e22d7c,5
710-10 CompensatedAbsences,710-10,compensated-absences,2c90ed8c24ec2b05d79f7396dd17d1ec556dd4d765cf01dd83343788d7b6c5f3,2
710-10 RabbiTrusts,710-10,rabbi-trusts,4dfd23d33f36747ed7d413364d0d60c50d666da545a6ef255318f0e7fef66dff,3
710-10 SabbaticalLeave,710-10,sabbatical-leave,588d2507ad5256a67979a18a8b7d2316266a2dd643c4aa0492f7498a255470de,2
712-10 InactiveEmployees,712-10,inactive-employees,f58d22d22a29af25f8217a65d217fc0fa5af7d5be9221cc2cc03c4887bb52438,3
712-10 NonretirementPostemploymentBenefits,712-10,nonretirement-postemployment-benefits,b4e5fb02d1c0eac65cbee7487b874632a70b58434afb9cdebf7335f3e69f63a9,4
712-10 OtherPostemploymentBenefits,712-10,other-postemployment-benefits,c7a6cb09ca744a72fdb08d8402dca2708ce9bc723448429d39417b91d2c97954,5
712-10 SpecialTerminationBenefits,712-10,special-termination-benefits,76d02d4c28414b54416a64e3db550e6d9b89a8961a87562f2231eb4f82131a0e,2
715-10 EquitySecurity,715-10,equity-security,c72c7538d7755a2694296e6ecae83fd777da27d34cfed1b30cc17338bfee0ae5,2
715-10 NonpublicEntity,715-10,nonpublic-entity,cb7b3a2d2ef558ec4f2e42a63a8a7a2ecad8fa1b0e7cf058e70d9ff7a2bdcd9c,2
715-30 AccumulatedBenefitObligation,715-30,accumulated-benefit-obligation,2a66ba93541712b8f6412edfa4eb57584bc4e94f9c615b7d8b056f1868df7e2e,3
715-30 ActualReturnonPlanAssetsComponent_ofnetperiodicpensioncost_,715-30,actual-return-on-plan-assets-component-of-net-periodic-pension-cost-,2e4a28b2f0a5453e3d665b4e613c7dbe298ce5b379a8de1c5a46a57f8c91fb4d,3
715-30 ActuarialPresentValue,715-30,actuarial-present-value,1d3d291def50d020a81e91e270598d22a5e0ae1ae5624fd46f0a970f73dfd9e6,9
715-30 AnnuityContract_01,715-30,annuity-contract,ffd8db03711084b4f6d4330110707c000f32b730e5128539877df920e4bf928b,4
715-30 Benefit-Years-of-serviceApproach,715-30,benefit-years-of-service-approach,fd4cd318f3733b17983454a58c683973a897320e96871a08aa5b91f0bd3ac738,1
715-30 BenefitFormula,715-30,benefit-formula,2abe507ac5e8925bbc6e867511065d631f5e6815f9f673edef24d8a0f2f767ca,2
715-30 CaptiveInsurer,715-30,captive-insurer,98f6f3e8a815f2126ac16b7a08c051eeac94d97b513433c02a93a331a5b629b9,1
715-30 Career-average-payFormula,715-30,career-average-pay-formula,0c3baaf28c6ad47f59fe9c7d0837c52bb02a95002166688424fba197a1c924f0,1
715-30 Curtailment_01,715-30,curtailment,f479b1d2a570e22423c17446a3eb9e25532da8e2f996b3c531a3be98397d63b9,2
715-30 DiscountRate,715-30,discount-rate,6c17b9ca033748711a6c30738b39cba6080f5b7f20cb781c79412c3b71fdde6f,6
715-30 ExplicitApproachtoAssumptions,715-30,explicit-approach-to-assumptions,83c972bcf36690a7885eebead696e35034db1e180a4ebe7182f93fa8577d328b,3
715-30 Final-payFormula,715-30,final-pay-formula,174ee5f66f41279c8ede638d61ac25fccf31877f424153d09545499c04e15b25,1
715-30 Flat-benefitFormula,715-30,flat-benefit-formula,78ac9732d1a9b0ce7bdcce48ade69c89891a2f1760aafe8ea4e01bc039200ff7,2
715-30 Fund,715-30,fund,45230c8b369074e37174f9ce22992d1de75f8e889b487c0f58c02be0dd5b2da6,1
715-30 GainorLossComponent_ofnetperiodicpensioncost_,715-30,gain-or-loss-component-of-net-periodic-pension-cost-,abc5b6e943f7fd9dcc2c4f8cc5a8e357c191b4035f21224a5d43b472136bbf91,2
715-30 InterestCostComponent_ofnetperiodicpensioncost_,715-30,interest-cost-component-of-net-periodic-pension-cost-,018c7474a3f1e4ef208170253f1172998932b42653c675944bb1b87e75f60d9c,1
715-30 Loss,715-30,loss,08ac6f1ffc8562e3b748250798feb3f7dc79de244b6912118e5d091404e2d393,5
715-30 Market-relatedValueofPlanAssets,715-30,market-related-value-of-plan-assets,30b98c9a3796780fc9eb0270a27eb33246421361707f6d141fc4c720f28b6603,6
715-30 MortalityRate,715-30,mortality-rate,0deeb50f0cbb88334efb49c56568c5926ce31a9ce97fba9c3dbbc13286c4fe16,1
715-30 NetPeriodicPensionCost,715-30,net-periodic-pension-cost,90bb3189e886a54ad6e3420f1f231a4330cf8743ede62788700746f9fdb82be6,12
715-30 NonparticipatingAnnuityContract,715-30,nonparticipating-annuity-contract,cf0aabf55b3037446aa9981e330924f4710dc52fe53f4eb9337ccddb79107ba0,1
715-30 Participant,715-30,participant,0009567cba4751dc6c08beeb3dda9d61b99e9d68f45786e052e7ca25d45b2575,4
715-30 ParticipatingAnnuityContract_01,715-30,participating-annuity-contract,6d5f555428c5e500110e01f5ddf984f5a628eef9b705125f8b9f9411d3fe1655,4
715-30 PensionBenefitFormula,715-30,pension-benefit-formula,5ad6bd4ac595fe51704cc0d18b3e3631d2cd07ed55838ea3a2c8b4bcdaeee22b,1
715-30 PensionBenefits,715-30,pension-benefits,d08cd7b4bf8573c36cc77a9a89576a1ef36887a06005d67129f88bb7696e56c7,18
715-30 PlanAssets,715-30,plan-assets,e68f05fff22cc89ea6648c49e93d412e5b62197b3f024581d8ee028479823512,14
715-30 PlanCurtailment_02,715-30,plan-curtailment,88a6cc7cf0924d1fd6b431f78490306c89637cc16d5cf4e4d9fedf6410097e3b,8
715-30 PlanSuspension,715-30,plan-suspension,e9a1acadf8e746d2ee19e05160c31a0b51acca977101bee5095b1a9d003805dd,2
715-30 Plan_sBenefitFormula,715-30,plan-s-benefit-formula,2abe507ac5e8925bbc6e867511065d631f5e6815f9f673edef24d8a0f2f767ca,2
715-30 PriorServiceCost,715-30,prior-service-cost,a6e316b9dae97fac3cff652ce85979c0b54e7a6524039b7546cd5b5269b537a0,12
715-30 ProjectedBenefitObligation,715-30,projected-benefit-obligation,2997ff9740143e837b9d7844bc3916b9ca9cd9e6326858208352d96bf3d51ccc,5
715-30 Service,715-30,service,1193c20f24c5d79b8f5dd281b6dec595749ee3be1ded1d1be6bd7429f45a5e54,19
715-30 ServiceCostComponent_ofnetperiodicpensioncost_,715-30,service-cost-component-of-net-periodic-pension-cost-,70a97edcf0f8b7d0024557b2ac9d80a7d1c1bb120225e760e7815b58fd220cd6,2
715-30 Sponsor,715-30,sponsor,4d05f7678d69f05a50afd4ad26131663dc92c4cd2a7c23deb175f0276ee79c96,13
715-30 TerminationIndemnities,715-30,termination-indemnities,1b94c3b6c593257ad4b029ae8b92584e89a94b9f67a64fa25f90369855abde66,2
715-30 Turnover,715-30,turnover,7b870cf0503017153ac90fb429eda08eff19a26f385eadac588cc37028bd7ec6,2
715-30 UnallocatedContract,715-30,unallocated-contract,0536f3bdff23248b9620de250bff307be386c16aeb4ae3dced548f155e8e6e44,2
715-30 UnfundedProjectedBenefitObligation,715-30,unfunded-projected-benefit-obligation,261aacddfaca84c9f92a4285606fc4de271656177bde3df6d136141604334964,1
715-30 VestedBenefitObligation,715-30,vested-benefit-obligation,701e1f4e5fc6ae375dbc1efb58b812368d6436ddd030003f26ae1c6300a959ba,3
715-30 VestedBenefits,715-30,vested-benefits,c4aee3ba6fa4b7051a63360e67c8e05047a4af437c6ebfacf1e0ee33667ef7a8,11
715-50 MulitemployerPlan,715-50,multiemployer-plan,084e7e891ead97086c5f383140fd79976fc53ab9d014d62239e37d1b91528beb,5
715-60 AccumulatedPostretirementBenefitObligation,715-60,accumulated-postretirement-benefit-obligation,269a05645812a8d14141da3c2ce001b622049389e632edce646391eb4ed1505a,8
715-60 ActivePlanParticipant,715-60,active-plan-participant,70879c5f4640b430b44f320fdb68506edbe5e23e90041f60b92f981bdd0f0e1e,3
715-60 ActualReturnonPlanAssets_componentofnetperiodicpostretirementbenefitcost_,715-60,actual-return-on-plan-assets-component-of-net-periodic-postretirement-benefit-cost-,994ce0681e952a439e276d4410bd846595ec4ddbf3a083bb411a84dfe44ee2c0,1
715-60 Amortization,715-60,amortization,942f9668c352054a00518e40d2b1403d98623b96d5bd8930b8463107d28de948,11
715-60 AssumedperCapitaClaimsCost_byAge_,715-60,assumed-per-capita-claims-cost-by-age-,76749f582f2c36194658f007f22bc84485b1283ca600ff834fb32b5e68cc4f5d,1
715-60 Assumptions,715-60,assumptions,2eb630be88b0110e66d373a6670e12d236e43cbd06660130ab395d257b90ac46,5
715-60 Attribution,715-60,attribution,b1c296225c1720874cc3fc9ae25172c721b58c53e8491c928c6d22646708cde8,8
715-60 AttributionPeriod,715-60,attribution-period,d239089ee29c09ca3bbcc82a65abe8db48b58cedda26244d6956c8f8171339a6,2
715-60 BenefitFormula,715-60,benefit-formula,184fcf773a46b653653c8922135aacef6d5c45041eeb3bb50cd3685e16ad5204,3
715-60 Benefits,715-60,benefits,62a29995873f30c03d3702b6700179a366bd526910805b7862b2727e55e248c0,93
715-60 CaptiveInsurer,715-60,captive-insurer,98f6f3e8a815f2126ac16b7a08c051eeac94d97b513433c02a93a331a5b629b9,1
715-60 CollateralSplit-dollarLifeInsurance,715-60,collateral-split-dollar-life-insurance,1d5565c6857a54c47415dabee231d7c887947f30f24365ecc1671c6cb11d430a,2
715-60 ContributoryPlan,715-60,contributory-plan,6ad75a8f89e59a484e4ab2022028c3f11ca642bff776f5715aad9810122d7573,5
715-60 Cost-Sharing_provisionsoftheplan_,715-60,cost-sharing-provisions-of-the-plan-,6f4ea6dbeb4dd350b0f916261446f44db9a9a6f84bab49747f0fb9750e09a07f,1
715-60 CreditedServicePeriod,715-60,credited-service-period,5e634b2b6ea0bb713c04a7946fea61e07d7be45b217a6904800b280faf25c138,3
715-60 Curtailment_ofapostretirementbenefitplan_,715-60,curtailment-of-a-postretirement-benefit-plan-,2200626ac6e9e4dfef5d7c04eedf611b8711bebf926eedec747d6d16b4731e94,3
715-60 DependencyStatus,715-60,dependency-status,f68d89c7685bd5a338d2db68c4ec3a9dabd776e9ed97818111cfe0efca4c3b47,1
715-60 EndorsementSplit-dollarLifeInsurance,715-60,endorsement-split-dollar-life-insurance,e649c4df672046eef7d57636e1ceccd7c5726395f186fea441aeac537705ace2,4
715-60 ExpectedLong-termRateofReturnonPlanAssets,715-60,expected-long-term-rate-of-return-on-plan-assets,b2e7ae658c0778b18245b65e254cb10c39ab0a3ed25d8c36bff4a4c08a4cb3a0,4
715-60 ExpectedPostretirementBenefitObligation,715-60,expected-postretirement-benefit-obligation,76b491f8b14297ab8a4cf7e67e6d4096f88dbae9e1eee8194028c1e3a524dbcd,3
715-60 ExpectedReturnonPlanAssets,715-60,expected-return-on-plan-assets,088b02643a1a81e4e45b541feb1fc148288eda8ae53af255bf580514fee08152,6
715-60 FullEligibilityDate,715-60,full-eligibility-date,07b1dcbcd243c8497affa251626e0449ab156a5e7427e9fa8a58a102b2a3bf2d,6
715-60 FullEligibilityPlanParticipants,715-60,fully-eligible-plan-participants,933b8e0d789843b7f9e09a034ae3b68e5b0171942314bd81ac3e61e7c57fb1f0,1
715-60 FullEligibility_forbenefits_,715-60,full-eligibility-for-benefits-,039334def8b313f98924ffbcb88fc91e73120e6e70d14fe697cdfc1e478998a5,1
715-60 FundingPolicy,715-60,funding-policy,a234a03186954612c6ad87c24c0ec1197d422ea504f611abc70acf17852d4452,7
715-60 GainorLoss,715-60,gain-or-loss,433b7c9b1aa4c46fd703b40be0ee4f8ef2feb40c8f80da6e77157b4e73df1018,13
715-60 GainorLossComponent_ofnetperiodicpostretirementbenefitcost_,715-60,gain-or-loss-component-of-net-periodic-postretirement-benefit-cost-,662ac0ef637852d52f3f65c74fb71d69fc212d3b1783a19468a119c5541e3f20,1
715-60 GrossEligibleCharges,715-60,gross-eligible-charges,6800c39472436ec7a29f0bb642f5f23a3ac486654f52cd3010e8f4ebd76fa1c1,1
715-60 HealthCareCostTrendRate,715-60,health-care-cost-trend-rate,331ddb2006d042a3f7756dddf175b4fc677830406059b5189b319a778178ae11,3
715-60 IncurredClaimsCost_byAge_,715-60,incurred-claims-cost-by-age-,73ba8cda7c5e4abc60ae708d71ac06f4a42b5b6729ac410b2db864dbe07fc172,1
715-60 InsuranceContract,715-60,insurance-contract,9fc86158720de2ab6944cf215bdb22aaff812883bec04ea799f3cb94feb4c07b,3
715-60 InterestCost_componentofnetperiodicpostretirementbenefitcost_,715-60,interest-cost-component-of-net-periodic-postretirement-benefit-cost-,42157ef5c27eb0f650a6d34e6afd14882ce04a6da20cee535cb5cbc4b8ab622b,1
715-60 MedicareReimbursementRates,715-60,medicare-reimbursement-rates,044fb0d0c105e115a979dbbfbb8493c7a49085a5e4840042383ae6f5ad5944d9,2
715-60 Multiple-employerPlan,715-60,multiple-employer-plan,777ac581ae315b18a64bf0e86539d22acef5147bec989c7dc10c88bdccbfa925,5
715-60 NetIncurredClaimsCost_byage_,715-60,net-incurred-claims-cost-by-age-,ab9c6b8fa46cf878e6ee4098e460c21b5e7273f326f4a3f1c96347e67c959f6d,1
715-60 NetPeriodicPostretirementBenefitCost,715-60,net-periodic-postretirement-benefit-cost,a96162f47c3aaf21ca5a8ce86a36c3ffde709eaab5a6fa7d30fa13a028da3cb8,10
715-60 NonparticipatingInsuranceContract,715-60,nonparticipating-insurance-contract,b31f4113ff9f9c0d7b414b62e64e31504ec4df769056033ba4f85f14ce9e7681,1
715-60 ParticipationRight,715-60,participation-right,ad5f0b1746a2b5fe001c0d679d20855da8181d9867c54e8593176d0618357cf0,9
715-60 Pay-relatedPlan,715-60,pay-related-plan,49a84596b0d6b26655c5be06df02d0d7bbc14f5fc87c8178550fb1a2e8936f46,1
715-60 PerCapitaClaimsCost_byAge_,715-60,per-capita-claims-cost-by-age-,b6733d74f950d4024e34dcf365d4e694f5292b51eb488f8f91e5720e6e13af9d,1
715-60 Plan,715-60,plan,2674cd6fc038b711d46d5b971a7ea9740daa5785f3e9cda5d8d655cae6c795b6,11
715-60 PlanAmendment,715-60,plan-amendment,ddf50451d4bfd8fd5860e0b445519a871b87d283a09ced6b91c21d6f6bd18078,12
715-60 PlanAssets,715-60,plan-assets,b1792e77fbccee83526665c9c1bf9e47c1e17dc04c8a6687507938af9b1235e3,27
715-60 PlanDemographics,715-60,plan-demographics,24811cd561f46f82211bbd9510eae2933651e34755dbdc094893c815f4b1a847,1
715-60 PlanParticipant,715-60,plan-participant,37a391b5899c4b207f607cb29a4e18f1b65113094948e5809fcc5b5e7a7264ee,3
715-60 PlanTermination_02,715-60,plan-termination,ac41b1c93f23a4a8eb7ea4b9cbc8c6d4e949088b23ab888eb39a4cd8a2902612,7
715-60 PostretirementBenefitPlan,715-60,postretirement-benefit-plan,9a7b807b7187301ebcf2311973a6e4e1926af3ddb0f38e2a46f27ae0321e0b7a,6
715-60 PostretirementBenefits,715-60,postretirement-benefits,42e15e63fdf7fc679115bd375865fbe2f2ff4155c650c5e89476d3cb603f50a4,10
715-60 PostretirementBenefitsOtherthanPensions,715-60,postretirement-benefits-other-than-pensions,bfe5882113021c72faf7b0eee92280908c73cffbd3e1cbc7efe67ff6c5967eac,3
715-60 PostretirementHealthCareBenefits,715-60,postretirement-health-care-benefits,0aca58747a2512293d68a5cdeecac9a63b93825c75d6afe75e70bb87ea887437,5
715-60 Retirees,715-60,retirees,058f7c66b9c411a956751b0268d9dbfd733ba6e9ba59bb58046953ba89026e49,6
715-60 ServiceCost_componentofnetperiodicpostretirementbenefitcost_,715-60,service-cost-component-of-net-periodic-postretirement-benefit-cost-,353e50823b1880c016fb5ee8725198588e71bfef1a7796f5c0ecfb4ac80bd725,2
715-60 Single-employerPlan,715-60,single-employer-plan,1e764f5e9943a24595b34cecf27858c6d32b08b9e9d9f2f89e58c7c365f6da8e,8
715-60 SubstantivePlan,715-60,substantive-plan,b7b171db790d43859ba2a8600577cc37346f405b9c666cceb6fd5f33c43db9e3,2
715-60 TerminationBenefits,715-60,termination-benefits,55997514ac4633e46eb4e5a8459e74e536eb326fd4071689193bf02ce7bd6dca,12
715-60 TransitionAsset,715-60,transition-asset,a3fb1d74d02dedaeb04ae493a8d12304bcead15530bd593e461592a0eb30a996,3
715-60 TransitionObligation,715-60,transition-obligation,87745a24d59c41362db5372172768a69bf714d71f22eea42924d38d121a81567,4
715-60 UnfundedAccumulatedPostretirementBenefitObligation,715-60,unfunded-accumulated-postretirement-benefit-obligation,22a4626e15aaac1d52a78717287278173907dc258c22a37e07216a718a829a2d,1
718-10 Award,718-10,award,b3832acb1ccdedefdc452f5f9af894dff4a815fe0e6b1e23183dc45b99986480,29
718-10 BlackoutPeriod,718-10,blackout-period,b9e32966d91f5d36c1e5141570f11b53d9cbd45b6c1cd7ef567f8bd6fc167192,1
718-10 Broker-AssistedCashlessExercise,718-10,broker-assisted-cashless-exercise,3e95d1e3d4e5a5a4cb7dae5936938c7212e47af178d434bb82fb76eb8e1123ee,2
718-10 CalculatedValue,718-10,calculated-value,e5c6acd64e951798790843c95d76ce75265f03e7886fbefbb264b8e24f4bc2b4,7
718-10 Closed-FormModel,718-10,closed-form-model,64cde877df48809e53704c3392c5f31d57dd62bd3aa39856b6a48732df17974f,1
718-10 CombinationAward,718-10,combination-award,a5870f64b19cf71bf56d25dc3b7937805c7bd97de375e39b94620dec0cf38a34,1
718-10 Cross-Volatility,718-10,cross-volatility,62bdefb327cb1d694ca5cd800f27e4e61dfaf905709930206bd67b080ef250b8,1
718-10 DerivedServicePeriod,718-10,derived-service-period,429308f4021a15412afbf2257548978f7cd5ce8966b6a67f2d2676cc9eb72331,4
718-10 EconomicInterestInAnEntity,718-10,economic-interest-in-an-entity,52e6ba36dbc5f3b7875bed46ab96d71cbe8801bbe8e699e09898acf9b63bf7ec,1
718-10 Employee,718-10,employee,9382d3dd03726fb8c53026bf3c1399c556f9e1cc5f78947982c27a484d3bd022,29
718-10 EquityRestructuring,718-10,equity-restructuring,0e03f53c9a36b2b31217e33e4a27f6f3e9fd85560e80107e13eef25ac256522a,7
718-10 ExplicitServicePeriod,718-10,explicit-service-period,954d9f9bff9d2ae1d844dc2df87fa7d4f0f4b88037d8ddddc44527a7067d0cba,4
718-10 FairValue,718-10,fair-value,a5774b067ec524a79139e9e6dea630cd7652fa90fb489cc6d7b1ad0e017d8526,16
718-10 GrantDate,718-10,grant-date,63be9b88e2330ecd2872d00d4603c4e04b7eac735f183c7dc3815e7213048fb3,28
718-10 ImplicitServicePeriod,718-10,implicit-service-period,97be53df03e85d90e8e50f9e0a8710e7ea4dcb60fc93b502da569aa05e1fe3de,4
718-10 IntrinsicValue,718-10,intrinsic-value,0f81c914ef37392308c2f3537d0fba4ccbcbadffcc110cd8132672fad79fbb2f,13
718-10 LatticeModel,718-10,lattice-model,74dca179001f3d658b19650ed6860903501199f19a662f60eae61f22672acd1f,2
718-10 MarketCondition,718-10,market-condition,774dee3fa748395c6c4aa893e96727a47057cbb74b3ff54c4bb30fa8afb1bc7a,10
718-10 MeasurementDate,718-10,measurement-date,a87a25faf1238d15ff4ab5d5bd4420b64daa1a881de8495e263f50cf75ce0132,3
718-10 Modification,718-10,modification,b22466e35882be760cf163c4a8a692dc8d2420e03674d5716bba139173b6dc0c,14
718-10 NonpublicEntity,718-10,nonpublic-entity,3e8e2a13ad4b51a488ec626300bdd4e29f817d93f6434f9f001f42be471aa528,9
718-10 NonvestedShares,718-10,nonvested-shares,ca8592dc5d51f14bd8697c31b8e72395fde4b9db87eeea27bb7949bf6d37ef85,7
718-10 PerformanceCondition,718-10,performance-condition,0c7e0c0a4f8b0698e2039efe695f3946a8c3a2ec9459ed34a8e9e2547db1d62a,18
718-10 PublicEntity,718-10,public-entity,35bef94b62a261f0de2e2d1d01dd825a0972f3af85ff1c7d606364647dc8cb96,5
718-10 ReloadFeatureAndReloadOption,718-10,reload-feature-and-reload-option,b3b1ff4aec9c837cefa067f9e4908163d601a2497bb802748f9ddb545d603ac1,3
718-10 ReplacementAward,718-10,replacement-award,a7439bba63645ead0be38eef04de4442bb215fad4a27a9c646196458b2612ca3,1
718-10 RequisiteServicePeriod,718-10,requisite-service-period,edb038f166c72611b6028aa33a280fecb922451d707d97c94a661cc59e07a7a8,6
718-10 RestrictedShare,718-10,restricted-share,c781da0c236d8113317e6bacfad07e4abc6853f28bccbec67ffeaefaad49b662,4
718-10 Restriction,718-10,restriction,3c5f721624345a2eb415edb3d61de62ef8108181d3af22a55a06c6c8656640e2,3
718-10 ServiceCondition,718-10,service-condition,2fc071ac6dc2903c9ee2af76ea4cdee0543f6108c47fbbc447a5726560226eb0,13
718-10 ServiceInceptionDate,718-10,service-inception-date,b575cfdd9c19cd969b3db969b4165f6b0e654cc27427b0913b82e87eb0e343de,9
718-10 SettlementofanAward,718-10,settlement-of-an-award,89c0addb7136e46c32a73400826dc798ec01eaaf515694a4bc219bf958545146,13
718-10 Share-BasedPaymentArrangements,718-10,share-based-payment-arrangements,7acf9915f659ad2e07f0c1e79b520e0bb44f34108f2fb0f3a1363aa1d00930a6,22
718-10 Share-BasedPaymentTransactions,718-10,share-based-payment-transactions,435165fc7b9c6ed8872bfada97d7d04efa898a6cd4a10794b191e2e888cb196a,13
718-10 ShareOption,718-10,share-option,53faebfbccebff244beb62a24ac01287093341ecf07a12cb0cd27af925077501,13
718-10 ShareUnit,718-10,share-unit,646d20d14fc18f7319e38175fcfe2bc19455624f34dc3ff6a421c19290baf91c,4
718-10 Short-TermInducement,718-10,short-term-inducement,3188391f77c9973ca127b2bbdfcc7945a4a0894ad84841aaa23e8dec08b7bf7b,1
718-10 TandemAward,718-10,tandem-award,939fadaa34bf65506cec9f105eb8e7b85484332143cabbfb14a838d727d527a1,2
718-10 TermsofaShare-BasedPaymentAward,718-10,terms-of-a-share-based-payment-award,f7a4864e4b2b2d3572a909ce198c1319df9af606357be9ce7f4d61f8e1734923,3
718-10 TimeValue,718-10,time-value,12e9e3e1179f4243ef48c0020f1ce69e9623c28b646e37a1adcf2770eaaf819a,5
718-10 Vest,718-10,vest,e2f238b259b789967161e1414a423120492bdb31f61eb7ef6a6dbc8f006ace19,10
718-10 Volatility,718-10,volatility,3862814794f8479cfbfc4c3dbaa4c1adae1382dc0cb5b5c98f4e5922fd62174d,6
718-40 AllocatedShares,718-40,allocated-shares,c69a2c5eefe6214368b124d5473740129967e2131a04be37273abf097b935840,4
718-40 Committed-To-BeReleasedShares,718-40,committed-to-be-released-shares,da0d6c4671816e4ca1c44048b6828c3f12a1431b2f9f719398b33016b17b183e,5
718-40 DirectLoan,718-40,direct-loan,b9be2b69c336deda969666624d0ac5f7574cac8a686e6769fa342db263e688cf,2
718-40 EmployeeStockOwnershipPlan,718-40,employee-stock-ownership-plan,35baf9e4b6dc133b8bd57e776947e1552cdb43f112f6d17dd30dac556c2d8b1f,27
718-40 EmployerLoan,718-40,employer-loan,a5970e11950feac4483e2316c2a5d1934f59b4484101f17524dc791ed30909c6,2
718-40 IndirectLoan,718-40,indirect-loan,efbf56adf704cb1a4fc9aae36399ec0cdbf1d584a4bda2cd7e8265d9878fdd1f,3
718-40 SuspenseShares,718-40,suspense-shares,d47c40eb58583159a7061f0218d51a6d65e20a8542c81fbc1be955a9129bacf6,5
718-40 Top-UpShares,718-40,top-up-shares,4cf86fe03e150815358dcf65235b616b3089f92ae51f883e7654984a02e16edc,1
720-15 Start-upActivities,720-15,start-up-activities,4096c30cbdee8815ae7f4d1f9907961089600490a41a28c34a988e753932e3ff,4
720-20 IncurredButNotReported_IBNR_,720-20,incurred-but-not-reported,9ce02260e288fd2901221707ab6f241b256ac47eefbfc38cb71dab5e5fd350b7,7
720-25 Contributions,720-25,contribution,7bf0c5af0ed1688ac2c66cae42533b8fb786645736fc733b85cce17cff42e4bd,156
720-25 PromisestoGive,720-25,promise-to-give,0ea2be088421e3344149cf47383c23a86dce6e0cc5613cf84e042b886efe4de6,39
720-25 UnconditionalPromisestoGive,720-25,unconditional-promise-to-give,88080667704f5461c35d0669e282e010b0ce96b9b98e0a88328e16648239cc56,30
730-10 ResearchandDevelopment,730-10,research-and-development,6cfbcaf94db2827a58cbe3f3fde5d4d16ed2201cd9675c89725dfe39a6b38b4c,11
740-10 AlternativeMinimumTax_AMT_,740-10,alternative-minimum-tax,7cecf7274ae30054be4ced713e879e3a74bcb5cc94889b8316742e3b3ab88305,3
740-10 Carrybacks,740-10,carrybacks,354a80e58c581462f7fa0d5f570ec96ec0f5d5199957a7eb1e33a64f458f0096,2
740-10 Carryforwards,740-10,carryforwards,886c3ccd6a699b3af5e274c0505f8c5ae4d435169845a07d8b59376be5c4fa6d,16
740-10 CurrentTaxExpense_orBenefit_,740-10,current-tax-expense-or-benefit-,229b407a9953d08889cafbc45e587483a23be036861cb8f86133bf62a1d46f65,3
740-10 DeductibleTemporaryDifference,740-10,deductible-temporary-difference,ff1235d0871ebb915524584df047c368201c0d707b9188c10a0ebb70360c4c25,10
740-10 DeferredTaxAsset,740-10,deferred-tax-asset,c1b703048b53f1b96b980186e996f7b3dc6c94ca27d763bdce8b1dda69de3ed4,24
740-10 DeferredTaxConsequences,740-10,deferred-tax-consequences,c3f93890f8203d379ec152a2140ba1c29c22331b872bf1d4c5cf63443070941c,3
740-10 DeferredTaxExpense_orBenefit_,740-10,deferred-tax-expense-or-benefit-,417ebd3dec828e4bcde460ceb639d8fa3ecb82a110029e27826a87152ec197ea,11
740-10 DeferredTaxLiability,740-10,deferred-tax-liability,38a0e52dfcdc14aeab0cdaf5d0c874e6978e41ee5fed5bf60cb41b35d165454b,20
740-10 Event,740-10,event,652d9802529e8d71a121dcb1738474a4cedb619ed8bc6866d3e5316f04789866,8
740-10 GainsandLossesIncludedinComprehensiveIncomebutExcludedfromNetIncome,740-10,gains-and-losses-included-in-comprehensive-income-but-excluded-from-net-income,368e5e628b40f034332baea72630fbd0834e45f9ba59a78de1124170f4e21b95,2
740-10 IncomeTaxExpense_orBenefit_,740-10,income-tax-expense-or-benefit-,6fd0fc66dc272f02b7ab09526c13afd1607cb0f7332f18a13c54dd08675fe342,9
740-10 IncomeTaxes,740-10,income-taxes,01f4f81e58f4f190a2ff2adb6daa8ba6dbd0b8e50dd48c8460a1d8c1b07cc030,36
740-10 IncomeTaxesCurrentlyPayable_Refundable_,740-10,income-taxes-currently-payable-refundable-,6bc4adb57f6699f070cc4ad3e25933aa7c12a110ce70dd22db60096e217cab34,4
740-10 NonpublicEntity,740-10,nonpublic-entity,befa54fe3c76082ad1548370395f58568a086460848a24f8fe8af7c3622e99e9,2
740-10 PublicEntity,740-10,public-entity,4246656f07c2a4acec8a95b1b66be3ed82adfa6ccdee31f7a788a3897a9e9b95,1
740-10 Tax-PlanningStrategy,740-10,tax-planning-strategy,1058207a5ebd1d4b27ad964be399a5681329ec30fe30eb884001342b4460aa9b,2
740-10 TaxConsequences,740-10,tax-consequences,8089b9a3e74ffce01d670ae383fc70f909d7e989b3249448feea40da4fda7de9,8
740-10 TaxPosition,740-10,tax-position,852fb3d4336c982c07b7532bcd20f842b817cdfebde79c2ea4fbc234d454997b,12
740-10 TaxableIncome,740-10,taxable-income,a2117caf92468109dbd583c5be39e4fe412e76f3a9d7111e3e174589a803f838,13
740-10 TaxableTemporaryDifference,740-10,taxable-temporary-difference,489f66c1d5c4391b15e0e5aa246627de8d057bb5b1b3c3959ec40594a4aba086,6
740-10 TemporaryDifference,740-10,temporary-difference,ded25ce330f4a4ce456643747eae5bd25b4471d163db2a91aadfdddc0f09a67d,24
740-10 TentativeMinimumTax_TMT_,740-10,tentative-minimum-tax,edd0f41f6a2ca54b5d89b7b247fb25c39a46bdd4de02feec5b61b8b66f0ee0bd,2
740-10 UnrecognizedTaxBenefit,740-10,unrecognized-tax-benefit,ac54cd57eb451d2aee7138894f2e244daf0dcc5d8ac784e16f9f0d5a061bc49b,5
740-10 ValuationAllowance,740-10,valuation-allowance,2d0346998130bdfc84f2e0d7495bb236e774b6ff085f1f4aa11812fb538e0118,21
740-270 Benefit,740-270,benefit,7cba46e988c960b96f25d5ad2d518b4ae250afd3074a71858c8dcbde515e6d35,7
740-270 OrdinaryIncome_orLoss_,740-270,ordinary-income-or-loss-,5664a08e452c6482d0196b56956f05417f60156d386e4087c2aae56813deb4b2,6
740-270 Tax_orBenefit_,740-270,tax-or-benefit-,89d56d5816bd06850e841d9ace1cbaf383d415af2c6497fe67da6d801dadf035,5
805-10 Acquiree,805-10,acquiree,062b204b89ba151ddad674c0ddd06794f50eecaf8da2cfb3b479126ab473e534,54
805-10 Acquirer,805-10,acquirer,dc0658cef3b37fe2cf3410f98162ba606eac893b8ade49b1f882b6f10c459b7a,82
805-10 AcquisitionDate,805-10,acquisition-date,06dbf385437e1171a2e27b1cd786283b29a182c69f39797f6fe2dd98713c7cdb,45
805-10 Business,805-10,business,b05cf44843ec79ca59db2c42f79e6cf8177b861b70cd9ecc81be95b14b8ece28,90
805-10 BusinessCombination,805-10,business-combination,a5d0a0257679206ba7b202442e550ca0df881de9bfaff7eb48a068ed215da2af,76
805-10 ContingentConsideration,805-10,contingent-consideration,ec04c56815a203367a12d7b850356f902961be17026dadad6d07926b363bf957,15
805-10 Control,805-10,control,e0ea1487194ac21b4bd143eb05c1edecbbbe606d33c1dd7f4ebfc13b72efe7cc,13
805-10 EquityInterests,805-10,equity-interests,a6defe11d22e3422f791f5fc70454f4fd04a84957aecca5a03633f19f49df734,16
805-10 Goodwill,805-10,goodwill,3a077762baa0057ab6a82994d8cf8c3bdabdc8ef30b19be4040291ea9be0653a,74
805-10 Identifiable,805-10,identifiable,9488f9c6fe46bb627f3e2c704cc09186e64eb93e469c3e4804b5ef6ffa76e70f,20
805-10 ReverseAcquisition,805-10,reverse-acquisition,d5433a316d5518084ab5d00fa67c4c4ff2b6dcb85bd548c31fd8ea9427de7738,9
805-50 Dropdown,805-50,dropdown,d426996f29794bca8b2634e0b28891830ed081777d7cfff2af4e9a14e626d307,7
805-50 PushdownAccounting,805-50,pushdown-accounting,8d5b18ea7e2cceb97a3f20c69405feb03b15615660d5ef32881228293038e13d,10
805-50 Reorganization,805-50,reorganization,1c23d3d55834e303c6a6742cccd0db32695b35e9af103655f713314418ec9a8a,1
805-50 Rollout,805-50,rollout,e7459a9e03ed6693d374320c0b873cf624f369f5018f7dabae797b8b24decd12,1
805-50 Rollup,805-50,rollup,138e0ebe92326b09201a1da4783db55707d7da3f86e5a30b628576ea11575411,2
810-10 ExpectedLosses,810-10,expected-losses,48bac148e3c0f5d96f1debf528989707c37b5e08c0069ad15c75fdc79837d7c5,8
810-10 ExpectedLossesandExpectedResidualReturns,810-10,expected-losses-and-expected-residual-returns,8a22559d0826a7e7e8f7b5f82442779db19446999e4fa8b3cd0ce30c448e82db,3
810-10 ExpectedResidualReturns,810-10,expected-residual-returns,8e4eab680990fdbb48f9e644bcba7c5c9dfd94c2e3c8fb4b0a072cb48f79f0a3,6
810-10 ExpectedVariability,810-10,expected-variability,bf8daf46c21681445d769fc885879a3289d0bd7ce4db7abfca6901d2b42a0c93,4
810-10 NomineeShareholder,810-10,nominee-shareholder,c831766fe9cf27498f4182b41ff32d7d839507c88ae82aa1d0c9bbe711317411,3
810-10 PrimaryBeneficiary,810-10,primary-beneficiary,407c08089d5e3a47d5795f0aadd3e6de5a54824c54c4794ea92340c116e33a58,15
810-10 SubordinatedFinancialSupport,810-10,subordinated-financial-support,6c1608d502ace1564083a87cd4695fa4fab8bd8af721dc59f97c0cba808cd641,3
810-10 Subsidiary,810-10,subsidiary,1a074fc2ebc963e1abb3ec244128a40773e47eff1ab756d92a22940e1cb3a797,38
810-10 VariableInterestEntity,810-10,variable-interest-entity,d8ff16a174e46d8a37d99c5ad825d6b73fb62137faba803332f752f71dbb85c2,22
810-10 VariableInterests,810-10,variable-interests,68cc7cd1f17db7ea490fb9142c361343b44de0cfa1e1a671b95af1b01380bc62,5
810-20 OrdinaryCourseofBusiness,810-20,ordinary-course-of-business,4323c45329eb733c9dc0540e514fb7b4a0ebfa2363c80176d050060594f325e5,9
810-20 WithCause,810-20,with-cause,0d63135daeec251efe8e98010a071dd48db598bfd7a7673af9397b67e6a99f9d,4
810-20 WithoutCause,810-20,without-cause,89cf8880e5ee85afa473e83b88f11b4fa3600b47ef11179a308f3acec866085b,4
810-30 Sponsor,810-30,sponsor,f3873a1ee5d23e7f899a815f6dd5a56d96ca8d7fa8dc9c5e7ba16ea08221bd37,8
815-10 AsymmetricalDefaultProvision,815-10,asymmetrical-default-provision,4a99f4ab6e9a5dc919c81872a7bca7cf5577acd78859a7a221e8b6a30f5a8ad8,2
815-10 Bid-AskSpread,815-10,bid-ask-spread,8ca43cb881b13bb6c70ed9b6ea6ffab38ff48db9e1f3b25c942406ed02436611,1
815-10 CapacityContract,815-10,capacity-contract,660ce53ae29a9dd3bdd9211286548529484ca2c938f8757238f4b85ad18b2aea,2
815-10 CashlessExercise,815-10,cashless-exercise,7e8ed7b95ccdc29918c003d735254af8fdb0f16e299442641e199d383158e90a,1
815-10 DerivativeInstrument,815-10,derivative-instrument,997540f9e484e634b6bf77342f9f28e62ce2d64dabd5dec4b93509b878a8e894,45
815-10 EffectiveNotionalAmount,815-10,effective-notional-amount,ae26dc75d138cb320b797a86696ea946fc65f346accef7e21b9d6c611385c4b0,4
815-10 FaceAmount,815-10,face-amount,a702dcb619dc3b3924dbd9e47d2cbd30c60293f2d29256401c1b72ff222331d5,4
815-10 ForwardCommitmentDollarRoll,815-10,forward-commitment-dollar-roll,9d0776944e08f42a4eff14fdd34dd41582a2cecb3cef02c5a647dc2c1a171d4c,4
815-10 LoanCommitment,815-10,loan-commitment,cb69814ac10664091866bdd2fe0e5d21bf3b148b182d465ea68eff0079c60117,5
815-10 Lock-UpOptions,815-10,lock-up-options,94cb93a015d6d681f300ba155b8626e3780c5dc2ef5f811aadc8dc735ae17ff2,1
815-10 NotionalAmount,815-10,notional-amount,68ccea86c398bde0fabeeaa964971c809f9a08f63f88883b7e4e3ee1bf64bc44,14
815-10 PaymentProvision,815-10,payment-provision,27bde9d062e0780fb2f64c132b7d03136f09fe0279f723b4489d57bce89927f1,3
815-10 PrepaidInterestRateSwap,815-10,prepaid-interest-rate-swap,6ede3492f8cb38064593e05575b92a3b3518858b6f8b67c9b8cff3dab4f7762d,1
815-10 ReadilyConvertibletoCash,815-10,readily-convertible-to-cash,25993f84cc288b69671d6cde098cd79a5b4843ae77530530a483cf78146356cc,11
815-10 Regular-WaySecurityTrades,815-10,regular-way-security-trades,e25cc005de69a06464e06e00c1343de03f45e9d8dec32765ca5950b1978b8b30,2
815-10 SyntheticInstrumentAccounting,815-10,synthetic-instrument-accounting,9c07d5eff0c42c6c81865ede373509817bf490a44409d2d3250f746732ce6b76,1
815-10 TradingPurposes,815-10,trading-purposes,3f3b78dd12d5f61b4faa2b5f4b2c5eca590f43cb20087bd17ada54f4ef10cc38,2
815-15 Annuitization,815-15,annuitization,8f19631c723104b2ccd289a149bf4921f2801af410d5f176fa75066bb0a9d7f3,8
815-15 EmbeddedDerivative,815-15,embedded-derivative,530b83f512247ecbc21858544e870887ba2fe7380a366ac897235588e5450a31,13
815-15 Equity-indexedAnnuity,815-15,equity-indexed-annuity,28c5e6268c0af6983bc74b6b0c5be8ecb284628c6a2ecd4bf56bb007beba25eb,2
815-15 EquityKicker,815-15,equity-kicker,3ff6abf4d2aaaa740a746265fccfe7fec83214eaf125f592fb42f2c6de0daa75,1
815-15 HybridInstrument,815-15,hybrid-instrument,adaa39246a57bad23a4879d62d5068bc8736d38716cb323d6c1a581396fc5f39,8
815-15 MarketValueAnnuity,815-15,market-value-annuity,5ad0eb7d31fbf9b08dd945ab87e0efdaea722a6e2663beb4f2a8643323b7d513,1
815-15 NewBasisEvent,815-15,new-basis-event,761416693c59e8066085c88b902546c9fe2955287451fabf7c9d6b411d7bbb43,1
815-15 PeriodicRatchetDesign,815-15,periodic-ratchet-design,2d43a4b404c422f0e7eee8909d3c24ec843671241354f4caff1ab9a3833f0371,1
815-15 Point-to-PointDesign,815-15,point-to-point-design,e87ca572fa0dec0b5f46228fdb771efd95608de71b57c918033f65f98775793c,1
815-15 RemeasurementEvent,815-15,remeasurement-event,ea17f3c8917a8dfad5b55d37ff8e4e4c4ec8951dc632df07ab042a09f251a1e8,2
815-20 AuctionRateNotes,815-20,auction-rate-notes,3f9e9887b416ce7471a9f9072dd22f6e0aa38677b41230e994a8308b6ee90204,1
815-20 BenchmarkInterestRate,815-20,benchmark-interest-rate,5413818b9f574fe42ff596c9dac71f5a3b90bb19fd32c02cab80bdf2b4e3475b,8
815-20 CreditRisk,815-20,credit-risk,ad3f96e263133a5c35756b5c09b0c635db0fae513535a76abec0f7f79391c815,17
815-20 ForecastedTransaction,815-20,forecasted-transaction,0a1319bfc97d945e9614e47ac62986d79eac9061e26e3a6862abde7939244fe9,14
815-20 ForeignExchangeRisk,815-20,foreign-exchange-risk,013e5e137ebfdd55ee0dcaa30331284d8d0ff4838321b816276979ea7595fed7,6
815-20 InterestRateRisk,815-20,interest-rate-risk,d0dedff7aa773fe956dcb4b9a43c7a2a4c169aa13e249ca5ea828ff2b5ae5cb0,17
815-20 InternalDerivative,815-20,internal-derivative,b991df4ae9de27a2d5bddcf0f1dd937ab5d673d9c7e2a503b00f06993d2ff254,5
815-20 LIBORSwapRate,815-20,libor-swap-rate,fb38cf362a9a3348da030d351497d9f92b84f14e690239eac2fc38f7f4293b0b,2
815-20 LondonInterbankOfferedRateSwapRate,815-20,london-interbank-offered-rate-swap-rate,8f7131773855547af24724049ec82db5095b6b0138f21240eb52f1bc89c2fe41,4
815-20 Make-WholeProvision,815-20,make-whole-provision,9c7fd9174de9b17e3ba4ac9a8cb71909611af43b95ab04bc813f55c8bf3a5460,1
815-20 Prepayable,815-20,prepayable,d1e6f1a33456cf9c7de1284fb8115f11017304a51cc53b875344222ffd29372b,5
815-20 StockAppreciationRight,815-20,stock-appreciation-right,7f2c394dcebaaae8c84dbe2229ce08e0d9bb9bedb5cc444c593f0758db1ddf0d,1
815-20 StubPeriod,815-20,stub-period,9dad62533455b5d83437c2348f81794370f6e6ec0a6376fcd3d835d2d256a274,1
815-20 StubRate,815-20,stub-rate,6e21461223c1484866aafa094c363d66715970bf15de00109c44858a4eb9e01a,1
815-20 TimeValueofanOption,815-20,time-value-of-an-option,7765eab3ebcf1dbcb3d1df34450f06cd70d8ec726864e2a0049cca745203e104,2
815-20 Transaction,815-20,transaction,138fb8282604aef65a256e1780c97071fbcb6cdec6644ff1dfb6462a743095bb,25
815-20 Zero-CouponMethod,815-20,zero-coupon-method,40d9c484c039ed5bd45af9a7c1824ab3106aefc1c4f2d13da2a83ace1af8993b,2
815-25 FairValueHedge,815-25,fair-value-hedge,2f208af10f9a1fc1fb93731b6d2876cef003e1cb01ed55e3319ffa6cff2a35a0,17
815-30 All-in-OneHedge,815-30,all-in-one-hedge,6a84bdf4ccc1a4de814acea2dc4ecc8243435be00733d3633ec2b26cc0d06c7b,5
815-30 CashFlowHedge,815-30,cash-flow-hedge,e32821c341e7cf08d7695a98af049f44a27eaf5cbdabac5ff297220f38f0d3cd,16
815-40 FreestandingContract,815-40,freestanding-contract,4f011aec26a44dd08ac352f79edbb306eae5ffa1d6cb7d9c0beefe40058384eb,8
815-40 Make-WholeProvision,815-40,make-whole-provision,36271645d53ef552b674e6dc84ff88fd3ec991cdc654ff0365b9578938691780,1
815-40 NetCashSettlement,815-40,net-cash-settlement,e07d880de6522f37445777f0d02057ca3bca2ca498cb850784989ca8acd6db45,3
815-40 NetShareSettlement,815-40,net-share-settlement,d32d67fd59f323567a8b6910129d7897c4e7fddfb97c23f77821704275917c2f,5
815-40 PhysicalSettlement,815-40,physical-settlement,265ee82d47db1a5c599f97630d929e94e4650319fb3113a71a2a38464d45d3eb,4
815-40 StandardAntidilutionProvisions,815-40,standard-antidilution-provisions,d33fd8e9835b38f1070332f4202f7e199810fb0b03c6834471387a1392071270,5
815-40 Top-OffProvision,815-40,top-off-provision,bcf6e6a07dc0db4406700ce9e7f73b8f1f7cb004417d0ed985bf19e3fdfe4adb,1
820-10 ActiveMarket,820-10,active-market,a885b180cca0792e68b44cf1bc3086a174c8d493377dc4c2fee5544e54bb0236,5
820-10 BrokeredMarket,820-10,brokered-market,8bd98f53628e2df65082852911b296ceeb57f357819099ed7d658d74be0c5297,3
820-10 CostApproach,820-10,cost-approach,b9fe98bf8f28269a0df32bbe26b84d2ba236f4422e14d3fe78deaa563d51e616,4
820-10 DealerMarket,820-10,dealer-market,ae9f5809a066b9edd50ca020e372bd8e58e4d6cb2ca82afa3bfc41aee6c397c8,5
820-10 DiscountRateAdjustmentTechnique,820-10,discount-rate-adjustment-technique,5788e316ef68a354a28ae3f1b3b9db8ff46f5dd41b1af03b850e64ae000613c0,3
820-10 EntryPrice,820-10,entry-price,21bbadfe04d244d87af464f6b66642181f2117afd8b5fd59d32af1c4cea30462,2
820-10 ExchangeMarket,820-10,exchange-market,ca02089febc161a72fd0ec37b98620e90eba0603a275ec4d8dadbfa80641cc65,2
820-10 ExitPrice,820-10,exit-price,ca3795a394e15c97890d463513766b0f72201cbb1679e11ece062ddbb3233a2c,5
820-10 ExpectedCashFlow,820-10,expected-cash-flow,c7d4b3e9acf3a540727811e831601021c7485d152716891e895693efaefc1e2c,8
820-10 FairValue,820-10,fair-value,9b5b69c2c8338b386130c758bfb1c2f11a55ed9270f1065d26ce700af9150e64,337
820-10 HighestandBestUse,820-10,highest-and-best-use,2bdcc3b5ac296f336946ea025e078194360c4ab38a77c57e78b292aa92306e52,5
820-10 IncomeApproach,820-10,income-approach,fc2aed94cd4a22d46a508471a74e956bd79d8cb7021898ea6acd8e2b34a92f62,5
820-10 Inputs,820-10,inputs,e39a0d3609c60678f955dafda6a73ca03fc3657e2dbc650b038715d0bc49e707,4
820-10 Level1Inputs,820-10,level-1-inputs,2c76e3c8393124bffff9863e78489c684c41a32a4e1868de19c4add5259ff91a,5
820-10 Level2Inputs,820-10,level-2-inputs,ca3f3c1a0b40771551b1fd287640dacf86cc608adcc05f464ba38de30b194bec,3
820-10 Level3Inputs,820-10,level-3-inputs,0ce16797d22a4a5155e0e5ac80361276d668787eee5d41ac131a41c0d75aa679,3
820-10 Market-CorroboratedInputs,820-10,market-corroborated-inputs,df00077a4d0887ab6d8fadb41bb355b52c55a9faae38d548666d9cb10e0d3bb5,1
820-10 MarketApproach,820-10,market-approach,54464f788c38324cf8b495956ba996c82c131a646e346e3351eef73550e7f431,4
820-10 MarketParticipants,820-10,market-participants,566103f8c687f8e582d0fe3182b8f0f0d20c585379e1461dbf9ec15887073788,18
820-10 MostAdvantageousMarket,820-10,most-advantageous-market,364ba694f9471e9681fdf079ca4d4b645351db32dd464856ed36e826334e33d6,8
820-10 NonperformanceRisk,820-10,nonperformance-risk,f2bc04239d2b0a12823325d87636651b7417b1bd2cf7946c85a1243e3d1376bd,5
820-10 ObservableInputs,820-10,observable-inputs,0cf4120402231440f88d8617cb679a176c423e0c12252d6d7ee35cf01555581e,2
820-10 OrderlyTransaction,820-10,orderly-transaction,121cbd087743840f4792a4884fd54902249ae0cdc4b5c8f78c6769d17a8170ac,17
820-10 PresentValue,820-10,present-value,775a8212ae827427fb48c024fa9811eb73d0eb77d616523a16036a7da3c084df,3
820-10 Principal-to-PrincipalMarket,820-10,principal-to-principal-market,44d9b95c0a58c323326e8f675b7f6e3a80aab3941d11a66d1be27cf5e69c2c76,2
820-10 PrincipalMarket,820-10,principal-market,6d18682843f46556abec30a60cc47c792025af893733481fbc35fe0ce72e509f,8
820-10 RiskPremium,820-10,risk-premium,02fb0c3086b30c167a0c87663d2e59ccdc6e22feabd2002f69ff9a6ca89714bd,4
820-10 SystematicRisk,820-10,systematic-risk,3c6576fdc44c389b91023893216239b670f9172235817fdd47a703e6cd0bd3c7,2
820-10 TransactionCosts,820-10,transaction-costs,e1033bf781f744935ac347f84b751e5200849831654ee6cb188faf804a6c6a40,4
820-10 UnitofAccount,820-10,unit-of-account,31d3e9e5c5d62ccaa870247e273475aaddbc0003744c359fc2b59ff8cbf64b98,4
820-10 UnobservableInputs,820-10,unobservable-inputs,7fb96760170d8fc5154bfedbce125cda6aa4d4b9b8348adea9a200d2b0bd2507,4
820-10 UnsystematicRisk,820-10,unsystematic-risk,338f9aaa8ce3494e3daeb634f8801fda0cff634b8b6bd75ec812adce4c8645fd,2
825-10 ConduitDebtSecurities,825-10,conduit-debt-securities,65a2c715a6dc59d0d3bec79e65dcd802d81ac08526e0757a031e73181acf285d,17
825-10 FinancialInstrument,825-10,financial-instrument,0b1708353f06f3bbb29fa730d411f4db2881e02d011c367c447fa62542e880b5,62
825-10 FinancialLiability,825-10,financial-liability,a8ac28448ae06da963a1e443982b0e861ae1f600fd4701a8ba79c1773f9dcbfe,7
825-10 FirmCommitment,825-10,firm-commitment,ccd07b9967868b63cc94edf2d285276aa12702ea34acaed82a424544a86fcf29,13
830-10 Attribute,830-10,attribute,3116d095ef24a9d94ea9216636c88bb76799ecb861b8ceb453b8f5993b010b51,1
830-10 Conversion,830-10,conversion,5b3eed78c6ec6abf4eba11955878353653f3af94166ebe322332751434e5ff7e,1
830-10 ExchangeRate,830-10,exchange-rate,8bd29c26963a1695c035d07558b07abadfe706e6cc69443229a3dd4ca701a8fb,12
830-10 ForeignCurrency,830-10,foreign-currency,02e6ca5759cac32abe041ebdeacdb8954df3bdf44e962e089e45102d86d6e77f,12
830-10 ForeignCurrencyStatements,830-10,foreign-currency-statements,6a227ece3660476b0348c2b6a5fddf10ba6c4d4927ff290aa721b2dac07894ad,4
830-10 ForeignCurrencyTransactions,830-10,foreign-currency-transactions,fb4a040fb33408f3a43f3e30936bb371e16956973402ee3c935d4ecaa36788e0,11
830-10 ForeignCurrencyTranslation,830-10,foreign-currency-translation,4c397e18a4849a210411598a8024e56a8756dd14e9cf755c1939f42ed07fc4bb,3
830-10 ForeignEntity,830-10,foreign-entity,b57a5a122da00a4182aecc4cef44c6950b944674c3d19d5d2b3396db7c692f7f,10
830-10 FunctionalCurrency,830-10,functional-currency,13b72b85bd4c9d337f5dbc46364ff8b327706d8b3f2acdf057daa55c7122bab2,14
830-10 LocalCurrency,830-10,local-currency,1928f3e643b516970acebaac06d2504df293e0de90f871e8a756e94bec6bfa1b,9
830-10 ReportingCurrency,830-10,reporting-currency,ebbdd9fac881bc7f424f7b6ab93236584c7745ba4f64b8a2edee324c7d778a00,9
830-10 ReportingEntity,830-10,reporting-entity,0494ea2fbbe39233ce2e0ee7cb3c49b50e0ab7e2a0b58ede775f3841d2b89799,10
830-10 SpotRate,830-10,spot-rate,c4011c6f56410e86f2f3ff04e135f0fde7c5a8631e2e58e58f948507f99f7f3c,15
830-10 TransactionDate,830-10,transaction-date,acfc7ea81f5aa370ba877aa4c4c71bd4c7efbe94658191465a7afaf320cf1ae1,3
830-10 TransactionGainorLoss,830-10,transaction-gain-or-loss,dc4b4eb8261d9e9984001679542f8a725a0dad07e7554d3d71a6a153398e3c51,8
830-10 Translation,830-10,translation,2083605e89aa7f5358937ef1d0b7f605ddabdaed573fc6810ec29b0eea0eb155,7
830-10 TranslationAdjustments,830-10,translation-adjustments,24faa07c61b7dac4eb56b97795f726453d410a1902caeaa740b8d7c654fce31f,8
835-20 Activities,835-20,activities,a08d8da43cb6e6cf8137bddd8305e74586ebb0c6168b7f1ba9a475a9ca94316a,6
835-20 CapitalizationRate,835-20,capitalization-rate,44cb104b210e5fddc19133d6edaf8d6249457424e49e1838ef732acd3cc15af4,1
835-20 Expenditures,835-20,expenditures,9d53620df1a00cdbe1bf124688481512839e3d97b7143bc5bf099801253d5caa,6
835-20 IntendedUse,835-20,intended-use,248f2d15f0799ce90d6b2b5cdb484b45308d508f98250899116f856b12b2c6ec,6
835-20 InterestCost,835-20,interest-cost,be290b7537d42fee4ca749b0e6f0fb9a8c7614aa7155a9ebb3ffc11ceceda422,11
835-30 Discount,835-30,discount,fdf163796501a695fd58196b284ec966802919c1dbd1c21113adeb111cce7a74,6
835-30 ImputedInterestRate,835-30,imputed-interest-rate,16ca9e877e67eb7e0c97bfab35c6d80bd6b39850ab35c8e32e3b6c44da884c92,1
835-30 InterestMethod,835-30,interest-method,efd39bb817e29ec634faea7dbbc0d0a62db85d912a1c8efdeea5eea28531fc79,6
835-30 Premium,835-30,premium,6a8a19b9cb91298e17728a2f44aeb002876d23f55fd957eb5383320e91471b6e,6
840-10 AdvanceRefunding,840-10,advance-refunding,ea05efa91bd9024315cbfb2f3a2a1ced6159274b364e56a9cde219659ed12850,4
840-10 DelayedEquityInvestment,840-10,delayed-equity-investment,19401071ac21960f40fc0576defb51f6f13b7dbffc848d8ffd8c33518e64fa84,2
840-10 DirectFinancingLeases,840-10,direct-financing-leases,ac82b8e5e68fcec57cf57d940c2d3226f48df22ac07b421bb95b96831e3ecd40,4
840-10 EstimatedResidualValue,840-10,estimated-residual-value,0e90378cc1faa9a599a42e45200d79ab111b87a66a1c513d68e3334ef96ad2ff,5
840-10 FiscalFundingClause,840-10,fiscal-funding-clause,a078a359d5fb1a5470ddee2644798c089a28b8bc875c0570bd5000c4a6106733,2
840-10 IncrementalBorrowingRate,840-10,incremental-borrowing-rate,3fb349e25255727d61a360c6ae21c85d11e4e06f2774ea1679c6b0bab53bbec4,3
840-10 Lease,840-10,lease,65621dd852e5815959ebb7fcb3b129eef451c9ba7ed57cd0d6cecbb7e7803876,145
840-10 LeaseInception,840-10,lease-inception,809b769fad79d293d1495e75eb05f6bb075f855bf6d30d35165610ee8d89759d,5
840-10 LeaseTerm,840-10,lease-term,8bab095121ce5a9468f20affe2a830da53ddeec6907fdecef15403efd6a23dd4,72
840-10 LeveragedLease,840-10,leveraged-lease,0ad160e4f92998ba61d6ed027ff811952dc1f5ea7014e3f2d3c93a24126bd010,34
840-10 Money-over-MoneyLease,840-10,money-over-money-lease,9f35373e735b6e769314fb4b98a4ff4df3a410d92ea79921396edcf8815a85d6,1
840-10 OperatingLease,840-10,operating-lease,efe4d3f81787b5f8a58d7663218b22e9823c97374498d76c076ed3402b2f4131,44
840-10 Penalty,840-10,penalty,facff27341a44389111229677021592c1c585add7d31271f3672c13a0b3bd4e8,3
840-10 Sales-TypeLease,840-10,sales-type-lease,1f5b04f6fd55a16431a82de2c59b83ae77a5cdbf1bb53e94eab8cf11df8db101,56
840-10 Sublease,840-10,sublease,8907b5beadb7418350464a0e20a81b67da4eff1fdd67181b4c5aefc4b9a48040,15
840-10 UnguaranteedResidualValue,840-10,unguaranteed-residual-value,9f799ebd41f7417d6e4414eb03fa444c4a91a260fc302e8537d94713c2aba0a3,1
840-40 Sale-LeasebackAccounting_01,840-40,sale-leaseback-accounting,ac82b8e5e68fcec57cf57d940c2d3226f48df22ac07b421bb95b96831e3ecd40,1
845-10 Exchanges_orexchangetransactions_,845-10,exchange,0293b8cca9b33ea20896dd418693927919a0c64b491546fd1a6a0ece5361259c,35
845-10 JointVenture,845-10,joint-venture,d40cad3999669a89f7bb6f0a09b4350742f5193388cb5131884d241abc666097,69
845-10 MonetaryAssetsandLiabilities,845-10,monetary-assets-and-liabilities,af0869bce2b5f151f86546e95f8a75ef23a7657f14026b901e9494f12efb3c84,1
845-10 NonmonetaryAssetsandLiabilities,845-10,nonmonetary-assets-and-liabilities,79eb1e9f1c0fa87464705bacd3245713c1988bde83df67d4c31a5d541b973128,7
845-10 NonreciprocalTransfer,845-10,nonreciprocal-transfer,2d6932cad98b7a64fd4e88ff8ec05ea7a1edb5bd03da161d6326b346aec3e046,26
845-10 ProductiveAssets,845-10,productive-assets,e754d85eaeae2b9a108ddf532a3df551b5ef7f2dd043bf0a9e287eca744c8b0f,1
845-10 Split-off,845-10,split-off,764b686f9d4a40a438535bafa53d21ea8fde23a21b3a91d378ebe78ec4a34d08,1
850-10 Affiliate,850-10,affiliate,e7a52d006dcb44988a3913e8611c61194b534abab36be70b6cb8af480b8f5885,39
850-10 Control,850-10,control,12544afa9c7ba413c1b6fcfe6d61bb90639636d8a30bfa248f1a6025936273fa,4
850-10 ImmediateFamily,850-10,immediate-family,d0aef0fa3a27efca414af09bccc9cad8000e2950e5ebc8840c76a6052fa76503,1
850-10 Management,850-10,management,b86762e46c343e7bc641388eebb11b76f76843170a3803cfab0016f15525451d,3
850-10 PrincipalOwners,850-10,principal-owners,8b0d05545c2b18f8ecc99e254468a366488a0bd84b1dfcb16b3d36518150efa9,1
850-10 RelatedParties,850-10,related-parties,71a468b605d984bca6c22d39c0c96ea58738136d75ad6323719270943d58bcaf,38
852-10 AbsolutePriorityDoctrine,852-10,absolute-priority-doctrine,9b6a10a37c6309531e4e7859b04e37241df19a8c069c051ab9e073469da4c769,1
852-10 AdministrativeExpenses,852-10,administrative-expenses,62ae43bf4c09978d8acd505e3fbb0a8dfaa3ab313e1ec6d522e3fcaa8a47dbd5,1
852-10 AllowedClaim,852-10,allowed-claim,25e5a50424d56bb089584dd5771bd07de6da0739c548caa4ec390a77ba1f47e0,3
852-10 AutomaticStayProvisions,852-10,automatic-stay-provisions,aa3577ed49ae9738e52fa2a2b50c00af4ea74a50d1bdafe34b7f15689c956f19,1
852-10 BankruptcyCode,852-10,bankruptcy-code,a480387e78b0945e742de2123f055cf82b5e1e3160fd46f26fd82c161d40ec9e,5
852-10 BankruptcyCourt,852-10,bankruptcy-court,8bff9e9ff0eaf789f623e300f5b1d417de8edd73232dd1bb89047d486b2156ff,3
852-10 Chapter11,852-10,chapter-11,8ca5497d4160cde8bacf82bdaa082bc689dc92211627a288bdeb0c8be3b9d9a1,9
852-10 Chapter7,852-10,chapter-7,08af494775054d830ea697ac0676d228ddc0c8fe59b38d4b2db62defa0e3242c,1
852-10 Claim,852-10,claim,1b989c607822105a5cbe8661f3a0053e171d845906818301f94f216ddcc216b7,3
852-10 ConfirmedPlan,852-10,confirmed-plan,fa116a75b7277dd790746b7cd643c2ed035f94dcdce1462d48aa260c4baa2b70,3
852-10 ConsentingClasses,852-10,consenting-classes,25e8110e6ab21bc4608f8340424adb61a4b42b734f5e0e134f34331242cb1ad1,1
852-10 Cram-downProvisions,852-10,cram-down-provisions,3cc6d512c519266e4f0692cb63cd260624a85a1f9a1772ecdb956962133f82ca,1
852-10 Debtor-in-possession,852-10,debtor-in-possession,e2516d97e5f427922747224e24fc34e0480ca888444603179d87f479c2e48fce,1
852-10 DisclosureStatement,852-10,disclosure-statement,b82b85c1e4720ac6bb2ad7a03a8aaba977bbb7c88f9d19da1ed73bcb8826c98d,1
852-10 EmergingEntity,852-10,emerging-entity,72fc78bf6cb02a421acd111435b7a8d9075a5c53bd21aeaef8c17825b42b40ef,1
852-10 ImpairedClaims,852-10,impaired-claims,2087613c62cd2c6029ee25306324742e8903552faf39c282c52d2d5ea01ff9f9,1
852-10 NonconsentingClass,852-10,nonconsenting-class,08c3a9fa4d4917f78109a3f2237ceb05cd9214710bce024a4d2008272f9613a4,1
852-10 ObligationsSubjecttoCompromise,852-10,obligations-subject-to-compromise,4d61c664b58a08d39ab8e1d107ac3d4084cba57b8708ebcdb37a23061bc97c39,1
852-10 Petition,852-10,petition,5bb060cb7306adf574090132ae082883e6f487376126dac851f8a61abaf1b1de,5
852-10 Plan,852-10,plan-of-reorganization,e3637c1164632534e578f5e63a7643569ae5b57b2846a3c54766a71de57735ae,3
852-10 PostpetitionLiabilities,852-10,postpetition-liabilities,53d3ab6912df4bf34779048d3c988ded5f697a03ba23ac54621096a11efba848,2
852-10 PrepetitionLiabilities,852-10,prepetition-liabilities,9573d09ea2ea015f454dca6fd5898b188e000dd6d71b03415ae80fb9c1373590,1
852-10 ReorganizationItems,852-10,reorganization-items,1c4d76d5e1d81c754933151b894f7e96c663524a20fc03edbbf142c02bf1fec7,1
852-10 ReorganizationProceeding,852-10,reorganization-proceeding,3d6ea31fec06a9f8e4dc8499ea3459899b67230492da3c1023fab10786ed51e5,5
852-10 ReorganizationValue,852-10,reorganization-value,62620d197e6801e18a8ea81b8585fd54dba3faca57bcf8ba64082d226a2796ab,3
852-10 SecuredClaim,852-10,secured-claim,fda2c29ac61ce4e082319b2b66048afa06ee6e3e362fb74ad9b8d8592a921da1,2
852-10 TerminalValue,852-10,terminal-value,6c1059b9f3fe9a318a20dd3e5e6b5438e20483bead0f6edb1691b84e9cf050fc,1
852-10 Trustee,852-10,trustee,31057715061dcb1667d3e85b886bc8bebb90bd97e9f5ea7560e3048bbab838a5,4
852-10 UndersecuredClaim,852-10,undersecured-claim,2dd56f7428265e2ab38208945aac1be0ee7af9c26fd3af5934417253952a373b,1
852-10 UnsecuredClaim,852-10,unsecured-claim,03e0114c37dfd6340f01621ed7dd8e20c55fa68386b50b46d6f1e4f4e4f66ac4,1
860-10 Agent,860-10,agent,3b0acea64d96d134e69958662d0a8344224f3145c424d7afae423eeb9b49e434,8
860-10 AttachedCallOption,860-10,attached-call-option,5e67960d1fc115438a19247dee2d61ce62d9aee93973458305aaf415c9f5b7d0,1
860-10 BeneficialInterests,860-10,beneficial-interests,6232ac31a4a529e272aedd0a12bf23901fec12a72a3344095ff304b5ca6d4d2d,28
860-10 CleanupCallOption,860-10,cleanup-call-option,6728a35d74a91e17c0d7050beb36b008a6930e6075d57f001b7abe9bf93d6b25,2
860-10 ConsolidatedAffiliateoftheTransferor,860-10,consolidated-affiliate,c91b2d7661632d52cb36d7a297c13610bb1645da03381c990e24aa95a6de3bd6,7
860-10 ControlledAmortizationMethod,860-10,controlled-amortization-method,3504781cb1041f26f2f85459446cd46e7af195efac9c7e09162a1c527c4d95a2,1
860-10 Derecognize,860-10,derecognize,a07eef686ae43aacea0d7df9a6e27b5c759a0f11843cec9c43f19e339dac5d17,6
860-10 Dollar-RollRepurchaseAgreement,860-10,dollar-roll-repurchase-agreement,407a1ab74643dfccc698c25b44692818fc736043cc56ddd00f1838b28e70a8f6,1
860-10 EmbeddedCallOption,860-10,embedded-call-option,1114b12a4d45abe9848c68c0b587173aa4147a3d80132f2d0be2ec325d1619c7,1
860-10 EquitableRightofRedemption,860-10,equitable-right-of-redemption,bd75b8b51871bddd382b06dde79b4669d66e0233f69fceaa4fa0c3580d505dad,1
860-10 FinancialAsset,860-10,financial-asset,fcbe5e25c89ee812f36bc57bbfdfbf70520690c232f6f2010376311a87fbb1fb,97
860-10 FixedParticipationMethod,860-10,fixed-participation-method,0ebac07722cc2f26ba216bd2dda791fcf8af9b8a2200a338be5e0c29185526b3,1
860-10 FloatingParticipationMethod,860-10,floating-participation-method,3bd5a1cfb5fb69c9655fe2b92f6512ce183ee60a63843d9359e06afc7e96d701,1
860-10 FreestandingCallOption,860-10,freestanding-call-option,6ef3309925309ab29228ae706a8c8e747a00ff93d577e6d2dc1a4b4b176675ff,2
860-10 GovernmentNationalMortgageAssociationRolls,860-10,government-national-mortgage-association-rolls,b5b56abe13019e9154f1b4fb296fc908cdecee357369f0754f86c49d3a2f35c4,1
860-10 LiquidationMethod,860-10,liquidation-method,e5a1686b8240fc705c257d6c82ede511772d2aa34edc2bb67551ee1a07850723,1
860-10 LoanParticipation,860-10,loan-participation,1f6c48c41b74015fde254bda540c42525fa7732d030b7d1a004a5f3c619995e4,6
860-10 LoanSyndication,860-10,loan-syndication,9fb6a8b92c4e91bc52ac8654bd601decd8e757979c10f72d77246135df514273,5
860-10 PresetParticipationMethod,860-10,preset-participation-method,15cfc6cda00a597ec67c4ba7cd69d59c7003ad1ae4a3e1ba2cb8b410bb82f7f0,1
860-10 Revolving-PeriodSecuritizations,860-10,revolving-period-securitizations,f0c3c746c8b55a5f6b2e0923da42217fb8d8b1d12e2795900bada605feefadfb,3
860-10 Securitization,860-10,securitization,1e6ca81cc1c10f880295f43dd106fe5432791ad97a65bd0880c25fb3751e81c1,7
860-10 Seller,860-10,seller,caf20be8b0e73740959db2eea53aecd08d2494c462e12c7ab40b4edd5e98598d,4
860-10 Transfer,860-10,transfer,15af2e9c1d73d8a2cb97890b68d4bafeb9ed6f7045cb301329a584cd1e30e645,23
860-10 Transferee,860-10,transferee,2b5aaa81ff721e34da79d4cc49c693c44b7881647e0e824314f2714376f8276e,17
860-10 Transferor,860-10,transferor,10186286238836b9393dc69985debb8de3cb249bf1b0b49f2864a468a7bf6b48,20
860-10 UnilateralAbility,860-10,unilateral-ability,977e269c3318d427de3dc028fe62d26510da0cdb5d4435ab082e7a0bcedbeb14,2
860-20 Interest-OnlyStrip,860-20,interest-only-strip,42a8c3b93749c07e229c89a8376ac750fc5ade1ec8d7e65b9fb92a48abe4edc0,3
860-20 Proceeds,860-20,proceeds,f67f5fe6ec7dd0b4ce4122c144a8fc1883b4a04f26d2b79c4277ce48129ddea1,3
860-30 Collateral,860-30,collateral,35d2c2997a6b7b53c358e749e85253b05b9072e7af85cc46c7f0d0074bc2c264,12
860-30 SecurityInterest,860-30,security-interest,94a308b27d7c0314c140790255e0cc7d1b7a89b87a750adac5061bea2a843afe,1
860-40 DerivativeFinancialInstrument,860-40,derivative-financial-instrument,e9edb737700cb1985067fd2cfe90d6c79c87d92b175876f472034d64ced27c36,6
860-50 AdequateCompensation,860-50,adequate-compensation,a421ab22b94e1b6c42c9eff28d40b0705e710e0a3da76b12b42eac3198e344a9,3
860-50 BenefitsofServicing,860-50,benefits-of-servicing,3e43f45fe4098c5f13ca79af3bb91dec0b6d347c6e9936792670dff9f03c98e4,3
860-50 ContractuallySpecifiedServicingFees,860-50,contractually-specified-servicing-fees,f2d34790da96d7f6bbf32c90a2a60b8713df938ee15901da60a6e79dbfefdc9e,6
860-50 ProtectionProvisions,860-50,protection-provisions,1efb8dfa1c86cea52b8d6c645e7af75b960f91d77ea365d98a6cc021986042d9,1
860-50 ServicingAsset,860-50,servicing-assets,0b10d4e2f57688d6d445de7db64b9db502322236338ec909545069455ab0d334,8
860-50 ServicingLiability,860-50,servicing-liabilities,6c20b0607673a407266ae363d0eaa401ecdf005b709b8a1ecaa96d92be9aff9c,7
905-10 Advances,905-10,advances,0b397b0f55760ab907e4108d77f026f4315a2c46ec729a7a629a30d2b0dd35b4,1
905-10 AgriculturalCooperative,905-10,agricultural-cooperative,9b5ae61c112478f5f446d21ebd2c3002976e42cb12f245a6d20fbd3d71d0fba3,36
905-10 AgriculturalProducers,905-10,agricultural-producers,32ecb7ae15e3af7ab63131dcff7fa610f1aee74e4bfbb1da908c4af8b7528ea5,7
905-10 AssignedAmounts,905-10,assigned-amounts,5cd5931f74ab0b0602980619aab3bd09db5052d4c11524ec3daae7204dd5c878,3
905-10 BargainingCooperative,905-10,bargaining-cooperative,a9c4f7fea9c1ea0da9d18690ac97ddd11ea75193d8936ecd2b9fc47a1f8cc208,1
905-10 BreedingHerds,905-10,breeding-herds,d95f1cb11ddaa33c88b205375ec72ef4bdd8225730bca86e4aaf757388fe00cb,1
905-10 CashAdvanceMethod,905-10,cash-advance-method,6af002b66f57ea3b57d214482bf727c056a8f8acfefaf8062c765dd37e219ff3,1
905-10 CommercialProduction,905-10,commercial-production,f3075a8c40a5189378643893cf3bb898a5d8bfa34e8510674a15528200ae2265,2
905-10 CropDevelopmentCosts,905-10,crop-development-costs,d003bcd0d7d5ff0017b0afcba6cafb764d1c030866d7ad70563d8e9b482e2999,1
905-10 Crops,905-10,crops,980d8ec4979e2cfe1f39b5a9719ba29c56525420eb145bdacdaf5f78c1448e84,5
905-10 ExemptandNonexemptCooperatives,905-10,exempt-and-nonexempt-cooperatives,696f3f5630d5819fc9700a860ae7fa4ed25452d72f96e16756c492395a7ad5ba,1
905-10 FieldandRowCrops,905-10,field-and-row-crops,43f55a17422b0ec33109110ece3d65ffbd550b678c2b6be3adab78fd4398236c,1
905-10 FuturesContract,905-10,futures-contract,76ff10c34692e7f62f71dac7e0c0f0dc2bc99301b128626c73e5ab26d1e28c3a,1
905-10 Grove,905-10,grove,29a4d981e60fe25ab1da6e4e5a29334601d4186b20215f51f7598b1820f5af00,1
905-10 GrowingCrop,905-10,growing-crop,1664923839da55e1b52414d497ef5b1f17294fcecfc007969a05300021a7f6ef,1
905-10 HarvestedCrop,905-10,harvested-crop,f500b2f7ff20a895e42277c5307d90118760fd6b52ed15dbff658f9bdf43c2c0,2
905-10 Intermediate-lifePlants,905-10,intermediate-life-plants,4918d0076ded2dd4e7c740fd20274190a0b649f82c05c992f4ef3803b052947a,5
905-10 LandDevelopmentCosts,905-10,land-development-costs,bb3943ec56f7f476195367fa34ca574d08ba43d18d69fc45fab1309743959165,1
905-10 Limited-lifeLandDevelopmentCosts,905-10,limited-life-land-development-costs,aebafb53ecf0b22ec48d427fb4e11f12132080dbbd4bffd3f284cd2b2c321585,2
905-10 Livestock,905-10,livestock,a4bdd23b4f16d93f6a5d07dd58b595678972c65e27bef2f64d02f1b00ce19990,3
905-10 MarketingCooperative,905-10,marketing-cooperative,f815dd81af9e491b26643de457fd7833d7980bbb8e4003ea1aef85cc76daf3bb,1
905-10 MemberandNonmemberofaCooperative,905-10,member-of-an-agricultural-cooperative,bbcb79b9d2b4c788ac4743d268270c47db0a4a3a59d5055bc6c6b1ddef0455d5,9
905-10 NetRealizableValue,905-10,net-realizable-value,73987096479d15aef8b393ddd43f92cb26221071c40ecc5d729d1c80bfdcf73b,22
905-10 NonmemberofaCooperative,905-10,nonmember-of-an-agricultural-cooperative,f14d8e3f57053104ea7dadbdfc8ad1d5e7f1ec0e8a9f07c4a4b6555281f34198,9
905-10 Orchard,905-10,orchard,3d7f3676d25938f022e3b6ec8681650bc241f936f2108c02835b3a851bcccf8c,2
905-10 Patron,905-10,patrons,0a4a1a5cdbb3f9d286b200e723613c8ee548ce74634efd7d3b8a9c4287826e58,36
905-10 Patronage,905-10,patronage,ef820281bedbe64c362a665132252f88ae2927d9ceb5604200fd1306a28b0518,7
905-10 PatronageAllocation,905-10,patronage-allocation,c41419000121009453bfafff680fe7c4313a07e342bc46feb108d4d7a9d67319,1
905-10 PatronageEarnings,905-10,patronage-earnings,cdb5f8439068cdc940e82193be1a80b936cbd25365f55eb00cd063d91df09468,2
905-10 PermanentLandDevelopmentCosts,905-10,permanent-land-development-costs,aebafb53ecf0b22ec48d427fb4e11f12132080dbbd4bffd3f284cd2b2c321585,3
905-10 PoolingCooperative,905-10,pooling-cooperative,1838c44ce520b28c99cabfc518a02d4bdbbe6f74b7ab451bc37e58eaf725b28d,2
905-10 Pools,905-10,pools,8604d3fb7928558b204122dc1e8d03e2a11d37d698e040bc4f652753ead1a502,2
905-10 PriceAdjustmentTheory,905-10,price-adjustment-theory,3cb61eb91817fa9b68167ff780c89d42298952f9a72ab31b5565db78ced795d1,1
905-10 ProductionAnimals,905-10,production-animals,026ad479b02e2f3918aef027d67e352ec98f1730d397437f6a65cf9731e46664,2
905-10 Progeny,905-10,progeny,c7bd304737cec63fd1e158a54b2a7c0af6b964caabe3be2c9e035fe727a08614,1
905-10 Retains,905-10,retains,2de15e0bb53e3c901d17265d965d5bbff2117723575cd5ac1c8ecd7740dd59b0,8
905-10 RowCrops,905-10,row-crops,19bf247e4df0925d3e11bea64cbc7431e27a4d202fba73a7bdbcf76ef6ec08f0,1
905-10 ServiceCooperative,905-10,service-cooperative,fe9e0aeff041391e75cbc72b2e4be3a2b0cbe233bd5190102fcdc5c5dcad4dd7,1
905-10 SupplyCooperative,905-10,supply-cooperative,620b550671fba72b6520bd55bc55c3f1fd65cd979e629a051578250f53be2fd7,1
905-10 SupplyorPurchasingCooperatives,905-10,purchasing-cooperative,d96eba4e0e413b0cbde9a0b3e3dd27b2d26fa020ddabc4d8a95468d5a8dddc13,2
905-10 Vineyards,905-10,vineyards,5ddf969a7d1579f942c553cc1be621e68044475da628cbd68ed42a291221d9df,2
905-10 WrittenNoticeofAllocation,905-10,written-notice-of-allocation,0a4111f62255903896495f4dd51e8be41f796772ac6c8714046a538b44754377,5
908-10 AirCarrier,908-10,air-carrier,f6517489069c82cf80b29b9fbe2101cbe20c4bed32afaf75936bf6ee0b3ff246,1
908-10 Airframe,908-10,airframe,812d6b016e27693eff217b1bd95158fd713daeac6381ad4a27a8881e9e96ff5b,4
908-10 Airworthiness,908-10,airworthiness,94ed6173ca983d0d6cb72fb5dca89efb788224b81b329df4ab3b66a83db35271,1
908-10 ExpendableParts,908-10,expendable-parts,d1feb573363a5a8353ecd8cffbb7dc258b616a8888537485dddc88b4b7202967,3
908-10 SpareParts,908-10,spare-parts,f70bcfac2c55c681b350b864f95f85f8f4a05f9aee4c516a7ad57e18a922c348,3
908-360 AirframeModifications,908-360,airframe-modifications,5bf8d64e7d9f5156689358725c5124f33493b7d53ceacc1c1796c057ba7f45e0,1
908-360 RotableParts,908-360,rotable-parts,b15a64cb44a3418588a573b79034dbd961ca7924b9d9942625a06851310eae74,4
908-720 DevelopmentalCosts,908-720,developmental-costs,1b4ced64e40a9fc01e440d123b45e8783e125aab2c987f23463603b4093c5b68,2
908-720 PreoperatingCosts,908-720,preoperating-costs,4ada01301d9e5c805503a708613dcef892a34183ecb84535aafc39ef6c71d70e,2
912-10 AdvancePayments,912-10,advance-payments,882074579fa969fc432263dffb515743533d0b1012530e544451742139a53549,3
912-10 Cost-plus-fixed-feeContract,912-10,cost-plus-fixed-fee-contract,0aafb61695e16eb05688b6f2ff6884cde96a7a5c89f18c8e5a5f8e56f153804b,3
912-10 Subcontractor_sClaims,912-10,subcontractor-claims,7434cd3e97c349447632b4efa389c19e0859a6fcc09cc87a5e088658664caf0a,3
920-10 Broadcaster,920-10,broadcaster,ba10a39a0b048e777635ce2bd110c5fc95b05d90f8b1f6ff6f7385ccafbc5653,13
920-10 Daypart,920-10,daypart,30ab6577c465e0e047442bb1715af392d53b308efa1285871a58a107979b1c9c,2
920-10 LicenseAgreementforProgramMaterial,920-10,license-agreement,f23384481560593db417a0544825f3899e902f9189ed7f362bba0ced64c66324,22
920-10 NetworkAffiliationAgreement,920-10,network-affiliation-agreement,65ab127059a9aff2d43b4ab0d3faf15ab6e8872c4c8fd9b7c507ac0d2dbcfbd3,4
922-10 CableTelevisionPlant,922-10,cable-television-plant,268a8ed2ebc6a067f7a280123c0e089761c638dd2ef7eb95d9771f1f2e47c9c9,1
922-10 PrematurityPeriod,922-10,prematurity-period,cf3a220740961c08fbe03955d04e7230d94dd62f462e7d8aa8204e1f69592252,6
922-10 Subscriber-RelatedCosts,922-10,subscriber-related-costs,13a6cf984f4690752f4752ac06493309155bac3cf453a8cde93b75a3129532e6,2
924-10 BaseJackpot,924-10,base-jackpot,14b910f6336c03b5d00ca6ef9ca97e82c6e260afbc93323c8e91c075bc575c2f,3
924-10 Chips,924-10,chips,8b7e83f477aa417287c7c8a609d85a62c2dfbb18beb1f6cdbcdaee46d1e86ab1,4
924-10 SlotMachine,924-10,slot-machine,ccde12b460c6032930127822df5b803e92a957b6f2371a61e6db45b8fb1fbc94,3
926-10 ExploitationCosts,926-10,exploitation-costs,5f3ce4d19ce26c6e15fa9df687fef8d06ed52dc803242a0fde39595f7dc3a35e,6
926-10 FilmCosts,926-10,film-costs,d71e0e4e36c3a1f1420c12382d48c44a6194fb698c3cfbead7480d31d6727fc9,16
926-10 FilmPrints,926-10,film-prints,bbe520a5a5d7ef964a6d70d29f8b0fdd061a2998026ee818ba9120b792c3b4b1,1
926-10 Films,926-10,films,8e4882d52d3fc295e994998ac1c870b291dac8a2d3ea1448da84bd261ada98ef,10
926-10 Market,926-10,market,23a551b2575fff3843a73054067209066d9b74643d87d6a3df9ddd1677e2978f,4
926-10 NonrefundableMinimumGuarantee,926-10,nonrefundable-minimum-guarantee,242dc2464dece75b9ed1534d531da3d57c41ac02d3f71e3429ae91146167a65f,1
926-10 OverallDeal,926-10,overall-deal,2f9f2634d7daafdbdbe3c011ddf2bd0d449e56cf5c9c9cbe8f2a911837b29438,2
926-10 ParticipationCosts,926-10,participation-costs,3a052aca28041fe99981b95b5364dba635d81f56f4b40c05653da9a2775a8a09,9
926-10 Producer,926-10,producer,479a7537cf67a79595332d79bbaceddf53cc8013180f4b2d42a0ca51dd330da2,1
926-10 Revenue,926-10,revenue,feadb921dd8e8ec9ef36afbec648a9ee313fd883d9de293d74b50afc5c5d9e42,132
926-10 SetforProduction,926-10,set-for-production,949566716d21086a8608e4658ec4e7be4d3c43c201df19ba838a2cf7a138d7e8,1
926-10 SignificantChanges,926-10,significant-changes,bf6d9f897abb0094d26278372a42d7700cd1e25133d672ca9820da7e5d152c00,1
926-10 Territory,926-10,territory,bcc320cc9da02b20d2f6ba8c476291448fb067b21e405a6e40ffc0845b7c8c8c,1
928-10 AdvanceRoyalty,928-10,advance-royalty,587df8f824e383dd19b5b30c3e1d4c369e79d1828a4ea12ac2945da7e0f759d7,5
928-10 LicenseAgreements,928-10,license-agreements,0d8a4f6ff1cb3f33663396f028c666715ad4463228666f920ec527684a1d0d8b,5
928-10 MinimumGuarantee,928-10,minimum-guarantee,9bd6bcf0b95cc7ca9119c8647a4a8d243eba2d2d76726a7bf55ed140135723eb,6
928-10 RecordMaster,928-10,record-master,85d035ca3c12e7c3e6c982ebfb395c5576a7688ad1956bd4270ca0ea311f02e2,8
928-10 Royalties,928-10,royalties,efcf366f1d6d2ba9ebef093f8735fdc472d9a76d9e63f01745441ab469cac08b,7
930-10 MineralRights,930-10,mineral-rights,4f11034bc4e397b343003cf81063cdd4b1cecf7876d9f7150a3ef17c819ff7ec,3
930-10 MiningAssets,930-10,mining-assets,e9117b237cfca30e8a570782b46f460b0e6d0c4a5a373058af5f0977ede60cfb,1
930-10 MiningEntities,930-10,mining-entities,22d77582eb644c3a97a43fda9eba576cd559223695a933db7f62abb153640c32,1
930-10 ProbableReserves,930-10,probable-reserves,33519fbcab8b89f1e02996afc29964301db130ace81620388a7e4c51505d3092,2
930-10 ProductionPhase,930-10,production-phase,93af2aafffe7a0ed5002d58c9b0c5f3c955b3e980f946693845a20c40847590a,3
930-10 StrippingCosts,930-10,stripping-costs,9ff63f6d1f7142d547981ba1167d7f96eca59aa5b6334d336a443b4a9233797d,3
930-10 ValueBeyondProvenandProbableReserves_VBPP_,930-10,value-beyond-proven-and-probable-reserves,69b80b00863a7bb313c926ea3522862916cfa19de844bb33606237735a0ed6bc,2
932-10 DevelopmentWell,932-10,development-well,bd08c36b2571c1bd6672ed739c6965413138a0af866c71b781acc1b1b2f2908b,2
932-10 Exploration,932-10,exploration,b8c3c76bccd83116e6cbaa0a300c82530b9beb559422911daa5e10e7f24bb7f0,9
932-10 ExploratoryWell,932-10,exploratory-well,88f18642e66b85758848be407fd9474a054fafe31749360136f196015c1ff75a,12
932-10 Field,932-10,field,755db0d996c4dd1f0d2adedd34a688e227b1e7d5b59532eb799a0a855e8b0f77,2
932-10 MineralInterests,932-10,mineral-interests,48ff49cb31133078bfc63077214d28b4e97f18968fa5ef39ffa0e9dc437a8427,3
932-10 Production,932-10,production,76aeb797b0c788778ca8db73ef50452590b63f4d6bd91dc77c3f310f22b116d1,18
932-10 Properties,932-10,properties,6ad6bd13a1e71754fff7b4616c761f4fba8ed917de456928f03f699efc44f35e,15
932-10 ProvedDevelopedOilandGasReserves,932-10,proved-developed-oil-and-gas-reserves,9ed75492970334b12d09eddd4a151ffd741f33776c387c3cc20e7fffb987986a,2
932-10 ProvedOilandGasReserves,932-10,proved-oil-and-gas-reserves,6955897090276e500dda61f7966994f400738f27d735fd58e159166f919e63fb,7
932-10 ProvedProperties,932-10,proved-properties,aadbb08a79c42b00a62f3b6838c3e9b05ae252defd8b72d1f46b665839e26dd6,3
932-10 ProvedUndevelopedOilandGasReserves,932-10,proved-undeveloped-oil-and-gas-reserves,d6d1e62ddeca43fe2377b6b84c9bf686c5f48729058fe184e0252960a8648bbc,2
932-10 PubliclyTradedEntity,932-10,publicly-traded-company,0ae767c0a7eda1133b4458babd04a0ed7f96593655969f7aea57ac13bf0d4eb5,1
932-10 Reservoir,932-10,reservoir,522e56c7b2eb82d58ff952ab8111368936fff4a3112b5618c1feeb5ea47b8016,1
932-10 ServiceWell,932-10,service-well,e5d5ecd755fcab615901408781e4572ec348340a09ed75e48300f60bfbed2cc3,1
932-10 SignificantActivities,932-10,significant-oil-and-gas-producing-activities,a151a19a6338039d403a39d7a41a655b43a5e25dbd3231d10e1dd33b471814d0,2
932-10 StratigraphicTestWell,932-10,stratigraphic-test-well,84823586817509ddb87abe8106d387e8375c536f2e80b0f5758c9e9137fad916,7
932-10 Supportequipmentandfacilities,932-10,support-equipment-and-facilities,ff30395cd6cbe0b184567b28b7a8475980a2174be3cb4ed86dc658352b9fb321,4
932-10 UncompletedWells_Equipment_andFacilities,932-10,uncompleted-wells-equipment-and-facilities,70c9e2c2cff830244b2d625fa2dab8bf218c17c1c65022c7eeb86c5c1f3f9083,3
932-10 UnprovedProperties,932-10,unproved-properties,ef2899ce3d71068cf6d24e23c4ca5dd0a5419f4ed43033d1e466d7f6318b7896,5
932-10 WellsandRelatedEquipmentandFacilities,932-10,wells-and-related-equipment-and-facilities,816e42142ba89849536720f2034808000920f88fb3a5a27bc0b7f2411aa38464,4
940-20 BoxSpread,940-20,box-spread,3920267ef8ea7829c3e85c6b85492ffbf711212b797dc2b994f1e585c67cee32,1
940-20 Fail-to-deliver,940-20,fail-to-deliver,0f87ab74530a13620da9127cb95cc267960e2518a60ff568b386c6d6c144afd2,3
940-20 Fail-to-receive,940-20,fail-to-receive,a311b7678e3dcf0361cf77c3b5de8f67d688559d56c323737c2a1729c72f1fc8,4
940-20 FloorBroker,940-20,floor-broker,f1cb4ad973f00d2ad6aff43fc4663a5e999f4f1c7d9b7b5e888f72b568d11893,1
940-20 ProprietaryTransactions,940-20,proprietary-transactions,b672e0700f90819a508ecc5a12191018de15bb3dcaa67bc60252cbff9493316d,1
940-20 Regular-wayTrades,940-20,regular-way-trades,c28305534cc09773d6030dd1a590e1edfa5a070d1cb2dea2daee506e04d38ed7,4
940-20 Soft-dollararrangements,940-20,soft-dollar-arrangements,3d52e8ade2befb8f6030aac70509e0b9ec7705352e49dd2df7c04b973f321648,1
942-310 Debt-EquitySwap,942-310,debt-equity-swap,5283f312f765c3d5a941845dccdf7ceb91c56f73260e2eecc2bec01833486591,4
942-810 LiquidatingBank,942-810,liquidating-bank,93dff72d940ffcbf202cd2a9f119ae16bb3e88e5357c568dc01a081dbbdc0c35,1
944-20 AnnualPolicyholderDividends,944-20,annual-policyholder-dividends,46095357994abae07e861d08ff230e57267a1210624b398971f78acb29e39013,4
944-20 AnnuityContract,944-20,annuity-contract,29a573666d928d51a2b6a89e667bf7572978fe3a057c1068a51a1c873d25784f,3
944-20 BenefitPeriod,944-20,benefit-period,89f85ccdca27bbcf1139cf647c079462f31df4663298403de56a4f553a1a9413,1
944-20 CedingEntity,944-20,ceding-entity,01b8d91c4e38f514247367bfcaa560e661b28f710a95345a94f5af046dd20b00,15
944-20 ContractPeriod,944-20,contract-period,c111bb3dc81b649d84009eb75fd6e7d10fb152dcf23f74e6ff3726e7a791418c,8
944-20 ContractRate,944-20,contract-rate,21e6ca0c8907f16dd5f70c5ff47404db6dcf850bd1832117d822ff9b7bb3e219,2
944-20 CostofInsurance,944-20,cost-of-insurance,5a5367e425a236b90b70999797ca48ef2712dc79949e4c293d76c6d2a570d745,2
944-20 CoveragePeriod,944-20,coverage-period,c87aa608dd5a418a1ec035c8e700486b4682e93b0979d49b7b69682004989276,1
944-20 Day-OneBonus,944-20,day-one-bonus,db8960fe473a4c6016fd7c8e37fa28dd1d0ae40f591842219415b0d8786dd844,1
944-20 DividendFundInterestRate,944-20,dividend-fund-interest-rate,d6ea482aa8f7d04bdd14e402d7bf9c2f7b050fb983bdc40f37570bb0d39959a8,1
944-20 EarningsProtectionBenefit,944-20,earnings-protection-benefit,4e7447ce80fe9c4e430f817bb3e6faefdec910beea4ed794b209a372e09fd871,1
944-20 EndowmentContract,944-20,endowment-contract,0ab23a2d507e84bfec5657e7273f3d895d5a58b10089ee5b73dd475f40521719,1
944-20 Enhanced-Crediting-RateBonus,944-20,enhanced-crediting-rate-bonus,dd5ad3f822e7f2bb25aba34fc2fa720e921539ff39555ffd302d3203e6f40b52,5
944-20 Front-EndFees,944-20,front-end-fees,d05f46c68322d881d6bd7eefbf75ef58dd5c3b900e0b9fe466fe7fff2656cee7,3
944-20 FrontingArrangements,944-20,fronting-arrangements,fe243ceecad3102735246d5c90aa786e15cea9cbbb2ded28798d2b19e3b3ba95,1
944-20 GroupParticipatingPensionContracts,944-20,group-participating-pension-contracts,6fcd3c14ff410c5b431128be2aebe96b322721ab4a7c76183d3d3ce6429c5675,2
944-20 GuaranteedInterestRate,944-20,guaranteed-interest-rate,8e32d5faee6a60f5ff296e40eb0e32072e94fa196bef35c8b5a12b35a303c8f4,1
944-20 GuaranteedMinimumAccumulationBenefit,944-20,guaranteed-minimum-accumulation-benefit,e85d01bb7d0fc74f066375c4999793c0b397da224f92e44c0b2403da0f261c21,4
944-20 GuaranteedMinimumIncomeBenefit,944-20,guaranteed-minimum-income-benefit,a0fd1f1a37b233bd9c77f224c88ddb0d45522a8b2308905bc234bedf6c690500,8
944-20 ImmediateBonus,944-20,immediate-bonus,4dddef1007643367ae4eb467673a313ac986c6f3319f528c5cf61c39e8da8c83,2
944-20 InitiationorFront-EndFees,944-20,initiation-or-front-end-fees,c8720577472aea29149656c1e204731f51983bdc52a5dd64cd7d2bec41366cd3,1
944-20 InvestmentContracts,944-20,investment-contracts,4e102b2af51d57b4ccd790de109ae8c5abd84e775fb7f315038ddb12231b2f43,15
944-20 InvestmentYield,944-20,investment-yield,38c5c743dbd56cdbd9f8628f70b0af19ac5e8079db5628ef3515b2fc8aec879a,1
944-20 LiabilityforFuturePolicyBenefits,944-20,liability-for-future-policy-benefits,d8fd5a3e938bab227f8042405e60f6e47cfceb6e762de629733901ae783d1aa0,14
944-20 LiabilityforUnpaidClaims,944-20,liability-for-unpaid-claims,e9f303b99c132aa46414c2f9d59d49f797728ac0a37684ba2b321cd3aa9b0508,7
944-20 Life-ContingentPayments,944-20,life-contingent-payments,9fbd0c22084f362e904d912f9e711a36700e19603ec548529eddf3a3d20f117a,2
944-20 Limited-PaymentContracts,944-20,limited-payment-contracts,f31e1b55047a840249702808d20ed0d8714e2dd0dfdb1aa05210c70b29622812,3
944-20 Long-TermCareBenefit,944-20,long-term-care-benefit,9164dec72545fd1844ed8546382d79cbd0ad63278d703223640806a8927b06c3,1
944-20 MarketValueAnnuity,944-20,market-value-annuity,07c246df25c450f545ef2517c6578ea4e8c9ffc3aaa9bfc113d97382e71eb78f,3
944-20 MortalityRisk,944-20,mortality-risk,fdea1b9d3c5ef90ed0e8cabdd85c1fec632652b72349a7c63347734f85c00966,6
944-20 NetLevelPremiumReserve,944-20,net-level-premium-reserve,6ee4a04c0ec888326c7a01c06f7d454917083a1ee30c6bd4c96666dcc8f2d624,2
944-20 PersistencyBonus,944-20,persistency-bonus,dc378e8eb27b5042fee44a0b426e98cc0ee19cde892b263cd33b1d99543186ab,3
944-20 PrepaidReinsurancePremiums,944-20,prepaid-reinsurance-premiums,5cb4f78582e8241c841e3ca5a7db96dd1fd6851c0934fb5860e2247046c22b08,5
944-20 PropertyandLiabilityInsuranceEntity,944-20,property-and-liability-insurance-entity,72265c051d0f3f716ff17b12207c37f97817249cbe70232650c469418e70525f,1
944-20 ProspectiveReinsurance,944-20,prospective-reinsurance,4b6a035b39d977bd3c279d6ef565dd8fcfb5ed4c5e53a76520c3d3f26c2317a2,2
944-20 Reinsurer,944-20,reinsurer,189e2bc79787ca7810dbd38f341bf8ad0ff666a23067cb7a176a29b03783c104,16
944-20 RetroactiveReinsurance,944-20,retroactive-reinsurance,af1ffb6b875fbab524cd7f5b23835b69cd5e86d7cf5195a471244a53627fe36f,6
944-20 Retrocession,944-20,retrocession,c3b217899555d1c39b552d3e41cb2728b181733b0431730e8ea1a5b0b1186416,1
944-20 SettlementPeriod,944-20,settlement-period,32aaa4c90cc5468f1c7978013caccde18aeb63a6c9472adce566db43ea8e3d7b,2
944-20 SurrenderCharges,944-20,surrender-charges,471e82b18d5efdbbe3f3822510287930b37174a8d0d8677e26e938ff913588c3,7
944-20 TerminalDividends,944-20,terminal-dividends,e2920af22c690ffa49ffa3bb7f4db946a7b9485f564ad95501a72f1c2efc5bcd,3
944-20 TraditionalVariableAnnuity,944-20,traditional-variable-annuity,084acaa4fd2859ce04cde56dd02dedd559d621c202b859d154eb29ca8f990eb2,2
944-20 Two-TierAnnuity,944-20,two-tier-annuity,b497884f45e944ce53c742267aeae970ce2c4cd7d60732bede778c8a8348d17e,2
944-20 VariableAnnuityContract,944-20,variable-annuity-contract,06274d972a0bef4eeec31a0c1fb29fc75c1799c0b7743b79effe9e6e6f73e80d,3
944-20 Whole-LifeContract,944-20,whole-life-contract,7fa2e666ae8c2ba9f78c5f3580c1399349ddcb0935fc5d54014e1dc21f7dc92e,2
944-30 BaseContract,944-30,base-contract,578b7d684559035f104f99341de21a12d7adb46e73614cd32bd61f44d80ec076,1
944-30 ContractExchange,944-30,contract-exchange,44589e73fc90d63fb40198932dd5f2d8db9ff80c3c9e2b2d3a68f916714cee3b,2
944-30 Coverage,944-30,coverage,b67c0fd3578768eb918878681ac470e19b2dd1559495ec2d44f68f8f7d96e0a4,13
944-30 ExistingContract,944-30,existing-contract,09f9e44d80c796a1337feac10e9895d28fb8c28b521ab3a80f210613c90c6013,2
944-30 IntegratedContractFeature,944-30,integrated-contract-feature,20edefe0feabd1f06d0afba4d515cade197d1638668dccde5b8b326c7176b0eb,1
944-30 InternalReplacement,944-30,internal-replacement,eb4cec326b59bcbfca14fc3620b83496b671863dab8b405370cb3f175678a1c2,7
944-30 NonintegratedContractFeature,944-30,nonintegrated-contract-feature,d03f64b757adaeed832a872fad76ba4c79f06362ffab4a2b1cc42524910e6496,1
944-30 OriginalContract,944-30,original-contract,ceb69be48374207fd87a72427c87b4244d9179f94831e74221f8a93821089b77,4
944-30 RatchetDeathBenefit,944-30,ratchet-death-benefit,a6de253f4aad66e67ce28d00374daff883487ba6816465f3af80bccfe50d44e8,1
944-30 ReplacedContract,944-30,replaced-contract,bc6f6bd5292dd0f18cdd5be980bc45335deae5e940971d9a296ebbe7a984ce12,4
944-30 ReplacementContract,944-30,replacement-contract,2bd66ba275f6dfe6b87c09a40301ae2756a0fc375d4681d48c0da1c766a98e32,4
944-30 ReturnofPremiumDeathBenefit,944-30,return-of-premium-death-benefit,510ec2ae32f4ad010ef1aa36047fb40218ba2d21a990c57c698d845621070133,1
944-30 Reunderwriting,944-30,reunderwriting,378afe8d8e96324407be11c0d4c53cd7e69d2eba9d7ff285b502b71b8fd95922,1
944-30 Roll-UpDeathBenefit,944-30,roll-up-death-benefit,7dcd036733e28d56802c2daa2c041feeeaf2d154ef8ecd1464cd8afd518735ae,1
944-30 SalesInducements,944-30,sales-inducements,3bea6081e6972715b298486b46c83e08264c110e35e088d98d20053d62b1ae1d,10
944-40 AccumulationPhase,944-40,accumulation-phase,76fda2d6c0dae9e7fa70f197dc37e274c0bfadd06019b6aee6644628c0bdcf29,6
944-40 GeneralAccount,944-40,general-account,4b035398979afc3fcc56141cdf3ab113cccd90494cdefb20e85c78fde2b973ca,10
944-40 GuaranteedInvestmentOption,944-40,guaranteed-investment-option,4214de0fc11874b06ea8135254b9bc04b539c3e6127db8e5a807681eebbec486,1
944-40 MinimumGuaranteedDeathBenefit,944-40,minimum-guaranteed-death-benefit,c0b09b5de99898a19057efe86130631da5b8f7918e8db098dc619c5d74ddc7d8,3
944-40 Pay-OutPhase,944-40,payout-phase,69488009c2778dc6a64d28238aa79f1b2d8103960b3d48b7704db57dc9d826f1,7
944-40 ResetDate,944-40,reset-date,30a92061e0c0794ef44dbe1a9b5fbb9530ab01aa77029b2602917a61a797ab99,1
944-40 RiskofAntiselection,944-40,risk-of-antiselection,027fcbba714bdda29a6a64e9f93ca43f2bb0c68e07a11b6d09ec061964d15e51,1
944-40 SeedMoney,944-40,seed-money,4551589906f889a1accb84c65490d43d4f3d1529600443492c8c47dd68c29269,2
944-40 Wrap,944-40,wrap,00175f5c7caf3cae334da5e53f1aa2cebb20db5f3a821b2aaec7f57b0d9df77d,1
944-470 SurplusNotes,944-470,surplus-notes,e031b811061b1917c9663efd0af3f929da0177aa89a72fe9ed32c322f2b33bc6,4
944-605 BinderDate,944-605,binder-date,017b0fbd2e79bd2b6fa6638884ec5ebc4e16e25e02e61347df0a85b506300ade,1
944-605 OpenYearMethod,944-605,open-year-method,0d441e5e91c9f08c7bff9857089a216691b35d86072403a92948c0a32e0fe951,3
944-80 AcquisitionCosts,944-80,acquisition-costs,48ba2ede050a4fa7ec3c41d22a35c404a6c8416ac4df7964fb2a4a12efab4445,45
944-80 AssessmentEntities,944-80,assessment-entities,7824b16dabd5ecfa1cf2a4479f6ee53b5dcd339006de72ae742d0d105cebc9c6,2
944-80 Claim,944-80,claim,85bb26d5f7d5f72e94dedeb297beeec9d750871a7f345c3811c8f15df13df02a,20
944-80 ClaimAdjustmentExpenses,944-80,claim-adjustment-expenses,0dfa354e34de6bb2fc5b9a99736db9c7bea8b85eafffbdedc685ec182f495a22,14
944-80 CostRecoveryMethod,944-80,cost-recovery-method,01faba2b8984bea61caf9e25f4d7e257beca82ea747ff96a5047a8f7d9de9e6e,1
944-80 CreditLifeInsurance,944-80,credit-life-insurance,6fa12f69c211e33e5d32508fc2f5b5eda83825281fe9c29014723c735936ec30,1
944-80 DepositMethod,944-80,deposit-method,7041e522a666e3dc767e623ea2c43f315c0d97c2c8c71741d2e084c8611dd82f,2
944-80 DividendtoPolicyholders,944-80,dividend-to-policyholders,613df75e9dd2375fb764387fcfa0a9bf5c3c039aea8ea5c54f455834cbbb5ac7,7
944-80 FraternalBenefitSociety,944-80,fraternal-benefit-society,3ae6058147674d94eb206e722077a86965206bfac11ae3a0e9628487c8f9ddbf,1
944-80 GrossPremium,944-80,gross-premium,79f9c01e135d3161feb65bc0dbe71f131e6ede225627221821aade73ec71a9aa,6
944-80 GroupInsurance,944-80,group-insurance,089a2dd08952a9295801a1a17d95086d54be579fc026e25b40615aebbc421687,1
944-80 Incurred-But-Not-ReportedClaims,944-80,incurred-but-not-reported-claims,c10e7833404e5b48205fa11e2ad634cbc38f34782a177befad721182f4d22f2e,1
944-80 InterinsuranceExchange,944-80,interinsurance-exchange,ecc17d7fa0c70a72fcb28bcbea1012255daa2e5822da4b19c9e5ec155d53112a,1
944-80 LiabilityforClaimAdjustmentExpenses,944-80,liability-for-claim-adjustment-expenses,df07a82a934be098b0002c5d2f79676433ec3bed62ee770616a8bbe904ed188c,1
944-80 LifeInsuranceEntity,944-80,life-insurance-entity,7892bc701e14b46964e183ad42c20e7a64a4a0c5e2f49c6ee95643c3a9ab5545,5
944-80 MaintenanceCosts,944-80,maintenance-costs,db89219fd3ba14c53473e1df6ad877fce63fed3bcfb3501c6be28b893c20084c,6
944-80 Morbidity,944-80,morbidity,e0930fab2eba0da5fe4f9e3e4f55bdd1fddb0e31ec7a76fc301fa56ff60ccaf2,11
944-80 MortgageGuarantyInsuranceEntity,944-80,mortgage-guaranty-insurance-entity,166921058cc12dde42b132517a44007a3315a9d210ad344dafeb163cd60b919b,5
944-80 NetPremiums,944-80,net-premiums,ff0fc2df3cd06007a3449bbe86a6869a0829450ca165a9e502683285e00798e7,9
944-80 NonforfeitureBenefits,944-80,nonforfeiture-benefits,3178c5e6be659e7f03d2f04aad85e5cbaea1d427aef628691d5320d7bd3c6e31,1
944-80 ParticipatingInsurance,944-80,participating-insurance,e5cd2c33483776365ffe96130ef040f1138d43bae45b4edb6308d18cfad85e48,9
944-80 Persistency,944-80,persistency,68628e4158a8ca68b783a4112bc607bb86ae4bd66aa4e933383c57e35d85fb5d,5
944-80 ReciprocalExchange,944-80,reciprocal-exchange,894263fe0c8bc43500fb172da69f0a26d49f345f9f8b664fb0f5dac92fe721f5,1
944-80 Reinsurance,944-80,reinsurance,130077b20269fa7c458e830c2a090240ebb31085d74ff67d491f2983972d786b,89
944-80 RiskofAdverseDeviation,944-80,risk-of-adverse-deviation,356c8e924d57b75d4b772adf957c2e79b53f13298243c9ec967aa26477d3a291,2
944-80 Salvage,944-80,salvage,f5c1f3d5d04a958677913822b8900bf5e14e183733747facdb54ee8f703b6655,2
944-80 SeparateAccount,944-80,separate-account,45a69bd7ff523ab1043ae11bd68064b0656b863e7e1dc50d500508dda6248883,15
944-80 SeparateAccountArrangement,944-80,separate-account-arrangement,2655bffddfa3e10315841db4b208a47dd2cd16b8d0d7fba703fbce9351bc14dd,5
944-80 StatutoryAccountingPractices,944-80,statutory-accounting-practices,2a03e7fdc975dc91449dd7ba85f354e157f9df3721c145a026bf6390faa94603,2
944-80 Subrogation,944-80,subrogation,e6a64af2969f9d69917cae3c7b9933a241d2d7aac34b119725606adf9ff01634,2
944-80 TermLifeInsurance,944-80,term-life-insurance,cfef22426e565e9f2f8f65952b4df1b52f0840fc97d535f6eae9643e719fb1c9,2
944-80 Termination,944-80,termination,f56fae7a6ad085bc28815a07d0ee76deb0a9ee4205517504e546b7a8c1984ba1,15
944-80 TerminationRate,944-80,termination-rate,662ad22efa2f252603710f8bf11e37858bf595eedc0b6b0cb2efafe655b2244a,1
944-80 TitleInsuranceEntity,944-80,title-insurance-entity,473a22bab2f4625153ffd37d78a98d197d9eb30880b8154fa82750f6f6f3438e,1
944-805 ActuarialCalculation,944-805,actuarial-calculation,4367cfe00570850ef5e2e8d0f3158191dea6c2da57765b51e68a3c0c4cf0ebf8,2
944-805 ActuarialCalculationDate,944-805,actuarial-calculation-date,f43d89ff3f45955899e21a0d3cd87c3f14e920d531cda3e4010c0221ee55f19a,3
944-805 CarryingAmount,944-805,carrying-amount,abbfc2d0f4af1c9e2d3b16169352f5615061f455564fd1b53a02286378751569,6
944-805 ClosedBlock,944-805,closed-block,dc43bc1300da8a8bdfed839c1f7977b98db1d6fdcc30cb77e86c4f7a7c0747c4,9
944-805 DateofDemutualization,944-805,date-of-demutualization,090306f7abf1a1b2cb00ed02f9bb88eacfb7470d5dca8a7ec73b2aaab3070c8f,5
944-805 Demutualization,944-805,demutualization,9f75c3b643555dbb89d69c846abf87e8fc7329f9d6172cc3a3cf1dda8386f31f,6
944-805 Distribution-FormDemutualization,944-805,distribution-form-demutualization,9f44fee484543723fdfea67e49440f36d72f675f507cd3113d28229d4ee249e0,1
944-805 DividendScales,944-805,dividend-scales,4483b5d9ea682de0a4b02861cf08b920b43ab30cd67a9913d00a657668242b55,2
944-805 InForce,944-805,in-force,2b2465f827634c9bf2299c75909237219bd286aa5f2aef68e417231922c6f3f8,21
944-805 LapseRate,944-805,lapse-rate,fcc9b889cbe47cfe5d13426e2acb462eb469f032feae07c69760dc1ea7cc1210,1
944-805 Mortality,944-805,mortality,b5c1295990fb378aba8fdb7075143003e9027f2ef8a9c1be9c77087081f6371b,12
944-805 NetClosedBlockLiability,944-805,net-closed-block-liability,a468aec8a06870cbe8d5f9d31e628a743ff998163078d77a7f0404cc8cc5aed1,4
944-805 NonparticipatingInsuranceContract,944-805,nonparticipating-insurance-contract,7204c0af89022d0c1fd4006c8a9d0fb46ce932b0b6137d526c3d97755e13f5db,1
944-805 PlanofDemutualization,944-805,plan-of-demutualization,6422bd7a0a07f243d45dc33a28c2f8938d1a7d826127d721840bf2f56538c6e8,1
944-805 PolicyCredits,944-805,policy-credits,248e5353022c6320a75f1755c7fa4187e6185f4899eddf0a665032b23c6bae01,2
944-805 Subscription-FormDemutualization,944-805,subscription-form-demutualization,e94a8f0a072a18e258fd70ce25c762efa771c7696dc56b8fda1e4546a154a3a7,1
946-20 12b-1,946-20,12b-1,d5eb39d4fdf4c57b4d111429bc01b077092b6252f6c18e33669332c10ea240c3,15
946-20 Board-contingentPlan,946-20,board-contingent-plan,e2f0212ac385e215a6dc3579db9218caf03c2b3eefa94c3a942a2bf3ca10c450,3
946-20 CompensationPlan,946-20,compensation-plan,e805520b42bfc97251e2f4a1ffb34df0df9e1a60ef760179c0282707b9ce0f9b,1
946-20 Contingent-deferredSalesLoad,946-20,contingent-deferred-sales-load,6eec1fd638dcdf3711413894b2150e874a1cc0ccd4b227a0b8ec50c00855ebe7,9
946-20 CurrentShareholders,946-20,current-shareholders,eb66aeedd7bc7dfdc783c7cbc7c161010ce936eb2b0fb9ad5c4623616b44d03e,3
946-20 DistributionCosts,946-20,distribution-costs,fd5903cc8a7d44294058be6d09b7c03fed10b7c477517efa9fb578a586a32531,3
946-20 Distributor,946-20,distributor,a05e13b4a0cf9f26ba3b5920ad4c2822f9a65d17938033b207f547fb7c47a1f7,3
946-20 Enhanced12b-1Plan,946-20,enhanced-12b-1-plan,90c4bb11f68f34bc902f7bfb6fa8b53ef43d5040b37c812d888b6da7d9b6cdbb,3
946-20 ExcessCosts,946-20,excess-costs,efff75a0ec6100db7ff644e5cd8f87de04ebc8b340d2fe2d14195028b1a3d584,3
946-20 Persistency,946-20,persistency,b40d4b8155925661b0853ca4b3e5e99d6e4bd7f72b7f0557260db299295d00be,1
946-20 ReimbursementPlan,946-20,reimbursement-plan,9e2081a5d16c17f65bc2f8a6a560d766df8c7b5c686ddfc73f5827598852d367,2
946-20 Traditional12b-1Plan,946-20,traditional-12b-1-plan,78afdff1fac7bbaf064c453140b7a2ca6be7616beb75efc689db9b2cd57cf3b4,1
946-205 NonmanagingInvestors,946-205,nonmanaging-investors,d9494c52f108f3cf9913cf9c700ae86a437dbab288170509cd3bd674ebffb801,1
946-205 NonregisteredInvestmentPartnerships--FinancialHighlights,946-205,nonregistered-investment-partnerships%E2%80%94financial-highlights,8111274ac04b9fe9f341ab0028a50b9738e7cb9f287e0ef8b461da4cf393224e,1
946-205 TheoreticalInvestment,946-205,theoretical-investment,d9494c52f108f3cf9913cf9c700ae86a437dbab288170509cd3bd674ebffb801,1
946-205 Unitized,946-205,unitized,d9494c52f108f3cf9913cf9c700ae86a437dbab288170509cd3bd674ebffb801,2
946-320 BabyBonds,946-320,baby-bonds,ab830eb1fab7e6ad12ae4cd43ccafc5974c0ce13ddd60e5ff75b8eac17047c2b,1
946-320 CapitalInfusions,946-320,capital-infusions,ec6d352dbd6ba281477021fd2819236f225d276321297d03165fac9de7685786,2
946-320 High-yieldDebtSecurities,946-320,high-yield-debt-securities,beb9216d23935208f2e2b31c5690cc0e0b532925ffaf073f2ed8835cfe0ceb5d,2
946-320 JunkBonds,946-320,junk-bonds,26273f7e0f92e477f964b18e8378555d4eb922e4bf573265d0c99bc4cff3382d,1
946-320 Payment-in-kindBonds,946-320,payment-in-kind-bonds,e15fe801716e1603bca55bbbe6a77db404c17d2c5f3de030017e0ddd56ce35d2,3
946-320 ReturnofCapital,946-320,return-of-capital,cae549c01a331594f4eec8c0b689a4c3c858d9aa3fd1ba12e243e08f38e89e38,5
946-320 StepBonds,946-320,step-bonds,52e7e984d2431af29de8ede5ffd202b8b6c2d6e218b2bb0398d4f2ea01f35189,2
946-320 WorkoutExpenditures,946-320,workout-expenditures,52f6e90fbb934ce018020e4630adfb3d23b31d0876d447a9d8709a67f36c4776,1
946-505 Actual-Income-AvailableMethod,946-505,actual-income-available-method,d19fbcf45da1a750371cf686adaf44afdeb3e2e3bda35dcf28043d5e2674b989,1
946-505 NetAssetValuePerShare,946-505,net-asset-value-per-share,23e94f9d35b95b4854497c391ce330d309e4326adb6af858ebfd1772a1f178af,10
946-505 OfferingCosts,946-505,offering-costs,ddc29e0e45a57e6fef0a37b7f74accdbf4feb5770ae1ede28e6a809471450c85,6
946-505 Record-ShareMethod,946-505,record-share-method,95dfe4c9a284d1814253b73b694d946d387676d9f126686d51fdd428342be046,1
946-505 Simultaneous-EquationsMethod,946-505,simultaneous-equations-method,51cea8ef6476d23ef229270892196f7117564569524bef142d4a703f61bfd308,1
946-605 Closed-endFunds,946-605,closed-end-funds,ad78d797f798ebecd6fd245cf79e6b1f20d46940917046c5667e963cc9ee5dc9,2
946-605 Front-endSalesFee,946-605,front-end-load,da669603daf6b14cd82cfcdf1d2113812ad015414b1ca5b5c25abc05d1fd4966,5
946-830 ForwardExchangeContract,946-830,forward-exchange-contract,7c7c9fac91327ae72ab3645fa0b8ad61e3c0c5372023b3841bd3454b7e30fa44,2
948-310 AffiliatedEntity,948-310,affiliated-entity,e052fb384532714da2c15ef76a2668088b9b6b9e95ef3bce349a049d342e1162,1
948-310 FederalHomeLoanMortgageCorporation,948-310,federal-home-loan-mortgage-corporation,7100b1119dbce261a525527d917ab3444d9c266d02d86c503a4b0c58960e0751,2
948-310 FederalNationalMortgageAssociation,948-310,federal-national-mortgage-association,b45b328291eed93637aa3128b0ee73beec74d5a60c755fdead57c3c7e580b319,2
948-310 GovernmentNationalMortgageAssociation,948-310,government-national-mortgage-association,598860b7797945ae0720dccbea425c444076e98d431653de9a964bd101dfbf48,4
948-310 InternalReserveMethod,948-310,internal-reserve-method,ca3be7f009a0c16c717d3678de30e7113328fce4b766c53131d88ac74e51629c,1
948-310 Mortgage-BackedSecurities,948-310,mortgage-backed-securities,e3fe620dd17c35665e4edaeff7bafe7c97c74620b69db1649122e8a89e91ab69,3
948-310 MortgageBankingEntity,948-310,mortgage-banking-entity,6529655ab86d39863c611a27c48136a7c7a3059675af7508856ba6bfca25b9cb,6
948-310 Originator_sAcquisitionCost,948-310,originator-s-acquisition-cost,dd89e38ca8364b1c4d1d1c3faa5a07a9d389a15de9815edabe1521a298a65b67,1
948-310 PermanentInvestor,948-310,permanent-investor,cf0b39a102802415971f8f1312b5d9ba261d42ba696f1957627d4710c25be799,4
948-310 UncommittedLoans,948-310,uncommitted-loans,de19cee90ddc70e8f561f1f1b5bb9983f3f09c57aa84ba4fc6607b925af94c92,1
950-350 Backplant,950-350,backplant,6bdef000ee326142b52c6b2e0bb35da5329a814532f8e5a7b7967be8c72f4677,2
950-350 TitlePlant,950-350,title-plant,eee597cec1df8f6f9d20c4d5e75057a2c04a18e153d21d6c4d7558684f8259d5,6
952-10 ContinuingFranchiseFee,952-10,continuing-franchise-fees,bba116ebc0d3b2e8527d367a9aba8c22c15d6678a5ec614c0ef2800c81ce0eea,1
952-10 FranchiseAgreement,952-10,franchise-agreement,83e1c2b387c53a0b464d46ccf6981909cbe6fc2069f8bed0072f404dce96fa04,2
952-10 Franchisee,952-10,franchisee,c2bfb0f38165c452263f33f9e348d68aa4a6cdc57b003be89de9c65b3eca6b32,1
952-10 Franchisor,952-10,franchisor,8496567aa60182bb8f1818da7091e786a55bb23ea9e470bd89e201766dc5c4bf,10
954-10 EquityTransfer,954-10,equity-transfer,6dd8a9d4bd8ac3595844f643b64fc78bbccb74ed51a6087dc5634d60e34ace26,7
954-10 HealthMaintenanceOrganization,954-10,health-maintenance-organization,e9534b1d8073e28b690ac54b4a878473fd2c668fea500f0680ee67e032cca8d1,3
954-10 PrepaidHealthCareServices,954-10,prepaid-health-care-services,25ceec4113c6e89e1b769cff10da7865297a41ce73d42dbf02ce9bcecf9a1984,3
954-10 PrepaidHealthCareServicesProviders,954-10,prepaid-health-care-services-providers,9e4a7907ed21bd17e0a9d5a421eb8af6b6b02db903d9b7dd7609a3bacd7831c2,1
954-205 PerformanceIndicator,954-205,performance-indicator,56fd92f30cff618b7de3a1a9e6704680283b051fb51e8d4f538dda3a7d2fdb72,15
954-310 Stop-lossInsurance,954-310,stop-loss-insurance,11e2a77451a168a1605e5751f05b7fab754bf46bf75f77e4f6240c0ebc47fb36,7
954-605 CharityCare,954-605,charity-care,41f73df548b3915d914e87740703c362ac9409117af043f2790f9b5168069701,2
958-10 Board-designatedEndowmentFund,958-10,board-designated-endowment-fund,325641f9802b9cf2fc70e5c660e82d28f43e2cbf8e2460422a2467c6d501d234,10
958-10 Donor-imposedRestriction,958-10,donor-imposed-restriction,32b34ee233f96c380dd6ef75a4997c86cf7ea281f75a802803678ed92b5d2ea8,54
958-10 Donor-restrictedEndowmentFund,958-10,donor-restricted-endowment-fund,73b68491c6fd23c6e6809aa9e35c2d79b3b3579c421f33918a9719b32c4664f5,13
958-10 EndowmentFund,958-10,endowment-fund,06831309ac1e3a5f8aff7fc54249f72da876e2b8b8d7780033be45a1e6eb9822,11
958-10 NonfinancialAsset,958-10,nonfinancial-asset,3358cbcd37628e040d6845b722fdb1bda2ae84edea2dc46c0b60010c733a2ff8,16
958-10 Stipulation,958-10,stipulation,70390ea37637d1cf2d6933071ce5f4ba5b872a8926d30428de184f7fb8b01cf0,7
958-10 TermEndowment,958-10,term-endowment,fb265be082779fe7b39ef3a242cf9d141e08b2051d952fcc221330e672fe37ba,4
958-10 VoluntaryHealthandWelfareEntity,958-10,voluntary-health-and-welfare-entity,f5c72f79c538f73b2637a19f43423e9f76fd238518b982eb5d89cd3da3da44b1,1
958-20 FinanciallyInterrelatedEntities,958-20,financially-interrelated-entities,6147908d1903d2afd5c69221c1b45be838d4778f1afdb32ab49da3a2183b513f,13
958-20 OngoingEconomicInterestintheNetAssetsofAnother,958-20,ongoing-economic-interest-in-the-net-assets-of-another,32fb4da1d32f7a8580647bf32a82ec57f2ef42373b77d37b8328d95152cd37e3,3
958-20 RecipientEntity,958-20,recipient-entity,4cf08e7cff0a68f40bcb8d2e469a0425120ed292b3db90e08d34562e442d76ea,19
958-205 FundsFunctioningasEndowment,958-205,funds-functioning-as-endowment,904a2de5e6e838e3cad05ffe57e07111fd95b1d2893ed296ccb404a9252fc3ed,8
958-205 SpendingRate,958-205,spending-rate,9d7d61847172b3cea348ddd7027a04d796dd35a83c95b4aa54b992330264bb37,4
958-205 TotalReturn,958-205,total-return,1c64e5e51f4104726e60c338d65dfbc3c644d29d4a5ece0dc916537832dacc8b,2
958-210 FinancialFlexibility,958-210,financial-flexibility,99a375d0d50b23312489a64485c3f990005144e0cf9dacb81f0796973e193f78,3
958-210 Liquidity,958-210,liquidity,671276ae79e63dfabd11f91aa1c7f60dbd9e3c8daa58f74c6efed786c0e7e971,7
958-30 AnnuityTrust,958-30,annuity-trust,7281b9cadf9addfc73a8261cabdb050f089400681b7449ad9ea8171151235674,3
958-30 CharitableGiftAnnuity,958-30,charitable-gift-annuity,7c6f380af1e0791163eeb4996e036e2276ed5d10de790afae321489fc7138aa1,5
958-30 CharitableLeadAnnuityTrust,958-30,charitable-lead-annuity-trust,f15dd5346e8479b871c58e85b47bb1fdf13ee5e62536bc6a000e5aeaf15f3d4e,1
958-30 CharitableLeadTrust,958-30,charitable-lead-trust,54793c5454b66fde9ae7b00d3e5b9a24763304f86cfa71862b8f1120ca1beb2d,3
958-30 CharitableLeadUnitrust,958-30,charitable-lead-unitrust,b58719a5fb8e02dba098bd99f5fa9bd02e1c48f0fc39fbfba66bbac1066c54a6,1
958-30 CharitableRemainderAnnuityTrust,958-30,charitable-remainder-annuity-trust,88490cfc7ae0be2b51f313d8607ae82fb8d7ace3c2e44987fb34f8ed11310f17,2
958-30 CharitableRemainderTrust,958-30,charitable-remainder-trust,64c7ddb695caa79cb75d972d2d68079c026dbc0b380cab0de945ca10935d646f,3
958-30 CharitableRemainderUnitrust,958-30,charitable-remainder-unitrust,04615e35a0080196582fd3cd333ef02ec8ad8a7c5d2d43328c9f023886d2276b,2
958-30 LeadInterest,958-30,lead-interest,bd5e985854d06295a4f5cbadd7ace2a04b4f7308a1dae071f93e831706793a9b,5
958-30 NetIncomeUnitrust,958-30,net-income-unitrust,6dfe5a7258c4d135157653f37e43390db7d3d976bbdddf4804e3367f5f036eb0,2
958-30 RemainderInterest,958-30,remainder-interest,d693d8f83daa28d0f30c9e5b221138386c1d4a79353bf4537d30ad1f800ced65,7
958-30 Split-interestAgreement,958-30,split-interest-agreement,bfd0617b2ee0af3da6a5821d4ece3ead23b729d65f9bbad3fec41df184f17000,11
958-360 Collections,958-360,collections,169e044c2b1416f541a32837846442828720ac05368032f788cdd51bbc19310c,18
958-605 AgencyTransaction,958-605,agency-transaction,425262672393d1abe64baf23124e2a22b985bfcda3eccef6b8ad6b634cc0d234,13
958-605 Agent,958-605,agent,dc43eb45514abffb8757addc9a42dedf3d2bc05697025a62012470fc3bad5cde,20
958-605 ConditionalPromisetoGive,958-605,conditional-promise-to-give,491c14667b2ede78e64758d6e3a6a1db075594570c3d5afccaff14b6eec167b8,16
958-605 Donor-imposedCondition,958-605,donor-imposed-condition,e47ed40c67aaa430faa87ec54c4495f19506619dab854561be6fc27f4f4647e8,30
958-605 Intermediary,958-605,intermediary,defb8d664b30c8728082aee5872859bbe6878751a6cb3ce9972b4cb8e6f6ae57,16
958-605 NonreciprocalTransfer,958-605,nonreciprocal-transfer,2177d4f162b90edd3627d81a6fa7e07478f628ffd8b422d8df2e78b84071477e,2
958-605 PerpetualTrustHeldByaThirdParty,958-605,perpetual-trust-held-by-a-third-party,59cd73481f3fea14934b3831d4c7397be88b24542223377ac86bc287df51f5bf,3
958-605 SpecializedSkills,958-605,specialized-skills,7c773ba0a48e9b1e2bb1d500d53c962625a671aba414b80f60860b4838a4f5b0,4
958-605 Trustee,958-605,trustee,dfaa8ed16f15f895c9298915d7e686d40bd09e20836f7034425572d29c33a5e8,20
958-605 VariancePower,958-605,variance-power,87b602dc08cb6fe54900c6dcc4dcc8e5417f81fbab2c98bf948c843d49925bea,8
958-720 Activities,958-720,activities,d1e4107a5f2510c2af5e9a9532b193f21418e24d4ebb6606c63228fe7e0ffe9b,6
958-720 Causes,958-720,causes,3b2a7801b2924fb4112aef6754f4dde3571a09b787e1c1716c10bc1f22c332ae,2
958-720 Compensation,958-720,compensation,f4e5d92d6b0147a77bb48aa50a18784326dcdb88c9ae21845441e3d3125c440c,2
958-720 CostsofJointActivities,958-720,costs-of-joint-activities,e11fe443e376beb304ed774c2c6b9b64d8e1cd5035fda29c0c272ef4be889af1,2
958-720 Fees,958-720,fees,ca73d457fe901168a785cf3eed85397fc3eae0f12c62f2cd1fd4061f0b894089,2
958-720 FundraisingActivities,958-720,fundraising-activities,6da3ed1f683d1e88aec9d5ba5e8d5cf4f1e693a76c807dee5a66fd90afcb0447,6
958-720 JointActivity,958-720,joint-activity,fb5d297897a3d14da8b6c54cfa20a481f6e054655c032f7f2e74bcca85ab6dec,4
958-720 JointCosts,958-720,joint-costs,90d135349b04da335433e03e48b4615cc24e5e52d29ef78ef60268696b89c6e3,4
958-720 ManagementandGeneralActivities,958-720,management-and-general-activities,2de2070783d3b15f9f55ad54b9441c02ceba0cce44a9a2b5c37a6e32b65f0eea,7
958-720 Medium,958-720,medium,b6d815e1e0fa284cefc23c6ef558b7aa3c622aee2bf45b5043b21ecb1550bc14,2
958-720 MembershipDevelopmentActivities,958-720,membership-development-activities,8d3aa6bff9dd991d143204307cd094b3db3f20e6e51c23136f73dee79668c15f,3
958-720 NaturalExpenseClassification,958-720,natural-expense-classification,4f24b5b50ccfb8a1faea505e3ac1c4314a9802e7836943ab07c44041fa46fe5f,13
958-720 ProgramServices,958-720,program-services,52586cf418faf84509b8d9761d2d3487ddf6a0ffc5f0089d897564ca884c22d2,5
958-720 SupportingActivities,958-720,supporting-activities,7bb78e83bae5a0ed0b44c071c814e81be9db7803f60b2362949faef75494d560,4
958-810 CombinedFinancialStatements,958-810,combined-financial-statements,090e42d84052f4eb6bce9d83072f88c942fd682a052ea1860affe96058eaa8a8,3
958-810 Consolidation,958-810,consolidation,14c472a4ae273ad212d5ec84bdfe41131610143c67ab9d308a4a5507f38aef27,4
958-810 Control,958-810,control,c3ce4106ae0873d4b070ee770356f032e55ab5506aedba1bba8f88d1f97d0ab3,12
958-810 EconomicInterest,958-810,economic-interest,ac03db460cec658022e854957fcc82f338fcb3cfcfd25db5c82c9b0d44e9eb11,11
960-10 AccumulatedPlanBenefits,960-10,accumulated-plan-benefits,4e2bc5fff3a76daa000668b1e69d3237f940539b7ed803a59d7df66b8f249624,10
960-10 ActuarialAssetValue,960-10,actuarial-asset-value,68322ec6b0604a16d7d909dffa05eb7b04414aa4983da58de786d4a6247a8241,1
960-10 ActuarialCostMethod,960-10,actuarial-cost-method,741404d7f431b72f81bc2b8ab264ef6b28a10681f8d89827d9b9e49ccbe836db,1
960-10 ActuarialPresentValueofAccumulatedPlanBenefits,960-10,actuarial-present-value-of-accumulated-plan-benefits,9950c702cc6fa64b39db938f1ef2a165084b8ea4f7a3206d9e0fc0d8d8a4f0fc,7
960-10 BenefitInformation,960-10,benefit-information,1e9225878670635a083f61f81ea51bce6458649cde866f1c7785ea033d43ff98,9
960-10 BenefitInformationDate,960-10,benefit-information-date,2ccce679b71df3d6d89d64e6f0324ff39130f1c6d49bc5d39ac52402fbb096d4,9
960-10 BenefitSecurity,960-10,benefit-security,5048f61a12a9bcd2a854a88139c67ef7cae14127d7f56d01b6e9d82738b81ca9,1
960-10 ContractValue,960-10,contract-value,0d4e85188b3d0dbc50bb8da5e98a9d6f1aefd94ebe464599c1a4cc199988526f,4
960-10 Employee,960-10,employee,7962d7c49773a8b7893533aec204104d344ea237e040c59be043104fff433e8f,8
960-10 FundingAgency,960-10,funding-agency,bbf2403a96cc7e07420b20080973873a70fa713e69a04cd1accc756986fc361a,1
960-10 GeneralAccount,960-10,general-account,de68e02bb34fbcd836b3633e162a8782d2f7c4131a8f7db846e3005d1a4b66b6,1
960-10 NetAssetInformation,960-10,net-asset-information,5a64533ba0738fe9f8b855f7358af0bbbd9e404ae7df231f7b7d61d5e9532351,4
960-10 NetAssetsAvailableforBenefits,960-10,net-assets-available-for-benefits,15222c999555f4aee82eff502f5cd6d48f22439e5e4100cf46665081cf597eab,10
960-10 NoncontributoryPlan,960-10,noncontributory-plan,61759a372207ff25613549169ff9e374d47c016ae82dd7cf6f61d097f0b9b065,2
960-10 NonvestedBenefitInformation,960-10,nonvested-benefit-information,b1bea40b1e8686f77c137c573331c771d5da93b677485bd3348b70ef031f35a9,1
960-10 PensionFund,960-10,pension-fund,130ffaa2f72b7c23a93328b4b733cb4bf8c8bc302897aed9bd26fe7c59e39c4f,3
960-10 PlanAdministrator,960-10,plan-administrator,b124d7386818ed876089bb0bb854188548c9e76bbc2c652a3786d36ac68d47b7,2
960-10 PriorServiceCosts,960-10,prior-service-costs,f523d330bf53acaede22e886e6c5ef18cae014aefbedec69afd6f088c5116fdc,1
960-10 ReportingDate,960-10,reporting-date,62733037ce83701447d6a7373d9fb362cc497e115d83cd430966eb4f916f40a7,3
960-10 RetiredLifeFund,960-10,retired-life-fund,84ddea1f68eeeb1d34068d366a119914bfe6f204b791c7da0bc71830771fc9b0,1
960-10 SeparateAccount,960-10,separate-account,66b4802bdd9ec4b31fa39f3cec677a8bec79cef25d8a24012078e8b4094ff59c,1
960-10 SupplementalActuarialValue,960-10,supplemental-actuarial-value,9f6b9e1b66e3256b3503691fe7d03ef8c83a54c1fccd8a407ad06f5986cc9340,1
960-10 VestedBenefitInformation,960-10,vested-benefit-information,a600f3264714b9d0c269d2729652500fbc90446f7d22d892618c015af001d80e,1
962-325 DefinedContributionPlan,962-325,defined-contribution-plan,3b1e95f67428043764f61ed656d45970a53ef9bd102d201c36a6b16872e6e756,30
962-325 FullyBenefit-ResponsiveInvestmentContract,962-325,fully-benefit-responsive-investment-contract,16221cd198df372c3c237d0866c456321bd42f3752d0203f336daeea442a653e,16
962-325 InvestmentFundOption,962-325,investment-fund-option,2f6b634e937fc7e0bfb0ab0e0813220073b8ed8b6fbc676074662a3f1181778c,1
965-10 AccumulatedEligibilityCredits,965-10,accumulated-eligibility-credits,b72d8fa1cb578f3aab7c2a492d8b3a57d6e68b9318a15cdeee5e4c6a73e46b31,3
965-10 AdministrativeServiceArrangement,965-10,administrative-service-arrangement,cadbd5ba2b8454a4f17edd471c2e047b87db73145fa5d4aaf353d7dd4658451d,2
965-10 FullyInsuredExperience-ratedArrangement,965-10,fully-insured-experience-rated-arrangement,06496f82c750088d93e8aaff942dd4afad0dd859834e2e5c660d405a45657a49,2
965-10 FullyInsuredPooledArrangement,965-10,fully-insured-pooled-arrangement,fbd95ff8881df03e4c862ec5f319bf44be15f81ed5d30fa4c9a5ae5e11fc5888,1
965-10 HealthandWelfareBenefitPlans,965-10,health-and-welfare-benefit-plans,eb93a64081b19a767e32de668c9a97ca30efe3c8f163bd411db6199800a5b958,19
965-10 MinimumPremiumPlanArrangement,965-10,minimum-premium-plan-arrangement,72cda43cf5e03070eaec307475cde8e2a9ecc87acf495efd4381a922cd5abcb2,1
965-10 Stop-lossArrangement,965-10,stop-loss-arrangement,0f36b3cda519db77a5b007955e2d0b268c74130016346b46d315c4ea0aaeb56b,2
965-205 401_h_Accounts,965-205,401-h-accounts,f2b5dbd7fc19fb7b84936aaa5bc0999e0e1e4141f39a0e5f650e642933daf8d3,4
965-310 ContributionsReceivable,965-310,contributions-receivable,7ef8b9071e1e2c61168697b26bf9c62ece77430daa6e73b272ef3fe69f9871a4,10
965-325 ContractValueofaFullyBenefit-ResponsiveInvestmentContract,965-325,contract-value-of-a-fully-benefit-responsive-investment-contract,7c9e58dbe60c8fe6d9a553e5a1de2b67f4267d9470358a0bcecd16e2412c11f3,1
965-325 DefinedBenefitPlan,965-325,defined-benefit-plan,c7cc6ef3638416d75bb0d5a7d4648388ea8cbccf74f1e6d6f8769aa40fa861cd,44
970-10 CommonCosts,970-10,common-costs,14d23316d95b7c34ad963dda2db72ab42a8fc3b871d82e39f779947f5e67550f,4
970-10 CostsIncurredtoRentRealEstateProjects,970-10,costs-incurred-to-rent-real-estate-projects,9581d7eb31efaaaf821b7bf7c3e07304cffa3ead9570cf5fabaf5e738c11a24e,2
970-10 CostsIncurredtoSellRealEstateProjects,970-10,costs-incurred-to-sell-real-estate-projects,2245ce44949f126e42cde8a8fff395bf1657226f93068a6331fb930798468e68,2
970-10 Deferment,970-10,deferment,fded2036317579ee5a2a26b37a2e272159e1494b7d4639430257349942ee7ccd,1
970-10 IncidentalOperations,970-10,incidental-operations,584769b7977dd2455b00080168d549bec3bb01f0e6e8d9e0577e80c733d6e5bd,4
970-10 IncrementalCostsofIncidentalOperations,970-10,incremental-costs-of-incidental-operations,5ba3ae117cb7462fdf917fc05c766d21203426348797913a845e78528cda12d1,4
970-10 IncrementalRevenuesfromIncidentalOperations,970-10,incremental-revenues-from-incidental-operations,c60ddc79401edb7b9b8b4ae8031a6829435c7f86479bf9a2263c87898a6edc14,4
970-10 IndirectProjectCosts,970-10,indirect-project-costs,d600b76b14f7bcf98d49aa7dab72a0a90e4f2116f367d230658c34ce6092a687,1
970-10 PreacquisitionCosts,970-10,preacquisition-costs,c9b55d59f27b506176a430e9551a287d0486a9e1a13b41a16aee8d26b50c03b9,3
970-10 ProjectCosts,970-10,project-costs,159f6b023813e6170faa0c5531e12e1d6a0604c64df8d284882dfd5f0dde6f89,14
970-10 Recourse,970-10,recourse,4d3c758a82a0b7eb33351a9da1c64a24fef2b89ae62bc20def09bc46d5b0f073,8
970-10 RelativeFairValuebeforeConstruction,970-10,relative-fair-value-before-construction,090a61a48ad1601a2a591cc87a7ef73bfe7079d4873dead13c1db27ee982f4d4,1
970-10 SellerSubsidy,970-10,seller-subsidy,ca612a65f43f7585197ce8dcdf28a4a2727bd3c692b69beecf1053bbb039c898,1
970-323 Acquisition_Development_andConstruction_ADC_Arrangements,970-323,acquisition-development-and-construction-arrangements,61ae880df232453ce35a65a3cc032448eb68737649973830aa2a34ec65cae495,10
970-323 GeneralPartnership,970-323,general-partnership,97c3f78a285bcfb52b5aeca5cfdc715f45fc3ae3c0cc41ad9c8441efce54b6b5,3
970-323 JointControl,970-323,joint-control,c5ae8aeb206406dd3718b46624c3cbec849a4d15433b160f201fb64bc6c99019,1
970-323 LimitedPartnership,970-323,limited-partnership,eb040e42ab0b596b6bd29201f83b046c706d5d0dd8f015f8b9a539661013b1d7,12
970-323 RealEstateVenture,970-323,real-estate-venture,e7d125995f289d77522820836be973154759505bb56d74378bd289fdc17e64e3,6
970-323 UndividedInterest,970-323,undivided-interest,85ce34ce75cca74a68a4fea7eb922c991bbc054d105c4e9ba6b6190c7ac4e517,3
970-605 BlindPoolorPartiallyBlindPoolPartnerships,970-605,blind-pool-or-partially-blind-pool-partnerships,b86f7a606911767cfa7c53855e86c3ff07fc6a6a9b13ed80dbade65cb0acc7b0,1
970-605 SyndicationActivities,970-605,syndication-activities,24b8182ca8d3d127aa7da1245a3dc060837d75569a6b9bec9b10e97e13a27660,2
972-10 Association,972-10,association,b2bdc3d606c695c4020709ae00bc1dccdaa07cc03b807fe16b0b550be918a792,3
972-10 CommonInterestRealtyAssociation_CIRA_,972-10,common-interest-realty-association,a5e9736fff96d621587e46f6e2d64db8ef7747de0b91812d23d5c3f737735962,15
972-10 Condominium,972-10,condominium,629ff7d2de1ae010f7d23bb601bb563aa5be7a6ff5b464cd0e3562f67670ab17,4
972-10 CooperativeHousingCorporation,972-10,cooperative-housing-corporation,3b321c2ba8c3c70c8d5edb19eb58fdb85dd8bb474822c2e94974f5620b408fc1,4
972-10 Homeowners_Association_HOA_,972-10,homeowners-association,a1b54ea29abbc8e1c23540e6b34e957a55c1ea14e7a28e332071fce7808fee1a,3
972-10 Planned-unitDevelopment_PUD_,972-10,planned-unit-development,a400177ce75bed9db1c17c31a88039feb2a1dcb40143ee3270abcbe975f7dfee,1
974-10 RealEstateInvestmentTrust_REIT_,974-10,real-estate-investment-trust,9af75b8ca1e3765da31869ff2a6ae46035dc4d900d61e6f4bb91f5c26bb8d354,14
974-323 ServiceCorporation_SC_,974-323,service-corporation,238eeb435062a7bbbd9e9f9cff918f4b3c85b7ae8967ce48157b54663a670da9,7
978-10 Amenities,978-10,amenities,84da106ba681303d20e70c2dd3bbe484bbd5c6290246a13233a7841f299647d9,6
978-10 Downgrade,978-10,downgrade,a2659e7de1ec91db3e87a4a869b5c133a00209897143c23fa7b8eafad718d691,1
978-10 FixedTime,978-10,fixed-time,fe46f7288428ba499bd9c4524196b90947ca635d3560b79024a3dc6e4622a087,1
978-10 FloatingTime,978-10,floating-time,362d13679224e0894e7c4929ca41d4fef8c77353c4622ebafc90e8b82fb53053,1
978-10 FractionalInterest,978-10,fractional-interest,35769bc0937114242c47a986d17ea6bd10ea4e25bf1e0c03cfabfa8be6752146,2
978-10 HoldingPeriod,978-10,holding-period,dd4b4f97983d14d837576c4fb8af677510dbeb24654eab48a47a83104257535b,2
978-10 Interval,978-10,interval,6da02617b5906a459cd4ee0c1b57ed7fe087d207ff37b0218700db1a6312a735,7
978-10 Mini-Vacation,978-10,mini-vacation,9b4d7a43dc7f8674d25fb666aba27cabe3418bdec2589e4b4412ae2257d83db2,2
978-10 OwnersAssociation_OA_,978-10,owners-association,ec2488c82325b6869ea5e5df93b8bccafd4680121bdb90fecfd8de83c94811d4,2
978-10 Phase,978-10,phase,78339e520b8677cf4d46096c52fb3292ad9aac05e7ca87d5d63fbcffe8635ffd,10
978-10 Points,978-10,points,b465029d02dfb13aaf77ff433d66b7aa4c6a3c587a2f2e310a79f80e9457f0d4,1
978-10 Project,978-10,project,38894b9e876d2a926d3e9b1e02bb25e5f5dd507c5bf59c52acd7b37eb9bb19ab,5
978-10 PromisedAmenities,978-10,promised-amenities,4d0ecfbe168fb6db4690efde023ce2abd9ec54f302169910607d18945ce8659d,1
978-10 RelativeSalesValueMethod,978-10,relative-sales-value-method,4fe367a89d76d3e0c82e0879797fdbc4971cdb7bb12243bfd4cd76a0c249fafc,4
978-10 SamplerProgram,978-10,sampler-program,ec82d56fabd1abda70fe7490f0a0bb26f1813ee19e52b7dc525d82c5fb576b0f,2
978-10 Time-Share,978-10,time-share,46705e12329fc4b4c97ce5497453f1186ad1fb42fa1260c9d53ab35a6107c131,8
978-10 Time-Sharing,978-10,time-sharing,ae23458db4f2e0a7c241ee18e62f97e8e7b380f2d298ac0ec292889251d4dcec,30
978-10 Time-SharingInterest,978-10,time-sharing-interest,46705e12329fc4b4c97ce5497453f1186ad1fb42fa1260c9d53ab35a6107c131,1
978-10 Time-SharingSpecial-PurposeEntity_SPE_,978-10,time-sharing-special-purpose-entity,6385e28778cfb515cfbe8bf7fb80ef33924c49e651e248d4e918a0abae4bade3,3
978-10 Uncollectibility,978-10,uncollectibility,223a9a4d66d729e11afda58acf8d83d3d9a8d36e509d914bbd7948390609a86b,1
978-10 Upgrade,978-10,upgrade,044eafe56835cf564a9b61177cc980006193135bedd2b7e672c23fb472357569,1
980-10 AllowableCosts,980-10,allowable-costs,920781c460185167550521ce60196a610158fa96c4962d0811fe9398f5b54d22,20
980-10 Phase-inPlan,980-10,phase-in-plan,d1b388602a26f4652fc18dfa1bbd5f16b3b06026c05b7253296dde9f4ad0a18c,9
980-20 RegulatoryAssetsandRegulatoryLiabilities,980-20,regulatory-assets-and-regulatory-liabilities,4f6c063f3427fab05f74d0dc8ba3e891cc1f0adb0694baa99e166d5889477bac,1
980-340 Capitalize,980-340,capitalize,48c6d9782d2a6cd6bab6750844e40726bfa235ffdd6074c1cd9b109c4e06e91d,7
980-340 IncurredCost,980-340,incurred-cost,bfeb5931104b9285c6e9a5cc1adf021e894d0891222b28522d6d89e76096b730,6
980-605 NonutilityGenerators_NUGs_,980-605,nonutility-generators,ac6454173970c5f2cf650b001a71c204d1f23375a2867f7c69faad3180e20463,4
985-20 Coding,985-20,coding,57408b9f0a45af8e085f499e22b5fba9346122509027af1ebc26624dacf3f8a4,1
985-20 CustomerSupport,985-20,customer-support,e897f9bcb1dcf8112eb4076fbffb67895fd8291b925d05e0757545b68e540711,3
985-20 DetailProgramDesign,985-20,detail-program-design,a5e4ba2eed3d8014d918017a0a0c6fbe4f7ce6308a659cba70cae0e66367760c,2
985-20 Maintenance,985-20,maintenance,dd52acdcb93c845a517091b14f0f30242db96a7647839d5bade176b0e0a88713,3
985-20 ProductDesign,985-20,product-design,a6d38d57b63df3ce6bb467960e52efad76e6b53d4c83d7f87ae2ccede11a9033,1
985-20 ProductEnhancement,985-20,product-enhancement,546e2b16fffe9f0657bad6344c6681b10ff6d656c8cf37c9b0b39fe6b3ff1136,2
985-20 ProductMaster,985-20,product-master,9a41295c473585698d75a71bf9d2269c815fb84bef51fd48dcff07de58741a3d,3
985-20 Testing,985-20,testing,4301b8d1f32043ad6da6fbe8312679049d27b14e8d1c12505c7d0ba60f974eb3,2
985-20 WorkingModel,985-20,working-model,d7aad6f32539a15683c6fe37b8f96f1a03f1b6eb9042882ac1a9df14c51d4597,2
985-605 Customer,985-605,customer,07683a84f892977de040c8775e084624cdcf52c77d881526b98431e55994e80e,190
